item_id,abstract,artifacts,intersection,lowpoly,noisy,open,partial,scale,set,simple,quality
0001be62-bf9c-4c15-8a09-dce209be9715,0,1,0,0,0,0,0,0,0,0,0
000ad3b9-75cf-4b8f-9786-de63f9a8ffa8,0,0,0,0,0,0,0,0,0,1,0
0012e069-5caf-44fd-85e4-9a38f6eefd2e,0,0,0,0,0,0,0,0,0,1,0
0024dc8f-a2d7-4556-94dc-6b4b0f46ca0d,1,0,0,1,0,0,0,0,0,0,0
002b097b-4237-4610-952c-6095d48fb7a0,0,0,0,0,0,0,0,0,0,1,0
00345d58-6d89-4bf9-914f-bb797f0130a5,0,0,0,0,0,0,0,0,1,0,0
003f01c8-d5e8-41f7-afdf-12a1bdaa1f83,0,0,0,0,0,1,0,0,0,0,0
003fb77f-53a7-44bd-ac96-25b2cbc47f43,0,0,0,0,1,0,0,0,0,0,0
005699bd-d0bf-4088-8b5f-6ce2bfe7f6a8,0,0,0,1,0,0,0,0,0,0,0
00619608-5415-4c7c-9deb-d87184ce9055,0,0,0,0,1,0,0,0,0,0,0
006351ae-ddd7-4481-a956-e057f12e1862,0,0,0,0,0,0,0,0,1,0,0
0064bdc6-8e3a-4bc8-81e5-d755a4759d63,0,0,0,0,0,1,0,0,0,1,0
0071e389-0a9c-45b1-96a0-acec9d7d584b,1,0,0,0,0,0,0,0,0,0,0
0074bfd6-ccc1-4610-87db-9bffe8a1c0b4,0,0,0,1,0,0,0,0,0,0,0
00799efb-779a-4180-ae4f-bc40adcb5603,0,0,0,0,0,0,0,0,0,0,1
00811de2-8795-43b1-813d-3f5f458a926b,0,0,0,0,1,0,0,0,0,0,0
0082fb0a-8030-4d6e-93ca-9f94d7b429bf,0,0,0,1,1,0,0,0,0,0,0
008468e2-e677-45fc-ac2f-4cf175ce334a,0,0,0,0,1,0,0,0,1,0,0
00882625-c1d0-4c07-aa26-0a97076360ee,0,0,0,0,0,0,0,0,0,0,1
008f348f-b403-4373-a917-74962ba8b1d1,0,0,0,0,1,0,0,0,0,0,0
00926245-61e2-42fc-906b-74a5b4be400c,0,0,0,0,0,0,0,0,0,1,0
00979a9c-fe46-43c3-804c-391f33e0a203,0,0,0,1,0,0,0,0,0,0,0
0097f843-e0d1-4db6-9665-fc581172faf5,0,0,0,0,1,0,0,0,0,0,0
009d5025-bc57-4f6a-b6bf-42c07e10b612,0,0,0,0,0,0,0,0,0,1,0
009e4a71-e189-4c9b-be9f-b9b166bb83c6,1,0,0,0,0,0,0,0,0,0,0
00a2796d-f862-4fe1-846b-c3e0761294a2,0,0,0,0,0,0,0,0,0,1,0
00b7548a-8c67-450c-80a1-1d91d7c2f939,0,0,0,0,0,0,0,0,0,1,0
00bb0c85-b371-4ffd-a98b-012b488eac86,0,0,0,0,0,0,0,0,0,0,1
00bed2a6-8bd3-429a-8190-caed58cf3388,1,0,0,0,0,0,0,0,0,0,0
00cad534-0fca-42fe-a24a-4eda8d0e0fc0,0,0,0,0,0,0,0,0,1,0,0
00d1ed0c-78fc-4104-a984-abfaba5c864f,0,0,0,0,0,0,0,0,0,0,1
00d4f18c-90f1-4cec-aef5-5e79e9443e06,0,0,0,0,0,0,0,0,1,0,0
00e23fdc-934a-4319-a6b1-3bd181294a56,0,0,0,0,0,0,0,0,0,1,0
00e88467-f509-40bf-9cdd-c1a2a27d1a5c,0,0,0,0,0,0,0,0,0,1,0
00e97952-975a-4cd7-b33c-5d6a0f05678f,0,0,0,0,0,0,0,0,0,0,1
00ea7d37-dfc7-4fdc-9101-cab0f4cb3c3e,0,0,0,1,0,0,0,0,0,0,0
00ff0d81-5583-4aec-9e22-ccd929e79804,0,0,0,0,0,0,1,0,1,0,0
0107b463-bbea-493d-a341-c19331e8b093,1,0,0,0,0,0,0,0,0,0,0
010e233c-c9d9-471c-a6ac-ebc1c5bd78a7,0,0,0,0,1,0,0,0,0,0,0
01154d1a-4fae-4c2a-a749-6fd55252d627,0,0,0,0,1,0,0,0,0,0,0
0116c581-a65b-4165-9e04-5f26ad93c934,0,0,0,0,0,0,1,0,0,0,0
0119d416-3c24-4f1a-a39d-cbbe72a0ecc1,1,0,0,1,0,0,0,0,1,0,0
011e3c36-e960-4908-964e-6fc8be49381d,0,0,0,0,0,0,0,0,0,0,1
011e51e3-640a-439e-8254-3a1de0cdb925,0,0,0,1,1,0,0,0,0,0,0
012c8594-7ce3-4991-ae02-0e21a10ea83f,0,0,0,0,0,0,0,0,0,1,0
012e849b-a084-4427-8135-3883263c1a05,0,0,0,0,0,0,0,0,0,0,1
012fd615-aab8-4e37-81bd-4c6af0f41d18,0,0,0,0,0,0,0,0,0,1,0
0130d1d3-e1d7-47cd-88d8-d8c2ed594d74,1,0,0,0,0,0,0,0,0,0,0
01353ea3-fa65-4f7b-bb36-f5e595a8ae58,0,0,0,0,0,0,0,0,0,0,1
013c5c50-529d-4be7-9872-7fea9ab88417,0,0,0,0,0,0,0,0,0,1,0
014159e8-daee-4fc1-a6ae-a6608b696ed5,1,0,0,0,0,0,0,0,0,1,0
0147add4-7fc7-411b-8c83-7fba999fb3ec,0,0,0,0,1,0,0,0,1,0,0
014c5348-ff08-4198-8a07-be17679e76d6,0,0,0,1,0,0,0,0,0,0,0
01510731-d6e2-4cc1-9b5d-6f144e301a39,1,0,0,0,0,0,0,0,0,0,0
015e868f-8459-4cd8-99a3-e4d55a79e581,0,1,0,0,0,0,0,0,0,0,0
016b2acb-6851-4234-84f3-4eae932c5496,0,0,0,0,0,0,0,0,0,0,1
01795852-cbdb-48ab-a8b9-1c39fe05c790,0,0,0,0,1,0,0,0,0,0,0
017c4c1c-e426-4854-b57b-9f19cff79ea8,0,0,0,0,0,0,0,0,0,1,0
017cf68e-78b6-4e7f-b5aa-ce2fe93b52b7,0,0,0,0,1,0,0,0,0,0,0
017f5f8b-f3b4-4fe1-82e3-f071f1c3789f,0,0,0,0,0,1,0,0,0,0,0
0186902e-0d48-40ab-97ad-2a717825c9a7,0,0,0,0,1,0,0,0,0,0,0
0188d4b3-8393-4626-8e90-fc8bef38741f,0,0,0,0,1,0,0,0,0,0,0
018a073a-d8cd-41dc-bbdd-2baeecd4eeb7,0,0,0,0,0,0,0,0,1,0,0
018f14e8-5249-4711-bad8-4f4559d9c0dd,1,0,0,0,0,0,0,0,0,0,0
018fa4b0-1945-4e0c-8539-bd29eca15b55,0,0,0,0,0,0,0,0,0,0,1
019ae6f2-a651-4eb2-9c45-a6e1abf8071d,1,0,0,0,0,0,0,0,0,0,0
01a030f9-7d94-42af-939b-d1a3e4171ef9,0,0,0,0,0,0,0,0,0,0,1
01b0b82b-0c83-4b35-9e28-0330185f4832,0,0,0,0,0,0,0,0,1,0,0
01b328f0-d0ef-4d27-b0a8-3e3c98b4b8cc,0,0,0,0,1,0,0,0,0,0,0
01cd98aa-5e0d-4751-b4ca-d8ba2b364e05,0,0,0,0,0,0,1,0,0,0,0
01e441c1-7348-4b97-b339-b3c61b2a1c11,1,0,0,0,0,0,0,0,0,1,0
01e6eb85-f97c-46e1-8648-daaddd958fe3,0,0,0,0,0,1,1,0,0,1,0
01ea2dd3-6517-484e-8532-da99239c815e,0,0,0,0,0,0,0,0,0,0,1
01f258ad-74be-410f-a8c5-7141ed793915,0,0,0,0,0,0,0,0,0,1,0
01fd4aec-e56b-4930-9794-38acf8e1853a,0,0,0,0,1,0,0,0,0,0,0
02035bb9-689d-4e0c-8661-6917330bd721,0,1,0,0,1,0,0,0,0,0,0
0203ace5-12a5-4ca7-b8c1-461b8bf9fcbd,0,0,0,0,1,0,0,0,0,0,0
02115e45-7e16-4a77-91ee-dd8f55a6b749,0,0,0,0,0,0,0,0,0,1,0
021d5fae-8d22-4d10-b8cb-9cc5ece3f63a,0,0,0,0,0,1,1,1,1,0,0
0234f9b6-ac04-44a7-8ac0-c62104cc88ae,0,0,0,0,1,0,0,0,0,0,0
023808be-07f4-4c58-8193-b04ac05b443e,1,0,0,0,0,0,0,0,0,0,0
023dc1a9-79f8-4228-8240-7e0524355af5,0,0,0,0,0,0,0,0,0,0,1
023dc7e8-59f9-4340-81a2-3cc95bea6e19,0,0,0,0,1,0,0,0,0,1,0
023e45a2-0fd2-4f75-aaa5-185e34b437c0,0,0,0,0,1,0,0,0,0,0,0
0241fe97-a971-41b5-8305-563cf9b6adf3,0,0,0,0,1,0,0,0,0,0,0
0242c848-4d2d-4a4f-8f7f-51707b050bd5,1,0,0,0,0,0,0,0,0,0,0
0252d1ae-e62e-40ec-b0d2-a446724b3071,0,0,0,0,0,1,0,0,0,1,0
02552ae8-6610-4a8b-bfe9-714938c59103,0,0,0,0,0,0,0,0,0,1,0
0258ec2d-407d-42a0-a368-cc83c4f75d5d,0,0,0,0,0,0,0,0,1,0,0
025ce41b-e644-40b6-b4f8-f257e33bcbf9,0,0,0,0,1,0,0,0,0,0,0
026328ab-2e2a-4688-86da-1c4827fbfcc6,0,0,0,0,1,0,0,0,0,0,0
026fef49-f684-4d65-9f4e-1769e551f0ee,0,0,0,0,1,0,0,0,0,0,0
0270a95a-333d-47f2-b56a-618aec18707d,0,0,0,0,0,0,0,0,0,1,0
02714b1c-6ebe-47d7-aa75-756cd63b4b68,0,0,0,0,0,1,0,0,0,0,0
0279fe9e-94ee-4964-b6fd-d54dd3ae90a0,0,0,0,0,0,0,0,0,1,0,0
027f95e4-c225-4042-b992-c7def20cf6c2,0,0,0,0,0,0,0,0,0,1,0
02843e58-f55a-4b76-b9e3-794cbc0a1280,0,0,0,0,1,0,0,0,0,0,0
028c05f6-d507-4529-a147-2310a802f461,0,0,0,0,1,0,0,0,0,0,0
028fc10c-947b-4e8e-ad1e-8fe21793c351,0,0,0,0,1,0,0,0,0,0,0
028fc505-558d-4b19-9966-bb492fd0252a,0,0,0,0,1,0,0,0,0,0,0
0290f239-5ae9-42df-8ca3-8667e519a6c4,0,0,0,0,1,0,0,0,0,0,0
02953967-b031-4aac-8984-b7885377e499,0,1,0,0,0,0,0,0,0,0,0
02a16eb9-8cc1-4973-a0c6-e88eaf2a17f2,0,0,0,0,0,0,0,0,1,0,0
02af5750-52bb-4330-9288-c4fc00faf667,0,0,0,0,1,0,0,0,0,0,0
02beca9d-b4be-4ad7-838a-3e6add5050ef,1,0,0,0,0,0,0,0,0,0,0
02cc1b3d-eb08-43e2-acd3-9de78930c078,0,0,0,0,0,0,0,0,0,1,0
02d5d9bc-63b8-4a24-a959-a5a39eb110af,0,0,0,0,0,0,0,0,1,0,0
02dc776b-201d-4244-9be8-bd2db8840caa,0,0,0,0,1,0,0,0,0,0,0
02df5d2d-90b5-45e9-8d02-b18be654a036,1,0,0,0,0,0,0,0,0,0,0
02e25a19-6d18-4e32-a710-2ff1a8724fb1,0,0,0,1,0,0,0,0,0,0,0
02e56c83-1823-4a45-b005-5a08dccb0a6b,0,0,0,0,1,0,0,0,0,0,0
02e5eaa3-8f73-4564-9999-6a4c41682d05,0,0,0,0,0,1,0,0,0,0,0
02eb93af-ea71-4785-bcac-ee1ded3a640a,0,0,0,0,0,0,0,0,0,1,0
02edc95e-9931-4bd0-bb42-200c7a53f477,0,0,0,0,0,0,0,0,0,1,0
0316764d-43f6-44cd-b945-68a86b7b0d76,0,0,0,0,1,0,0,0,0,0,0
031c5b36-c0aa-4f7c-8dc5-dd343e0dea88,1,0,0,0,0,0,0,0,0,0,0
0328f5ac-e47e-47a9-b259-74be00da7901,0,0,0,0,0,0,0,0,0,0,1
03353393-a2cf-4961-b59c-e61e445360b6,0,0,0,1,0,0,0,0,0,0,0
0358aa49-dd8d-4a82-9f47-9aa333d3a7fd,0,0,0,0,0,1,0,0,0,1,0
0362db56-6155-4dc0-b541-4dc8b476518e,0,0,0,1,0,0,0,0,0,0,0
037063ac-326d-402f-82a2-562670364363,0,0,0,1,0,0,0,0,0,0,0
03779ef5-df04-49b3-91b4-d4b593ca674a,0,0,0,1,0,0,0,0,0,0,0
03785158-8c49-4c43-8dcd-657fec5dfc36,0,0,0,0,1,0,0,0,0,0,0
037aa509-cd32-4f15-95a4-86301ba669cb,0,0,0,0,0,0,0,0,0,1,0
037dc047-d569-4469-999b-cea4f90b1df4,0,0,0,1,0,0,0,0,0,0,0
038adbf3-85ad-4c04-b82f-78847434f8c3,0,0,0,0,0,0,0,0,1,0,0
038b3b96-16b1-485f-bdce-ed9b68280735,0,0,0,1,0,0,0,0,0,1,0
038bfa7d-7659-41f6-a01e-c540dd571106,0,0,0,0,0,0,0,0,0,0,1
039c86af-e72d-48fd-b977-dd3f3a1dc744,1,0,0,0,0,0,0,0,0,0,0
03a00707-3b1c-4f38-b196-a7f2fabefab6,0,0,0,0,0,0,0,0,1,0,0
03a8c270-7ec1-41e9-ae52-bd86fcdb1249,0,0,0,0,1,0,0,0,0,0,0
03adee08-3eb0-4a7a-b709-7a29b83f9aa7,0,0,0,0,0,0,0,0,0,1,0
03b4f314-6c46-4bf4-ac3d-8d199a79bb71,0,0,0,1,0,0,0,0,0,0,0
03bd0c50-86e5-48ed-add0-732cd4c1229d,0,0,0,0,0,0,0,0,0,1,0
03c2adbd-e19d-4a98-a8d4-a1e98fce504f,0,0,0,0,0,0,0,0,0,1,0
03d04cd4-342b-401c-8abf-c5cb949bb6ce,0,1,1,0,0,0,0,1,0,0,0
03d3525f-1f9e-4fd2-83a2-56a086f86e19,0,0,0,0,1,0,0,0,0,0,0
03dc4ed3-b6c8-405a-9223-cee16d8411cf,0,1,0,1,0,0,0,0,0,0,0
03dc6137-981b-4ed6-9479-5eb9476bc435,0,0,0,0,0,0,0,0,0,0,1
03ed98af-9073-4ca5-a033-78c59df25e0e,0,0,0,0,0,0,0,0,0,1,0
040f4842-d6ca-4672-b24c-0df54aaf94bd,0,0,0,0,0,0,0,0,1,0,0
041919ba-7f05-40dc-85e8-34c6d910d0a5,0,0,0,0,0,1,0,0,0,0,0
041a2569-c9da-4cd0-99d9-d693260154b2,0,0,0,0,0,0,0,0,0,0,1
041a332f-fa1a-4eec-8881-a0aa0abf4757,1,0,0,0,0,1,0,0,1,1,0
04202323-1e31-4b0b-9f35-e84570fc0e7e,1,0,0,0,0,0,0,0,0,0,0
0429fc8f-405f-4fa7-bf35-d86807146672,0,0,0,0,0,0,0,0,0,1,0
044e4d74-7c63-470a-b6c1-f6932787cd16,0,0,0,0,1,0,0,0,0,0,0
0463f4f3-dd81-465a-93de-c3868c3b9d3c,1,0,1,1,0,0,0,0,0,0,0
0466296e-700c-42f5-be94-b3b1ff0d3cc3,0,0,0,0,0,0,0,0,0,0,1
046742b4-0493-4505-87e0-0f82f9860195,0,1,0,0,1,0,0,0,0,0,0
047fb465-e1fd-4432-bc36-faf665b6f4dc,0,0,0,1,0,0,0,0,0,0,0
0482e9ee-25aa-4221-80c0-bde14d395dc5,0,0,0,0,0,0,0,0,1,0,0
0492772d-2269-4b8a-a93c-36e4cfe5bae3,0,0,0,0,0,0,0,0,0,0,1
04951837-ffbe-423c-bd7a-5a01c09de5f3,0,0,0,0,0,0,0,0,0,1,0
04995455-a4d6-43ac-a942-339902609601,1,1,0,0,0,1,0,0,0,0,0
049bd00c-3fd7-454a-a23c-a0880b477a0b,1,0,0,0,0,0,0,0,0,0,0
049d897e-82f3-445a-a45f-97f2b18e2d9f,0,1,0,0,0,0,0,0,0,0,0
049e2579-bd19-4232-b268-735b52fef19f,0,0,0,0,0,0,0,0,0,0,1
04a566af-04c4-400a-ae44-9c76e731d82e,0,0,0,1,0,0,1,0,1,0,0
04b6dc9b-14ea-43a0-ba3b-8f6565078dcd,1,0,0,0,0,0,0,0,0,0,0
04c01ffe-390f-4b89-b285-42d826b9803e,0,0,0,0,0,0,0,0,0,1,0
04c5047b-24ed-4683-8458-30279d209c93,0,0,0,0,0,0,0,0,0,1,0
04c82447-7b9f-4010-85ee-5638800ffcf0,0,0,0,0,1,0,0,0,0,0,0
04ca4e49-84bd-4e9a-b2ff-250556f80ff6,0,0,0,1,0,0,0,0,0,0,0
04d2ef23-6d5a-46de-8974-e7f6a35b4403,1,0,0,0,0,0,0,0,0,0,0
04de9a1d-12d2-4061-8bed-14cd40f7cb6a,0,0,0,0,1,0,0,0,0,0,0
04defb74-bdeb-4916-9d3d-af0cebd5db4a,0,0,0,0,1,0,0,0,0,0,0
04eaa108-05d8-41bf-bffd-d23c82b93084,0,0,0,0,0,0,0,0,0,0,1
04fd1fd6-f1e9-47fb-a098-5932ab219f0e,1,0,0,0,0,0,0,0,1,0,0
0503074b-8727-4ab5-a7d3-5d7ca278f5f1,0,0,0,0,1,0,0,0,0,0,0
050a33fa-4e7a-4d5e-96d4-237e129b8d30,0,0,0,0,1,0,0,0,0,0,0
050b3fa4-abc0-4170-ae7f-4882cd9e3f2a,0,0,0,0,0,0,0,0,0,1,0
0512363a-b1d9-4743-a239-2fd8c01b59c1,0,1,0,0,0,0,0,0,0,0,0
051f9f95-16af-4875-9826-105176464ebb,0,0,0,0,0,0,0,0,0,0,1
052e1cbd-d061-4eb3-88e5-e2148b677d76,0,0,0,0,0,0,0,0,1,0,0
052fbb1c-99ea-4120-a1c8-c0b2d873e913,0,0,0,0,0,0,0,1,0,0,0
0534b50b-a6d4-4f66-86e6-b7897c17755e,0,0,0,0,0,0,0,1,0,0,0
053681de-44f3-4d39-988d-5b6c2e3946ad,0,0,0,0,0,0,0,0,0,0,1
053c69ed-b1ae-46ab-92aa-8ba941aa6bef,0,0,0,0,0,0,0,0,0,1,0
053e54ea-7c33-46d4-ad24-ee2fb6a8e7bd,0,0,0,0,0,0,0,0,0,0,1
05406c12-5963-497f-90dd-f431177fb0b3,0,0,0,0,1,0,0,0,0,0,0
05419eb2-d8c6-4236-8d58-788991f5c997,0,0,0,0,0,0,0,0,0,1,0
0542f185-2cd0-4b78-9223-9910918edc76,1,0,0,0,0,0,0,0,0,0,0
05433e0a-3082-4489-9c4f-462733e7f405,0,0,0,0,0,0,0,0,0,0,1
0547b46e-6f8c-4c72-adc8-8594c3bfc3b1,0,0,0,0,0,0,0,0,0,0,1
05514ca3-c233-4722-b060-1233ab5fa48f,0,0,0,0,1,0,0,0,0,0,0
056efee0-4f54-467d-acb7-fc5fc9ef5c2e,0,0,0,0,0,0,0,0,1,0,0
05704971-3f05-49ba-94d6-a0af32513bd9,1,0,0,0,0,0,0,0,0,1,0
0571eb22-c1b5-4c9e-90c6-ac42a7a222ba,0,0,0,1,0,0,0,0,0,0,0
05797f76-59df-4bc0-bd0b-7f7138822a08,0,0,0,0,1,0,0,0,0,0,0
058a0004-65e1-4c36-9051-bcb658ffdf27,0,0,0,0,1,0,0,0,0,0,0
058c735d-6e01-466e-ba5f-750b0dbf4091,0,0,0,0,1,0,0,0,0,0,0
059c771d-79ad-470f-84d1-4aea22ceea54,0,0,0,1,0,0,0,0,0,0,0
05b06276-054e-447f-b88a-0ee7966dbef5,0,0,0,1,0,0,0,0,0,0,0
05b772dc-6dfa-4f0d-a0f4-bc5baf027a0d,0,0,0,0,0,0,0,0,1,0,0
05beb22d-fa5b-49c5-bc15-7fbf01e79b66,0,0,0,0,0,0,0,0,1,0,0
05c2a73d-1d3a-4455-aceb-a0ab7309d7e5,0,0,0,0,0,0,0,0,1,0,0
05cda9ff-8c97-4b11-97aa-387fcfb1f61b,0,0,0,0,0,0,0,0,0,0,1
05cfecfe-a1fa-4c46-8780-54b406018c15,0,0,0,0,0,0,0,0,0,0,1
05e0d3bf-4f9a-4bb7-970a-5042a53f309a,0,0,0,0,0,0,0,0,0,0,1
05e9fa7e-b021-4920-ad58-b696e397ac58,0,0,0,0,1,0,0,0,0,0,0
05eac92e-9963-446f-8df8-5f6bba49cdab,0,0,0,0,0,0,0,0,1,1,0
05ec30f6-01bd-43f5-a699-ff296b739996,0,0,0,0,0,0,0,0,1,0,0
05f8f0b3-4883-414f-a002-2b77d41885e8,0,0,0,0,0,0,0,0,0,0,1
05ff717c-4744-47c5-b46d-1f4ea8f452b5,0,0,0,0,0,0,0,0,0,1,0
06056613-470a-49fe-99af-469a422afc73,0,0,0,0,0,1,0,0,0,0,0
060814ef-21b4-4edd-9f15-a0cb6b0754be,0,0,0,0,0,1,0,0,0,0,0
0609fbcd-10cb-4d1f-8bf6-b01e8e1644b6,0,0,0,1,0,0,0,0,0,0,0
0629512f-57ec-42bf-ab37-b7e6495e337e,0,0,0,0,0,0,0,0,0,1,0
062ea5e9-2ef9-417a-af25-7fb888da7e65,0,0,0,0,1,0,0,0,0,0,0
063999ea-6b89-495e-aa3a-fb22116fb22a,0,0,0,0,0,0,0,0,0,0,1
0639f733-378a-489b-9000-575586e9e9ab,0,0,0,0,0,0,0,0,0,1,0
063d4a74-badf-4435-b89c-9880e94cb833,0,0,0,0,0,0,0,0,1,0,0
064464af-002d-4fcd-a9d0-2b417f89cffc,0,0,0,0,0,1,1,0,0,1,0
06520911-0888-4c2d-ac62-eead59dd5535,0,0,0,0,1,0,0,0,0,0,0
0654bf16-51ac-4be7-ac1b-6bf66613e120,0,0,0,1,0,0,0,0,0,0,0
06814f15-d2d7-4859-b708-80239be8cf2f,1,0,0,0,0,0,0,0,0,0,0
068a102a-1fd5-48bc-82ab-aaf6e582519d,0,0,0,0,0,0,0,0,0,1,0
0696c57e-cdf0-4af9-9b5d-32a51a148181,0,0,0,1,0,0,0,0,0,0,0
06994353-a5d1-4e57-b5a1-86b23da8b717,0,0,0,0,0,0,0,0,0,0,1
06a1f3cf-2270-4106-a35d-864c8c120f00,0,0,0,0,1,0,0,0,0,0,0
06abbd55-fee8-4e12-b63d-352004a3a5c5,0,0,0,0,1,0,0,0,0,0,0
06adfe53-96dd-47aa-a7c2-7ae0d344ecf6,0,0,0,0,1,0,0,0,0,0,0
06ae3eef-f187-43d1-bcd0-650f1247ef6e,0,0,0,0,1,0,0,0,0,0,0
06b0988a-a860-4d72-80b6-3a80b2968aa8,0,0,0,0,1,0,0,0,0,0,0
06b3df63-a0da-4911-aa4a-13e822e2d205,0,0,0,0,0,0,0,0,0,1,0
06b5d46e-4dac-4629-8afe-b61c1023825a,0,0,0,0,1,0,0,0,0,0,0
06b6568c-3652-462a-b64c-2c3628cd33e1,0,0,0,0,0,0,0,0,0,0,1
06b65a92-656d-4348-84e0-b8c7921c308c,0,0,0,0,0,0,0,0,0,0,1
06b8daed-72bd-465d-aa44-0aa34ed5f351,1,0,0,0,0,0,0,0,0,0,0
06e8a61a-713d-4872-9757-149b4c335052,0,0,0,0,1,0,0,0,0,0,0
06f1e5a3-e986-4644-8f80-9ac7933bf5d8,0,0,0,0,0,0,0,0,1,0,0
06f86fa7-945a-4133-9998-70e093c90e20,1,0,0,0,0,0,0,0,0,0,0
06f9cd53-93ee-4221-a1f1-4a5b11234d5f,1,0,0,0,0,0,0,0,0,0,0
07077603-ef3c-47a5-a1df-7b16c4896b1f,0,0,0,0,0,0,0,0,0,1,0
0719a9cd-45f7-439f-ac3f-d66294c27d98,1,0,0,0,0,0,0,0,0,0,0
072cc0da-35e3-4b64-a625-9c0e54e75c8a,0,0,0,1,0,0,0,0,1,0,0
0731dbf3-5c56-47cc-964f-1af394d7a1b8,0,0,0,0,0,0,0,0,0,0,1
074468f9-54cb-4f47-99b1-79f214024544,0,0,0,0,0,0,0,0,1,0,0
07494198-8dda-4113-ab7f-d8c57cb7d262,0,0,0,0,0,0,0,0,0,0,1
0763f63b-5ebe-4bab-b9a5-ed758e242ab1,0,0,0,0,0,0,0,0,0,0,1
0767dd3b-8310-41b3-95e7-10ea9186c1bd,1,0,0,0,0,0,0,0,0,0,0
0772422c-2f62-4ef6-86c1-6e9c42943e91,0,0,0,1,0,0,0,0,0,0,0
07776ffc-7681-4b50-8928-e924bcbdaf2a,0,0,0,0,0,0,0,0,0,0,1
07803918-193c-448f-9df0-569501223289,0,1,0,1,0,1,0,0,0,1,0
07866ae4-7a01-4705-b494-0337dc11ff64,0,0,0,1,0,0,0,0,0,0,0
079a24eb-a15c-4446-a625-a57d7b93f1a0,0,0,0,1,0,0,0,0,0,0,0
07c1e5b3-5854-4dd3-add4-8fd77b90bed7,0,0,0,0,0,1,0,0,0,1,0
07c36c90-c4cd-404d-b604-d7bf4ee223f1,0,0,0,0,1,0,0,0,0,0,0
07c9a898-0da7-45d0-9ac7-25c325caf937,0,0,0,1,0,0,0,0,0,0,0
07d10896-d82c-4d28-a1ea-46c32e8a9406,0,0,0,0,1,0,0,0,0,0,0
07d9af46-aba0-49fe-8079-b30de8610758,0,0,0,0,1,0,0,0,0,0,0
07e02692-8258-4be6-86c5-8bbc525e0f94,0,0,0,0,0,0,0,0,0,1,0
07e04253-2eaf-42c6-b2b1-6868f8c2828c,0,0,0,1,0,0,0,0,0,0,0
07e28be5-ccfb-43aa-aa31-73ddfe2b3771,0,0,0,0,0,0,0,0,0,1,0
07f1c6db-5e1b-4ed1-a135-17005736576e,0,0,0,0,0,0,0,0,0,0,1
07fd52c7-695a-4c14-ad9c-fbbde13db795,0,0,0,0,1,0,0,0,0,0,0
080bad3e-4c2e-47cb-b503-04e108eb7cf3,0,0,0,0,0,0,0,0,0,0,1
081bb96f-d0ed-4371-8ad4-a8a64ff1fd6a,0,0,0,0,0,0,0,0,0,1,0
081cb8df-ac1c-4136-a7d9-59fd0d2ea08f,0,0,0,1,0,0,0,0,0,0,0
081fa1b7-2ca9-4552-91e8-2c4f3ecf854c,0,0,0,0,0,0,0,0,0,1,0
08354473-d157-426d-9331-387f19710a11,0,0,0,0,1,0,0,0,0,0,0
083efc4d-b6ed-4afa-a48d-198fa207daf8,0,0,0,0,0,1,0,0,0,0,0
08415b5b-9f66-4124-946e-f25ee3235012,0,0,0,1,0,0,0,0,0,0,0
0842a846-478c-43d3-8bd2-553ffb6ed101,1,0,0,0,0,0,0,0,0,0,0
084d04c1-754c-43eb-bb40-c0ee9c8ba049,0,0,0,0,1,0,0,0,0,0,0
08579580-6654-4311-ad26-4cb58e714afa,0,0,0,0,0,0,0,0,0,1,0
085b24e5-b996-48b7-9718-382690baa916,0,0,0,0,1,0,0,0,0,0,0
085d63ac-7bd5-45a6-b931-7cd33107a5d2,0,0,0,0,0,0,0,0,1,0,0
085f7dbd-2c2c-4898-9fc9-22f084ea0c4e,0,0,0,0,0,0,0,0,0,1,0
0866797e-7279-4322-85cf-a041c43fb63f,0,0,0,0,0,0,0,0,0,1,0
08689b73-17bd-4ccd-bf36-6a9a905d3a94,0,0,0,0,0,0,0,0,0,0,1
087189b2-29b8-4393-a79d-be49d359ef2e,0,0,0,0,0,0,0,0,0,0,1
0875d9f9-da22-42f6-b72e-35d5082d144d,0,0,0,0,1,0,0,0,0,0,0
08803030-4b01-43b9-be10-f8804c9e3dd6,0,0,0,0,0,0,0,0,0,1,0
088076d9-720e-4451-8cdd-fe6ea0db96ec,1,0,0,0,0,0,0,0,0,0,0
0887b284-1511-48fb-9780-497eb2e2457e,0,0,0,0,0,0,0,0,0,1,0
088afa0e-3897-4c5f-acfb-1bac0e452955,0,0,0,0,0,0,0,0,0,0,1
088c01dc-69c4-4b79-9a7c-7c46a28a7601,0,0,0,0,1,0,0,0,0,0,0
088cc7ea-6b6b-47e3-9e2b-049c42958c0f,0,0,0,0,1,0,0,0,0,0,0
08943580-cae9-4ef7-b1ba-2bd6a371971e,0,0,0,0,1,0,0,0,0,0,0
089a42de-8482-4154-ad13-fb4338a600ac,0,0,0,0,0,0,0,0,0,0,1
08a1bc1d-9d2c-41d8-8fa2-bff67ddeb6af,0,0,0,0,0,0,0,0,0,1,0
08b42478-feb4-4859-8042-659f28542797,1,0,0,1,0,0,0,0,0,0,0
08b58c9d-01e9-4a58-95a7-e06d07dd62f9,0,0,0,0,0,0,0,0,0,1,0
08b88799-3868-4ef5-8361-32cae6342eb1,0,0,0,0,1,0,0,0,0,0,0
08c031e1-c5ca-444a-afd9-d7295ce964a4,0,0,0,0,1,0,0,0,0,0,0
08c26ac5-a230-40a6-9cd4-82dc58981474,0,0,0,0,0,0,0,0,0,1,0
08d5a75c-a100-4da5-9d49-28c43c3d7aab,0,0,0,0,0,0,0,0,0,1,0
08d787f9-3e42-44e8-933d-f346f59e4a93,1,0,0,1,0,0,0,0,0,0,0
08e4507b-3421-43fc-a122-ef05875d73d1,0,0,0,0,0,0,0,0,1,0,0
08e869e0-b8c5-4fbb-93d7-7b0ba8ceee9f,0,0,0,0,1,0,0,0,0,0,0
08ef80e9-e834-4ce2-aecc-7642cc6963e7,1,0,0,0,0,0,0,0,0,0,0
08fe2f59-5568-4d52-b3c9-2ae577cb6283,1,0,0,0,0,0,0,0,0,0,0
09028ac9-f17d-4bf7-bc40-e9239069f553,0,0,0,1,0,0,0,0,0,0,0
091989d7-44df-4844-b259-6b275f5ff55a,0,0,0,0,1,0,0,0,0,0,0
0926e001-0e92-4cd2-b7a9-4ee452fc4b7a,0,0,0,0,0,0,0,0,0,1,0
092903d4-5941-4b16-9eae-36dd7abda490,0,0,0,0,0,0,0,0,0,0,1
093ac16b-4265-43cb-9775-91f17c68439e,0,0,0,1,0,0,0,0,0,0,0
094c3b06-d555-4a16-8e3d-bad1e42a5e2a,0,0,0,1,0,0,0,0,0,0,0
095c828a-1f54-47db-b95a-87f384466ea8,1,0,0,0,0,0,0,0,0,1,0
095e0281-77bd-4c63-b510-fc122560202b,0,0,0,0,0,0,0,0,0,0,1
096ac4a8-f6a0-47fb-8e58-113b2107dbcc,1,0,0,0,0,0,0,0,0,0,0
096c5158-572a-4dda-b80c-6c34077d2e33,1,0,0,0,0,0,0,0,0,0,0
096c5ac9-e2c7-4133-96c9-d608c077a96b,0,0,0,0,0,0,0,0,0,0,1
096c909b-f424-489e-9e0f-44a69c367d10,0,0,0,0,1,0,0,0,0,0,0
0977693c-a176-4240-96a7-fb39de741261,1,0,0,0,0,0,0,0,0,0,0
097bc2de-e09b-43ea-9412-d2b4ca5de3cf,1,0,0,0,0,0,0,0,0,0,0
097d0933-fe33-4536-aacf-c271d3f3e2ad,0,0,0,0,0,0,0,0,1,0,0
098185b7-ee83-4307-9cfb-d4a906fe9a6c,0,0,0,0,0,0,1,0,0,1,0
098cb91f-017c-4da3-b384-541412a964e3,1,0,0,0,0,0,0,0,0,1,0
09941383-92ed-4465-ba3b-40bc6e8d0b47,0,0,0,1,0,0,0,0,0,0,0
099b4601-767f-4ef5-bcee-4dfd7af2c193,0,0,0,0,1,0,0,0,0,0,0
099e272e-f4de-4a48-b9f9-5f4b2861b98f,0,0,0,0,1,0,0,0,0,0,0
09a14642-ef42-4e6a-8fae-295574b91c69,1,0,0,0,0,1,0,0,0,1,0
09a17ff1-9d46-4892-832f-c3410a7e2c56,0,0,0,0,1,0,0,0,0,0,0
09a544be-c012-4afe-b0b4-a9e740b37002,0,0,0,0,1,0,0,0,0,0,0
09a82b9d-111d-4e2f-b404-126c43b5fb49,0,0,0,1,0,0,0,0,1,0,0
09aa7a07-efa8-453d-b836-b2099b4bd853,0,0,0,0,0,1,0,0,0,1,0
09b112e0-7eef-4bf1-bf47-5531d185f67c,0,0,0,0,1,0,0,0,0,0,0
09b64c89-2fae-40dc-a4ac-9f99ad763511,0,0,0,0,1,0,0,0,0,0,0
09cbc853-6eb6-416b-8fb5-bb82995a1150,0,0,0,0,1,0,0,0,0,0,0
09cfd113-37a4-4d76-9b63-a3edf8491eb0,1,0,0,0,0,0,0,0,1,0,0
09d2c359-dcd0-45b7-8357-fa195f05f54f,0,0,0,0,0,0,0,0,1,0,0
09db36c1-c421-4de2-b673-2aedec38817c,0,0,0,1,0,0,0,0,0,0,0
09dd5614-6e63-4be5-806f-45a3d3b3146d,0,0,0,1,0,0,0,0,0,0,0
09f1131e-2f73-4152-b978-4c16941bad69,0,0,0,1,0,0,0,0,0,0,0
09f13d31-6d39-48b4-82d5-1dee0b903f94,0,0,0,0,0,0,0,0,0,0,1
09f6fd4c-21dc-4688-a12f-0f21e894ed48,0,0,0,0,0,0,0,0,0,1,0
09f81608-50f7-47d3-9add-7428abcb5cef,1,0,0,0,0,0,0,0,0,0,0
09fa338e-df12-4e80-a627-ef989db0b612,0,0,0,0,1,0,0,0,0,0,0
0a088b7d-3454-4d61-87a2-0f80da115927,1,0,0,0,1,0,0,0,1,0,0
0a0dd571-2711-4810-bcbc-07663876f57d,0,0,0,0,0,1,0,0,0,1,0
0a0e4959-b582-4bbb-8946-15762550633d,0,0,0,1,0,0,0,0,0,1,0
0a293739-362d-4590-ac58-3cf66de25184,0,0,0,0,0,0,0,0,1,0,0
0a295cfe-1415-4b19-803a-9076233b03f1,0,0,0,0,1,0,0,0,0,0,0
0a2cc50d-5308-4664-a4c6-5195c80baada,0,0,0,0,1,0,0,0,0,0,0
0a2e7d67-5919-48e5-8063-8b8245f0217a,0,0,0,0,1,0,0,0,0,0,0
0a3911d5-cc46-48cd-b448-9f75808e6b19,0,0,0,0,0,0,0,0,0,0,1
0a49a90e-d54e-4f58-80a5-e456c3683cb3,0,0,1,0,0,0,0,0,0,0,0
0a4d7662-9491-4ffe-ac46-f15190b1793b,0,0,0,1,0,0,0,0,0,0,0
0a5268fd-d792-480e-b67c-395a8f39bb98,0,0,0,0,1,0,0,0,0,0,0
0a63e0fb-1c55-4929-a715-919fa42bc903,0,0,0,1,0,0,0,0,0,0,0
0a702126-74f1-483c-ab64-d548c84e1336,0,0,0,0,1,0,0,0,0,0,0
0a730bee-773a-472d-9246-0be1c24a87dd,0,0,0,0,1,0,0,0,0,0,0
0a7988e6-da20-45d1-b830-17bd96f38eb5,0,0,0,0,0,0,0,0,0,1,0
0a88a483-cd95-4fa7-ad1e-3e1e077f9e47,0,0,0,0,1,0,0,0,0,0,0
0a8db7c0-1f87-44f7-bcc4-d2906f44f6e7,0,0,0,0,0,0,0,0,0,1,0
0a943724-e2b8-4a7d-a51c-ee3b90c1b8be,0,0,0,0,0,1,0,0,0,0,0
0a9d12b2-b275-4b72-9a90-9c8acd5bc98a,0,0,0,0,1,0,0,0,0,0,0
0aa11ed7-035b-4bdc-baef-aa6e1842aa6f,0,0,0,0,0,0,0,0,0,0,1
0aa1c1fd-5804-45c4-9140-2d19f4976863,0,0,0,1,0,0,0,0,0,0,0
0aa819ab-8019-4b65-89fa-638ad59849e0,0,0,0,0,1,0,0,0,0,0,0
0ab4b484-fbb6-42da-b9ba-81c8e185ff5b,0,0,0,0,0,0,0,0,0,0,1
0ab808fa-4766-4780-acea-ab44e77e6c69,0,0,0,0,1,0,0,0,0,0,0
0abd063b-7124-48ae-a1d1-c7d5f132196c,1,0,0,0,0,0,0,0,0,1,0
0ac6c0a1-5309-430d-86d7-21bc310a6d3d,0,0,0,1,0,0,0,0,0,0,0
0ac6de64-0fcf-4cf0-bcb3-f5f0237fe78d,0,0,0,0,1,0,0,0,0,0,0
0acf31c9-67ca-4bfe-8fe2-4dc89ab6ac8d,0,0,0,0,0,0,0,0,0,1,0
0ad0c8b4-2447-40a6-9660-49f62fb34591,0,0,0,0,1,0,1,0,0,0,0
0aded9e4-8730-45f7-8e04-8857d9c27738,0,1,0,0,1,0,0,0,0,0,0
0af28aab-0246-4b32-9467-f9ba033a16ca,1,0,0,0,0,0,0,0,0,0,0
0afb3570-e16c-4e15-a782-96ee32de29dd,0,0,0,0,1,0,0,0,0,0,0
0b03538a-f288-4a4d-bdf9-57a3a42b936b,0,0,0,0,1,0,0,0,0,1,0
0b048f69-0b7e-4d6b-90d3-452f41513024,0,0,0,0,1,0,0,0,0,0,0
0b04c21f-9580-46d5-b5db-967535276542,0,1,0,0,1,0,0,0,0,1,0
0b0516f9-8595-45b4-810a-35cb020bb0da,0,0,0,0,1,0,0,0,0,0,0
0b06dfbb-4901-4708-b95c-52492b22198b,0,0,0,0,0,0,0,0,0,0,1
0b0b03b7-728c-47c3-b44e-9a797bb426ee,0,1,0,1,0,0,0,0,0,0,0
0b0e65bb-c69f-4c23-8c52-ca821fa898d5,1,0,0,0,0,0,0,0,0,0,0
0b1557b2-7507-4b5a-9ddf-4a2a87b37736,0,0,0,0,1,0,0,0,0,0,0
0b157ae4-bf13-4b8c-99ca-0dbeb997dd6f,1,0,0,0,0,0,0,0,0,0,0
0b203784-8531-4842-bfd6-cf0a6afa7dea,0,0,0,0,0,0,0,0,0,0,1
0b317179-ca07-4259-9476-e291267da6bf,0,0,0,0,1,0,0,0,0,0,0
0b332a9d-4412-44cd-9883-459ab4986b1c,0,0,0,0,0,0,0,0,0,1,0
0b3386e1-8836-4f65-b029-67f219310636,0,0,0,0,0,0,1,0,0,0,0
0b3c9dd1-6ba1-4b9d-b681-24d965c4c35c,0,0,0,0,0,0,0,0,1,0,0
0b3f9014-aec1-4859-ac2c-9ec0e9b11780,1,0,0,0,0,0,0,0,0,0,0
0b46c06f-880a-4ed7-b0f4-f4864cad5c1f,0,0,0,0,1,0,0,0,0,0,0
0b49c232-12ba-4a4f-b95c-0be13422963c,1,0,0,0,0,0,0,0,0,0,0
0b49d33d-abc0-4186-b301-6a997edc14c3,0,0,0,0,1,0,0,0,0,0,0
0b4f392d-8856-497a-8f90-b19c846ff562,0,0,0,0,1,0,0,0,0,0,0
0b4f4ec4-1cea-4df1-9625-c7af2b3ba2f7,0,0,0,1,0,0,0,0,0,0,0
0b57aa6e-3c9b-4b32-8065-784db46aa7e0,0,0,0,0,0,0,0,0,0,0,1
0b587b53-b61b-46dc-a953-cd2d1ce80c90,0,0,0,0,0,0,0,0,0,1,0
0b5f28fc-a4a9-4256-b72f-a579d0509cc2,0,0,0,0,0,0,0,0,0,0,1
0b609079-e9db-410d-9f57-767e899448f0,0,0,0,0,0,0,0,0,0,0,1
0b651617-8f34-4239-a7c6-c2a4c45b6410,0,0,0,0,1,0,0,0,0,0,0
0b6e0364-5a24-4b5e-8266-d19627043668,0,0,0,0,1,0,0,0,0,0,0
0b6f81c1-08b1-43f2-a9e1-49b1ade19eb7,0,0,0,0,0,0,0,0,0,1,0
0b79a1bb-1623-42fa-8189-ffc7a05142c7,0,0,0,0,1,0,0,0,0,0,0
0b79cfd2-3a89-45b7-8f28-a6ba028e8185,0,1,0,0,0,0,0,0,0,1,0
0b810b6e-2dbe-4281-baa3-7b380fb3a207,0,0,0,0,0,0,0,0,0,1,0
0b81c51e-4486-4415-a1d7-8e75d6f22dbb,0,0,0,0,0,0,0,0,0,1,0
0b861692-478f-4089-853d-202196def1f0,0,0,0,0,1,0,0,0,0,1,0
0b88a093-3589-475e-8e57-9678fead5bcf,0,0,0,0,1,0,0,0,0,0,0
0b88c65d-6992-48ea-8049-8f7fbc63aab7,0,1,0,1,1,0,0,0,0,1,0
0bad3890-5fa6-4351-97ee-94fc9cf082d8,0,0,0,0,1,0,0,0,0,0,0
0bb90217-75bf-4406-807a-51569a6cd3c6,0,0,0,0,1,0,0,0,0,0,0
0bbbcdfb-d373-4ac5-9779-f283ed6c04f6,0,0,0,0,0,0,0,0,0,0,1
0bbc23b0-e6d4-4336-9d9f-4da0374473a2,0,0,0,0,1,0,0,0,0,0,0
0bbcc1e2-a4a5-4d92-9686-419e40cac2da,0,0,0,0,0,0,0,0,0,0,1
0bbdf249-d973-4f30-8312-74b869d7617e,1,0,0,0,0,0,0,0,0,0,0
0bc240eb-2c0a-40ca-acf4-b5322a11d698,0,0,0,0,0,0,1,0,0,1,0
0bc5872b-f7e4-47ef-b1b3-bf83837e63d5,0,0,0,0,1,0,0,0,0,0,0
0bc8dec6-3e69-4ef5-891a-030fdd7b39c1,0,0,0,0,0,0,0,0,0,1,0
0bcafcc1-09a1-4646-bbf3-e05dfb22199b,0,0,0,0,0,0,0,0,0,0,1
0bd5a197-1e38-4f54-98a8-d30b14eb67ed,1,1,0,0,1,0,0,0,0,0,0
0bd82fe8-06ad-43c8-9b84-0d540707941d,0,0,0,1,0,0,0,0,0,0,0
0bda6c20-d76b-43b3-bcbb-dee83f924ba6,1,0,0,0,0,0,0,0,0,0,0
0bdade13-e5ba-4966-abbf-3618878e971a,0,0,0,0,1,0,0,0,0,0,0
0be66ed3-10d3-4817-98df-969395c00608,0,0,0,0,0,0,0,0,0,0,1
0bf602b9-5a34-44fe-9cc7-c4ef287447fa,0,0,0,0,1,0,0,0,0,0,0
0bf84734-3ffb-4579-92a0-6c10ca81ca99,0,0,0,0,1,0,0,0,0,0,0
0bfa716e-9dd5-44b4-8f66-96c7146520c3,0,0,0,0,0,0,0,0,0,0,1
0c02847c-39d4-48d0-abda-58ef8b0c14b4,0,0,0,0,1,0,0,0,0,0,0
0c0faf6c-4774-429c-8c5d-7f224d52fd15,0,0,0,0,0,0,0,0,0,1,0
0c1f3286-85ba-4982-8d4a-4dfced15f0c0,0,0,0,0,0,0,0,0,0,1,0
0c22fee4-7244-47de-9c2c-33e5d7a5f998,0,0,0,0,0,0,0,0,0,1,0
0c286b6a-ac10-4de7-8a5d-9bcdc5cd8eae,0,0,0,0,0,0,0,0,1,0,0
0c29decc-355d-4f7c-b901-52c90f8a7bc8,0,0,0,0,0,1,0,0,0,0,0
0c2b6813-1a7c-46ff-a8e6-899ba14af0e2,0,0,0,0,0,0,0,0,0,1,0
0c43ae09-82fe-4f4e-9032-f27e76c6222b,1,0,0,0,0,0,0,0,0,0,0
0c549181-a683-4616-90f4-7b076f2857ac,0,0,0,0,0,0,0,0,1,0,0
0c5b7806-a079-43ee-a281-23ed774b7699,0,0,0,0,1,0,0,0,0,0,0
0c604c60-08d8-45fc-a50d-7dde1f9c670d,0,0,0,0,0,0,0,0,1,0,0
0c6220ed-2481-4ad7-a31d-fbc4e2d826bd,0,0,0,0,0,1,1,1,1,1,0
0c88eafc-97d1-4d7f-b1d5-6468a5b101c5,0,0,0,0,0,0,0,0,0,0,1
0c8f8960-79ca-4e9c-8119-fbee416ccdec,1,0,0,0,0,0,0,0,0,0,0
0c977634-ec75-464b-98d5-1b5fc99db395,0,0,0,0,1,0,0,0,0,0,0
0c9a9ada-13f5-42ed-9b43-573dedf09520,0,0,0,0,0,0,0,0,0,0,1
0c9c07f7-f134-4cd8-87c4-ff9a37327c39,0,0,0,0,1,0,0,0,1,1,0
0ca27ad0-a870-4c63-9d0b-a272f3f1ec80,0,0,0,0,0,0,0,0,1,0,0
0ca2cf23-aa91-44e3-8746-9048e760e0b5,1,0,0,0,0,0,0,0,1,0,0
0cae68d7-9dbd-4a82-bb1b-0c2ab02d6e93,0,0,0,0,0,0,0,0,0,1,0
0caebf61-3bd9-430f-9f63-2df9bf3c5b4d,0,0,0,0,1,0,0,0,0,0,0
0cb02043-e936-417b-9250-27d8bb192ae4,0,0,0,0,1,0,0,0,0,0,0
0cb0a1ae-0e35-4b53-9cd8-80338892fa00,0,0,0,0,0,0,0,0,0,0,1
0cc2cb35-f1aa-4f83-95ca-72d9efb56f6b,0,0,0,0,0,0,1,0,0,0,0
0cc736fd-af66-4104-9f2e-753dfa50650c,0,0,0,0,0,0,0,0,0,1,0
0cd6f79a-0604-4f0b-ac07-1743e688170c,0,0,0,0,1,0,1,0,0,0,0
0cd78903-efd9-4791-8d5b-216ca9e2d176,0,0,0,0,0,0,0,0,0,0,1
0ceace7c-ebad-4125-9e75-d300f674f0b3,0,0,0,0,1,0,0,0,0,0,0
0ceda016-b172-48db-8bca-0c1c22e1fc44,0,0,0,0,0,0,0,0,0,0,1
0cf44d43-8d54-46a6-aa5f-39ced0d3ca67,0,0,0,0,0,1,0,0,0,1,0
0d1c68b0-0433-4fa5-85e3-2393310d7ae1,0,0,0,0,0,0,0,0,1,0,0
0d23fc71-db9e-4844-aa5f-e9b75aceed89,0,0,0,1,0,0,0,0,0,0,0
0d35113d-cea7-4bf9-862c-f326593b27b0,0,0,0,1,0,0,0,0,0,0,0
0d4b10d2-9904-4e24-a518-9155550b7a10,0,0,0,0,1,0,0,0,0,0,0
0d51ed30-4c00-4676-94d8-0d9cf6a5dfcf,1,0,0,0,0,1,0,0,0,1,0
0d5753db-466c-45e0-83d4-88030d0f14e3,0,0,0,0,0,0,1,0,0,0,0
0d6374a6-c691-4b8e-bd02-9c92143cc5a9,0,0,0,1,0,0,0,0,0,0,0
0d6fa1b2-f2cf-482b-8890-937deb7c9e9e,0,0,0,0,0,0,0,0,0,0,1
0d74a3d7-9b1f-404b-af8c-062a91a7c2ac,0,0,0,0,1,0,0,0,0,0,0
0d8286ae-d882-4419-9692-126de4cbdbda,0,0,0,0,1,0,0,0,0,0,0
0d932fe2-52ef-4bd7-a363-a46891ea4617,1,0,0,0,0,0,0,0,0,0,0
0d98e2d4-3891-42db-aab2-5689e564e0cf,0,0,0,0,0,0,0,0,0,0,1
0d9b4cce-22f9-4b2d-8f10-7c62eb67c982,0,0,0,0,1,0,0,0,0,0,0
0d9e8642-4d03-46df-9389-795363d38db7,1,0,0,0,0,0,0,0,0,0,0
0da04199-3ddb-4b33-9ac8-1f90ae802dc1,0,0,0,0,0,0,0,0,0,1,0
0db21398-081a-4ccb-8482-7df7628d80fa,0,0,0,0,0,0,0,0,0,1,0
0db4e762-04c9-44c7-bee8-a0cb87c73d57,0,0,0,0,0,0,0,0,0,0,1
0dcd5ca8-4ed8-4c78-aed7-ea91690b02f1,0,0,0,1,0,0,0,0,0,0,0
0de10959-4c66-496a-9c2d-26d6f1a81a82,0,0,0,0,0,0,0,0,0,0,1
0decde4a-7eba-4b18-817a-05102d622d69,0,0,0,0,0,0,0,0,0,1,0
0df19f4d-1234-47b1-9896-147950b50e1b,0,0,0,0,0,0,0,0,0,1,0
0df53511-7b91-4bcc-ad5e-f394e636e879,0,0,0,0,0,0,0,0,1,0,0
0df96589-a4e6-442b-9865-7d80678a7992,0,1,0,1,0,0,0,0,0,0,0
0df9ce76-af34-45ab-a925-510daccfb8b1,0,0,0,0,0,1,0,0,0,0,0
0e0441f0-0199-4351-9084-d40fe108f0be,0,0,0,0,0,0,0,0,0,0,1
0e0867b8-45fd-4e90-aa5b-b79941a82067,0,0,0,0,0,0,0,0,0,1,0
0e0d9637-8bcd-45d5-a89f-9af3b67424b3,0,0,0,0,0,0,0,0,0,0,1
0e11f112-23e2-4ae0-8729-4e0914bf8f2b,0,0,0,0,1,0,0,0,0,0,0
0e149efc-8778-416f-80a3-d73e06f0e6b8,0,0,0,0,0,0,0,0,1,0,0
0e2343d1-37cf-4e38-a2da-b913cdaa7624,1,0,0,0,0,1,0,1,0,0,0
0e373633-f935-4b17-85ac-7dfaeaaa6028,1,0,0,0,0,0,0,0,0,0,0
0e457748-5d69-4442-ad77-d092abcf9898,0,0,0,0,0,0,0,0,0,1,0
0e4b1906-7639-458a-8eca-89d1366d6d36,0,0,0,0,0,0,0,0,0,1,0
0e67b9a8-5626-46e3-bc0c-e3892314fd69,0,0,0,0,0,0,0,0,0,0,1
0e6c1db8-7138-47d3-bb41-7621aa51e34f,0,0,0,0,1,0,0,0,0,0,0
0e6cd23b-f41f-4d8e-97da-8b2d0c09517c,1,0,0,0,0,0,0,0,0,0,0
0e94ef03-66d6-4f4e-9168-e27c75d67cea,0,0,0,0,0,0,0,0,0,0,1
0ea2e3c3-625e-4372-b52b-fc715633ecc7,0,0,0,0,0,1,0,0,0,1,0
0ea372bb-2366-41f5-bc45-596eb8fc6a46,1,0,0,0,0,0,0,0,0,0,0
0eb869ea-1ec0-4d52-ae83-53706356ba44,0,0,0,0,0,0,0,0,0,1,0
0ec333e6-caa0-43b8-ac16-99b10d202993,1,0,0,0,0,0,0,0,0,0,0
0ec57618-d610-4b34-943f-b186055716b2,0,0,0,0,0,0,0,0,0,0,1
0ed041a1-c34a-4b2f-8078-6a208c062e0c,0,0,0,0,1,0,0,0,0,0,0
0edbf42b-1efb-47a9-9fe6-5ae822507d3d,0,0,0,0,0,0,0,0,0,0,1
0edc57f1-1ead-485a-805a-a20af489a0fd,0,0,0,0,0,0,0,0,0,0,1
0edf6061-4113-4d98-a344-65b07fd33525,0,0,0,0,0,0,0,0,1,0,0
0edfd614-063d-483a-ac1b-742f81e69545,0,0,0,1,0,0,0,0,0,0,0
0edffa7d-aa97-430c-b2d6-61a0ef888e39,0,0,0,0,0,0,0,0,0,0,1
0ee097ee-2ed8-49a3-8024-00088b031493,0,0,0,0,1,0,0,0,0,0,0
0ef3c515-0e93-4cec-9e6d-54a66c57bc6d,0,0,0,0,0,0,0,0,0,1,0
0ef41808-2032-4c5c-b7fe-ac7f5ef32bb7,0,0,0,1,0,1,0,0,1,0,0
0ef872f7-2448-4722-8e83-ed13c1feb3b2,0,0,0,0,0,0,0,0,0,0,1
0f03511c-d7aa-4a94-9414-aa34127b2642,0,0,0,0,0,0,0,0,0,0,1
0f046577-d6b3-446b-a26d-8130097a5302,0,0,0,0,0,0,0,0,1,1,0
0f04df6d-d112-48f0-8857-81ec1c5c1aa6,0,0,0,1,0,0,0,0,0,0,0
0f052325-644a-4072-89ea-677ee93b76d0,0,0,0,0,0,1,0,0,0,1,0
0f056654-4e71-40a2-8a1a-e2339c81eaef,0,0,0,0,0,0,0,0,1,0,0
0f22452a-4aef-49f5-9c58-6e2e75ff4014,0,0,0,0,1,0,0,0,0,0,0
0f23c10e-b14e-4a08-9633-eda2d966ae6d,0,0,0,0,0,0,0,0,0,0,1
0f25b65b-5576-421e-bedc-0919f98d29e0,0,0,0,0,0,0,0,0,0,0,1
0f2fe814-ca30-4960-8517-3ae0e05373cf,0,0,0,0,1,0,0,0,0,0,0
0f3626bd-4f1e-4a7b-a7f7-b28a739cb1d9,0,0,0,0,0,0,0,0,1,1,0
0f3de0f1-a6ac-4282-a1a0-151578792fa0,0,0,0,0,0,0,0,0,0,1,0
0f4c0be0-96bb-4e97-b4ef-03b877957549,0,0,0,0,0,0,0,0,0,1,0
0f528456-0614-4e51-8ccf-401583e37d7a,1,0,0,0,0,0,0,0,0,0,0
0f52def9-4d06-47c9-ad41-469f0fa9adb8,1,0,0,0,0,0,0,0,0,0,0
0f60dffd-ae9c-453b-bc5a-61c09cf16832,0,0,0,0,1,0,0,0,0,0,0
0f68f0e0-ae33-40ba-884d-c51f2a55bc72,0,0,0,0,1,0,0,0,0,0,0
0f6a8ba3-9d4e-489f-8500-4fbef5f06ec6,1,1,0,0,1,1,0,0,0,0,0
0f77b776-1b62-4fb1-974f-6e1b04f22035,0,0,0,0,0,0,0,0,0,1,0
0f79c078-a45b-4c2a-aae7-2ccc0f459c52,0,1,0,0,1,0,0,0,0,0,0
0f7a9c96-55c2-4dab-a015-c4a3ba4c71e6,0,0,0,0,0,0,0,0,0,1,0
0f7ccd6d-73d7-474b-a7db-f87f1c6be515,0,0,0,0,0,0,0,0,0,0,1
0f7e7c4f-8284-4fb7-8545-2a145ce2d15c,0,0,0,0,0,0,0,0,0,1,0
0f8143b8-9ca0-466c-b62e-12066a82bb11,0,0,0,0,0,0,0,0,0,1,0
0f81fb6f-3239-4f23-97fe-55e52f6039bd,0,0,0,0,1,0,0,0,0,0,0
0f87c404-4fa0-4277-b5f2-0693ae33d602,0,0,0,1,1,0,0,0,0,0,0
0f882f17-31f7-45c7-bffb-66ab00834062,0,0,0,0,1,0,0,0,0,0,0
0f8d1422-c70b-4ade-bdfd-a593a48d56ea,0,0,0,0,0,0,0,0,0,1,0
0f9030ce-c2ff-400f-baf2-448c74e62ee4,0,1,0,1,0,0,0,0,0,0,0
0f93a395-d3ea-4449-817c-32d682a8c7f1,0,0,0,0,1,0,0,0,0,0,0
0fabad21-8a40-4863-ae44-c11c5a3399ef,0,0,0,0,0,0,0,0,1,1,0
0faed744-e348-4b9d-bcee-ac662b7c3548,0,0,0,1,0,0,0,0,0,0,0
0faef96d-de48-476e-af77-55d3f93c998a,0,0,0,0,0,0,0,0,1,1,0
0fb2b774-aa27-40ac-b687-141b8d458cbd,0,0,0,0,0,0,0,0,0,0,1
0fb54c3f-492b-484e-bee3-ba4cd665e5eb,0,1,0,0,1,0,0,0,0,0,0
0fce89fe-9472-4b50-b4ef-f81b887e870d,0,0,0,0,0,0,0,0,0,0,1
0fced2e4-63fc-4c8b-a727-2c46e1313ba7,0,0,0,0,0,0,0,0,0,1,0
0fd12ec4-6999-4cd2-8ee6-1832c2d7f606,0,0,0,0,1,0,0,0,0,0,0
0fd5fcb2-bbee-49af-af89-4e0d81a61b52,0,0,0,0,0,1,0,0,0,1,0
0fd7d422-b0d6-437e-ad76-ccba59d77334,0,0,0,0,0,0,0,0,0,1,0
0fdbeaba-9e1f-436e-9855-a28a74f34a78,0,0,0,0,0,0,0,0,0,0,1
0ff82019-2f3d-4813-a1f1-80b95c4a3ffd,0,0,0,0,0,0,0,0,0,1,0
1004d947-0f29-41d9-a221-13c23b8c1af7,0,0,0,0,1,0,0,0,0,0,0
10132436-8242-4633-b191-f9a7e1d4f381,0,0,0,1,0,0,0,0,0,0,0
1016628a-deeb-4bbc-858a-931f42b7dea8,0,0,0,0,0,0,0,0,1,0,0
10211f6a-5ede-41ef-8785-1a16dae0b541,0,0,0,0,0,0,0,0,0,0,1
102f8985-8083-49e0-b1fe-721241f184ad,0,0,0,0,0,0,0,0,1,0,0
103e45f2-e931-4c24-b512-d70e480be2a7,0,0,0,1,0,0,0,0,0,0,0
10463043-e76d-4aca-a89d-b3c3a2895717,1,0,0,0,0,0,0,0,0,0,0
1047f918-463f-4609-8081-c92aa75db429,0,0,0,0,0,0,0,0,1,0,0
105c7243-a8cf-4461-bf97-3bc0bda872b3,0,0,0,0,0,0,0,0,0,1,0
106476b1-8cf2-4f19-8bd0-7cbd5eb73590,0,0,0,0,1,0,0,0,0,0,0
10700f8d-2641-40d7-bea1-c2104acd169c,0,0,0,0,0,0,0,0,0,1,0
1072915a-9505-411d-82b5-2aae7603093a,0,1,0,1,1,0,1,0,1,0,0
107f11a6-8dbe-4b41-ae87-ad5314a102fc,0,0,0,0,1,0,0,0,0,0,0
10805cbc-1d88-4480-b385-7fffa0eecf6f,0,0,0,0,0,0,0,1,0,0,0
1096c113-6058-4a89-a966-b0193f875abd,0,0,0,0,0,0,0,0,0,0,1
10970c23-f70e-4731-bdaf-05ba7b3ea909,0,0,0,0,1,0,0,0,0,0,0
10982d6f-6455-459d-a3cd-52e3c0d65869,0,0,0,0,0,0,0,0,0,0,1
109a14f8-ff82-4b66-809f-21d1a5075415,1,0,0,0,0,0,0,0,0,0,0
109f906d-3aa8-4aaf-bc42-0c4bf8b30681,0,0,0,0,0,0,0,0,0,1,0
10a2a262-114a-4327-91e4-4d8690e650c2,0,0,0,0,1,0,0,0,0,0,0
10a317c8-89c2-43df-849f-c9dd7b15f4eb,1,0,0,0,0,0,0,0,0,1,0
10bd59c7-c0c3-4cef-9a2e-a12bf2b9ba58,0,0,0,0,0,0,0,0,0,1,0
10c1b597-4cc5-41a2-aa92-260be6661d2e,0,0,0,0,0,0,0,0,0,1,0
10cb8df1-34d8-4b3b-a73c-df52272f9732,0,0,0,0,0,0,0,0,0,1,0
10cd46dd-24b3-46d1-a19c-a8c8081ec88c,0,0,0,0,0,0,0,0,0,0,1
10d9e0d9-2041-4e5b-ac05-47587f5b430e,0,0,0,0,0,0,0,0,0,1,0
10ec981a-787a-4423-8828-a5158568f31a,0,0,0,0,1,0,0,0,0,0,0
10f09c59-78a1-4564-b8e6-f98d96990761,0,0,0,0,0,0,0,0,0,0,1
10f44790-9d6a-4697-bedc-7ff2f5839dfe,0,0,0,1,0,0,0,0,0,0,0
10f53e20-d914-4fda-859c-388cbae14ce5,0,0,0,0,0,0,0,0,0,0,1
10f58f16-1dbc-4138-8d16-33ab4bf9234f,0,0,0,0,1,0,0,0,0,0,0
11024bd0-62c9-45cb-a907-a5fc3a096444,0,0,0,0,1,0,0,0,0,0,0
11064717-eb4a-4b09-807b-481ca2a3a1cf,1,0,0,0,0,0,0,0,0,0,0
1127661a-0f03-4b59-9c30-acab1f15d609,0,0,0,0,0,0,0,0,0,1,0
1133c394-d435-4281-94e0-61770fe4002f,0,0,0,0,1,0,0,0,0,0,0
11377787-88d1-4a5d-9bdc-85e613aa2614,0,0,0,0,0,0,0,0,0,1,0
11447fc1-4fe5-481e-8561-942567e41892,1,0,0,0,0,0,0,0,0,0,0
11594c82-cf8d-4a23-805a-b59ec0a4f3cb,1,0,0,0,0,0,0,0,0,0,0
1161ef98-a034-4e61-ad97-81a844885cdb,0,0,0,0,1,0,0,0,0,0,0
11658f87-a713-4788-b06b-6282f250bec0,0,0,0,0,0,0,0,0,1,0,0
11659c45-c27c-4114-ab1b-2a8eb7083d4a,0,0,0,1,0,0,0,0,0,0,0
116d34c7-7d4f-4698-be38-f218ffac14f3,0,0,0,0,1,0,0,0,0,0,0
11722faf-a8a8-45a5-aab8-227a2159f997,0,0,0,0,0,0,0,0,0,1,0
118647a6-7758-4c44-9b4c-254db8e27e05,0,1,0,0,0,0,0,0,0,0,0
11870876-ccd4-4426-bccc-7c5483c1489a,0,0,0,0,0,0,0,0,1,0,0
118f33fd-cc78-4ad0-b4fb-619009eab910,0,0,0,0,0,0,0,0,0,1,0
11929bf2-632c-44a8-9eb7-9b18f95eefaa,1,0,0,0,0,0,0,0,0,0,0
119622f3-2861-48ad-a88f-f0d08ca90152,0,0,0,0,0,1,0,0,0,0,0
1197bb44-72d3-470d-9ff2-4f3be69deedd,0,0,0,0,1,0,1,0,1,0,0
11980689-afbe-47d7-8eca-013245d8ce3f,1,0,0,0,0,0,0,0,0,0,0
119e0c4e-6464-4789-8d65-59bf72eefb84,0,0,0,0,0,0,0,0,1,0,0
11a2a57c-0950-4125-8793-776a14239e34,0,0,0,0,0,1,0,0,1,0,0
11a9bfe9-0cc9-49ae-a7af-a345e6acc849,0,0,0,1,0,0,0,0,0,1,0
11ab104e-84c2-4a7b-a26b-35af97ba8616,1,0,0,0,0,0,0,0,0,0,0
11b185a1-7b5c-46ec-bb91-1de058ccb3da,0,0,0,0,1,0,0,0,0,0,0
11b1c8e0-5f5f-4f9c-bf86-85f5eb17121b,1,0,0,0,0,0,0,0,0,0,0
11cb754e-4c78-4058-ac41-9326a2bd3fc0,0,0,0,0,0,0,0,0,0,0,1
11d0d359-ff7f-4240-acc0-5b6f0674cca6,0,0,0,0,0,0,0,0,0,0,1
11d79f94-521d-4955-8622-d1a18b998a91,0,0,0,0,0,0,0,0,0,0,1
11e665b4-691e-446b-ba2a-0c49f0f2405e,0,0,1,0,0,0,0,1,1,0,0
11eda34e-f8d3-4e77-8d95-36a966f7b150,0,0,0,0,0,0,0,0,0,1,0
11f41505-5d67-4098-a1f9-def9c2aec63d,0,0,0,0,0,1,0,0,0,1,0
11fbfa06-a777-4dbe-8edd-7b35c353f2c3,0,0,0,0,1,0,0,0,0,0,0
12034eca-803b-436b-90af-f931171db968,0,0,0,0,0,0,1,0,0,0,0
12075810-3117-4d99-94dd-e86269b4571e,0,0,0,0,0,0,0,0,0,0,1
1207a69e-cf20-4bff-ab42-c19c4e05d8e0,0,0,0,1,0,0,0,0,0,0,0
1208cbbb-819c-461f-8c31-59a54996d5e5,0,0,0,0,0,0,0,0,1,0,0
120dde78-8839-4615-9add-64a36a479035,1,0,0,0,0,0,0,0,0,0,0
121637f6-0ae5-4156-a439-e5e0fadb234f,0,0,0,0,1,0,0,0,0,0,0
1222d796-02b1-4330-9ddc-c7ea1dd97330,0,0,0,0,0,0,0,0,0,0,1
12240efa-8a65-4ba2-8d11-5a10202d644f,0,0,0,0,1,0,0,0,0,0,0
122a7f15-046b-43da-a738-55f5e6eab37d,0,1,0,0,0,0,0,0,0,0,0
122d1973-d7b1-4069-ba9b-0e8a50ccbad9,0,0,0,0,1,0,0,0,0,0,0
124b34a0-0062-4eea-b524-a3be311286ab,1,0,0,0,0,0,0,0,0,0,0
124ec893-f6ec-4f6e-a3ef-d02156a12a6d,0,0,0,0,1,0,0,0,0,0,0
12543e28-126b-4667-9032-280563bc75e3,0,0,0,0,0,0,0,0,0,1,0
125bd87d-d657-4c5c-9fd4-4790b3f4cb7c,0,0,0,1,0,0,0,0,0,0,0
125d3f1e-c131-4111-a29b-075ae8bb67b5,0,0,0,0,0,0,0,0,1,0,0
125e07b2-311e-4a9b-975d-6bc6a1a42fcb,0,0,0,0,1,0,0,0,0,0,0
125e6aa1-4a95-4b7c-a8b1-7ae1e754fa50,0,0,0,1,0,0,0,0,0,0,0
12788728-39ab-494a-b8cf-98323dfa7649,1,0,0,0,0,0,0,0,0,0,0
127c4d70-aadb-47f4-98aa-d893aca8b3c4,0,0,0,0,0,0,0,0,0,1,0
128945f0-c65b-4498-bf4b-422a0fb14226,0,0,0,0,0,0,0,0,0,1,0
1291e4f0-cc95-4428-9aa4-99480c2cf1f8,0,0,0,1,0,0,0,0,0,0,0
1294b0b4-54be-4f1d-a847-e74d45a5bd4c,0,0,0,0,1,0,0,0,0,0,0
1297f2e7-73c8-4933-826a-68a1f37490c0,0,0,0,0,0,0,0,0,0,1,0
129bc05a-845b-4202-b5da-090f5c80859d,0,0,0,0,0,0,0,0,0,1,0
12a23951-1daa-4bd4-b5a3-26bb46c92fdb,0,0,0,0,1,0,0,0,0,0,0
12c5e724-8988-4f1b-8e54-7b40cced09b9,0,0,0,0,0,0,0,0,0,1,0
12ed537d-9b2b-4abc-94eb-ac1c9f9b8cab,0,0,0,0,0,0,0,0,0,0,1
12ee754e-fc57-4ee2-9a29-cfd080a09d37,1,0,0,0,0,0,0,0,0,0,0
12fa3334-fd59-4692-af8f-2f70d6729474,1,0,0,0,0,0,0,0,0,0,0
12ffa022-543e-44a5-bd00-720ce3ed78d2,1,0,0,0,0,0,0,0,0,0,0
130630d0-25d8-4b2f-ad28-b4bb942c4c83,1,0,0,0,0,0,0,0,0,0,0
13087e06-ea8f-4e24-8225-86b5c3af1b16,0,0,0,0,1,0,0,0,0,0,0
131de4d1-975b-44c4-9812-2d5f3fc9e170,1,0,0,0,0,0,0,0,0,1,0
1321bbbe-a14b-4be9-8b8d-0192b03228b3,1,0,0,0,0,0,0,0,0,0,0
1326e9d5-5643-4a19-b6e8-95a93ea37bd5,0,0,0,0,1,0,0,0,0,0,0
132b92a0-cf34-4a23-8092-9d2db5630db9,0,0,0,0,1,0,0,0,0,0,0
132f687f-a9f7-4b38-a427-82fd76298f7c,0,0,0,0,0,0,0,0,1,0,0
1337611a-1837-44c3-8167-3b78cbec6607,1,0,0,1,0,0,0,0,0,0,0
1337c220-3bad-4069-9218-399fefac71d2,1,0,0,0,0,0,0,0,0,1,0
134cdd49-47de-49ff-9571-4c0aa7e301cd,0,0,0,0,1,0,0,0,0,0,0
135ef82f-8fbd-4806-a430-e91bede88424,0,0,0,1,0,0,0,0,0,0,0
13683074-529e-4d5c-8c82-c3f7c5eb2dc4,1,0,0,0,0,0,0,0,0,1,0
13694863-095c-4635-834a-115f8e78c13e,0,1,0,0,0,1,0,0,0,0,0
136b5b33-0a78-483d-8d7e-65b60116ab32,0,0,0,0,1,0,0,0,1,0,0
136c54c3-026b-4957-9d14-d3907fb1c950,0,0,0,0,1,0,0,0,0,0,0
136fd653-3445-43f9-b266-d9c4ae6d2fff,1,0,0,0,0,0,0,0,0,0,0
137fa898-a139-4780-80f4-ed64d1f8c272,0,0,0,0,0,0,0,0,0,0,1
13822707-0b9b-4afc-900c-4afe2f09349b,0,0,0,0,0,0,0,0,0,1,0
1385a3d2-45b9-4b7d-a854-166a558e776a,0,0,0,0,0,0,0,0,0,1,0
1395ee4a-47e1-4a70-9f1d-4c7717481a8e,0,0,0,0,0,0,0,0,1,0,0
139bea9b-40a2-4260-b03b-93bbdb003041,0,0,0,1,0,0,0,0,0,1,0
13a394e5-e910-45ac-ace3-c0caed309b18,0,0,0,0,0,0,0,0,0,1,0
13a40edd-ab66-469d-88fa-1349130da618,0,0,0,1,0,0,0,0,0,0,0
13a9cbfd-f315-40da-b8a5-15d0c47910fa,0,0,0,1,0,0,0,0,0,0,0
13b03e22-380e-4679-9efa-baba06b2167c,0,0,0,0,0,1,0,0,0,0,0
13b75df0-8107-47b0-b4b7-cae04766c6f8,0,0,0,0,0,0,0,0,0,0,1
13b7bb55-e8b6-4137-afb5-b919d82b96d0,0,0,0,0,0,0,0,0,0,1,0
13b9cb78-cdd6-43c4-b0de-d909bc41d9b7,0,0,0,0,1,0,0,0,0,0,0
13c43d2c-3ecc-4b91-8e4f-bdbe154ab4eb,0,0,0,0,0,0,0,0,0,1,0
13c4edaf-3cc1-4a2e-a0e1-d193e30b4df1,0,0,0,0,1,0,0,0,0,0,0
13c6c9de-8e12-4010-a96d-c8543a5c4417,0,0,0,0,0,0,0,0,0,0,1
13da4c5a-68d4-4b20-b9a7-a98b5c0bf393,0,0,0,0,1,0,0,0,0,0,0
13db33e1-c526-4338-9c65-85f50a2daff2,0,0,0,0,0,0,0,0,0,1,0
13df5056-11fb-4f84-8ae5-441a2b51d8a8,0,0,0,0,1,0,0,0,0,0,0
13e85778-5b90-4194-9b4f-fe2cc4fc39f7,0,0,0,0,0,0,0,0,0,0,1
13ec7b37-4677-49c7-8e4f-6a215dd0e466,0,0,0,0,0,0,0,0,0,0,1
13f3bce2-274c-4485-b125-69a9fd9ef138,0,0,0,1,0,0,0,0,0,0,0
13fe35d4-a1f5-4816-8eb2-ca41ef98840b,1,0,0,0,0,0,0,0,0,0,0
140ca96d-6467-40d6-87da-5dddda48520e,0,0,0,1,0,0,0,0,0,0,0
140d5429-60f2-4e87-a8a8-e9422bf66526,0,0,0,0,0,0,0,0,0,1,0
140df93e-c59d-4a3a-9dca-658d3e5a4aa6,1,0,0,0,0,0,0,0,0,1,0
1417c790-4360-4414-b360-dd70cc3ce6eb,1,0,0,0,0,0,0,0,1,0,0
14185ddb-b76e-41af-b122-ff7e6520c110,0,0,0,1,0,0,0,0,0,0,0
142b81b8-40c6-4b5e-8045-10aa63187ea5,0,0,0,0,1,0,0,0,0,0,0
1430d605-43ae-4475-ad09-b484e980ca11,0,0,0,0,0,0,0,0,0,0,1
1435eab4-c961-40db-aeb5-1738b7a307c3,0,0,0,0,0,0,0,0,0,1,0
1460deb6-d81e-4c65-a41b-579ac04fb74d,1,0,0,1,0,0,0,0,0,0,0
14613198-a5d7-4ba0-8a7b-8338e2c5434b,0,0,0,0,1,0,0,0,0,0,0
146682ae-6aa8-409c-a136-d57d550b1f71,0,0,0,0,0,0,0,0,0,0,1
14699e46-9c40-4fa6-9762-6096bdaf906e,0,0,0,0,0,0,0,0,0,0,1
146ae262-8698-4fb2-a59e-5908184cca33,0,0,0,0,0,0,0,0,1,0,0
1472c28a-2994-472b-aa98-a5b2f1bf7eb5,0,0,0,0,0,1,0,0,0,0,0
147c5985-f5af-42b0-a5f5-bfd80a271725,0,0,0,0,0,0,0,0,0,1,0
14829a00-cdf1-41b9-9ed6-30b78370c4eb,0,0,0,0,0,0,0,0,0,1,0
1483bb04-428e-4825-a503-10e4c043e20c,0,1,0,0,0,0,0,0,0,0,0
14856a99-a928-4d55-8e8e-b6e6669260a9,0,0,0,0,0,0,0,0,0,0,1
148a3e2f-8d96-48c5-834e-677534390933,1,0,0,0,0,0,0,0,0,0,0
1490841f-4c78-4722-b1cf-8dc20eca16e7,0,0,0,0,1,0,0,0,0,0,0
149ce811-bcd4-45bf-979d-aed2cb627d7d,0,0,0,0,0,0,0,0,0,0,1
149e782e-4e24-41ed-b88d-9a768db170fa,0,0,0,0,1,0,0,0,0,0,0
14ad54f8-208d-463a-a213-a86331d7757b,0,0,0,0,1,0,0,0,0,0,0
14b25565-ee86-4b12-bb53-e102c3d0c022,0,0,0,0,0,1,0,0,0,1,0
14bd14b0-6ec2-4e72-9366-3bcf750e5455,0,0,0,0,1,0,0,0,0,0,0
14c6750d-2a6f-4841-b0f7-c6efd2a79994,0,0,0,0,1,0,0,0,0,0,0
14c6cdbd-19c1-4d73-9cba-d73368a37345,1,0,0,0,0,0,0,0,0,0,0
14d1ce94-936a-46c4-8c17-bbae1c744805,0,1,0,0,0,0,0,0,0,0,0
14df46a3-4b67-46dc-8fcc-287322e4ff2c,0,0,0,0,0,0,0,0,0,1,0
14ee5d07-c9d7-47d4-b7c4-de963739c733,1,0,0,0,0,0,0,0,1,0,0
14ef0de7-2e98-4aeb-8932-5b1793fe7053,1,0,0,0,0,0,0,0,0,0,0
14ef5dd5-7bd9-4a7b-bafc-8e0c18fc5d78,0,0,0,0,0,0,0,0,0,1,0
14ef98d3-712f-4a3c-9d8f-76cbb6f279cf,0,0,0,0,1,0,0,0,0,0,0
14f0c103-6d87-40d8-a425-a58a7dd980a2,0,0,0,0,1,0,0,0,0,0,0
14f14f66-8f13-4a5f-9f46-814099e39fbb,0,0,0,0,0,0,0,0,0,0,1
14f519ba-e661-4912-8f19-561a978a5a0d,0,0,0,0,0,0,0,0,1,0,0
14f602b0-69c1-48a3-99e9-72d333908309,0,0,0,0,0,0,0,0,1,0,0
14fea1b5-54fe-41eb-9617-3ff4e2ae8f29,0,0,0,0,0,0,0,0,0,1,0
15016d21-47d6-4e85-b9c7-f644059fe812,0,0,0,0,0,0,0,0,0,0,1
1507247f-a700-42b3-96d9-75aef5e570f9,0,0,0,0,1,0,0,0,0,0,0
150e7729-e3b0-4615-a971-cc9db373b064,0,0,0,0,0,0,0,0,0,1,0
15118def-38bc-48fe-80f6-72058f357685,0,0,0,0,0,0,0,0,0,0,1
151306f1-17e6-4de0-a5e4-d44e954327b0,0,0,0,0,0,0,0,0,0,1,0
1514a171-ef47-42b6-8a3c-8425cb8c6366,0,0,0,0,0,0,0,0,0,0,1
151a16a3-31c9-4b67-9a8a-3ec6822f398a,0,0,0,0,1,0,0,0,0,0,0
151c888f-044b-4950-8a6a-e377f52254ed,0,0,0,1,0,0,0,0,0,0,0
15200857-d0ba-44f1-a62d-3cff049f4d45,0,0,0,0,1,0,0,0,0,0,0
15292c88-c67e-4b35-bbe6-a203df17374c,0,0,0,0,0,0,0,0,0,0,1
153978a0-ef68-4174-8c23-07033099ae98,1,0,0,0,0,0,0,0,0,0,0
1539c13a-4152-41d1-af7e-8d6fa38567a7,0,0,0,0,1,0,0,0,0,0,0
153b2461-b0ed-4195-b600-2fc5dbfeaccd,0,0,0,0,0,0,0,0,0,0,1
15406727-abd7-4fd3-93b1-8d458757804b,0,0,0,0,0,0,0,0,0,1,0
15406c10-c684-400b-99d0-fb770d1f749e,0,0,0,0,1,0,0,0,0,0,0
154e3c9f-3096-4161-8d92-f3ccbd45c582,0,0,0,0,0,0,0,0,0,1,0
15547aff-17d4-47b2-97f0-2983a633889c,0,0,0,0,0,0,0,0,0,0,1
155a088f-1ddc-4655-abb4-ccba1af8319d,0,0,1,1,0,0,1,0,1,0,0
155aa0b8-8864-4bfa-b6bf-ab6206019d48,0,0,0,0,1,0,0,0,0,0,0
1566556f-8b1c-4344-8320-d40cfea21789,0,0,0,0,1,0,0,0,0,0,0
156f6d71-4fca-401f-bfdf-58bb627d2de9,0,0,0,1,0,0,0,0,1,0,0
1573c5fc-57df-4de1-97df-7185e9927738,0,0,0,0,1,0,0,0,0,0,0
1591068e-32c1-4017-bb1f-76b9a3b84ed3,0,0,0,0,0,0,0,0,0,0,1
159472d0-442d-4050-aa29-0475270f9514,0,0,0,1,0,0,0,0,0,0,0
15968b7b-5a35-4afd-a0d5-b1c749156daf,0,0,0,0,0,0,1,0,0,0,0
15984113-1aba-4602-b809-10636ca87fb1,0,0,0,0,1,0,0,0,0,0,0
159cdccb-24e2-4711-b3b3-203a424a5e2a,0,0,0,0,1,0,0,0,0,0,0
15a1aedc-7c4d-4163-a953-5f05247a1766,0,0,0,0,1,0,0,0,0,0,0
15ac974a-2d97-4fe8-96fc-754d734c291a,0,0,0,0,1,0,0,0,0,0,0
15b02b5c-d2be-4a83-ab8c-c62f4ccc7d69,0,0,0,0,0,0,0,0,0,0,1
15b5eb4e-f984-4af8-91f1-8e9a0632413e,0,0,0,0,1,0,0,0,0,0,0
15b69a40-088e-4c4a-ab2f-f2d582677460,0,0,0,0,0,0,0,0,0,0,1
15c250e2-ab38-4440-b088-6d4c7fb3b7d8,0,0,0,0,1,0,0,0,0,0,0
15c6ddc7-529b-401b-b596-e2d30c1ab581,0,0,0,0,0,0,0,0,0,0,1
15c745bd-072a-49e5-9cd7-ab30e375341a,0,0,0,0,1,0,0,0,0,0,0
15c86f37-d93b-4172-a382-cccec33da173,1,0,0,0,0,0,0,0,0,0,0
15c99e8c-b0b6-475d-b311-d2805d10dce0,0,0,0,0,0,0,0,0,0,0,1
15ca9bcf-8984-47eb-9f25-90c4163a82a1,0,1,0,0,1,0,0,0,0,0,0
15d2c58d-c5f8-4e3a-ab7f-a3f1154ba241,0,0,0,1,0,0,0,0,0,0,0
15d5ae90-5fc9-4adb-b9a7-f94f47575ec5,0,0,0,0,1,0,0,0,0,0,0
15df0028-a352-4f11-9b99-c7d7dd5f2e29,1,0,0,0,0,0,0,0,0,0,0
15e1aa2c-d9be-4cc7-a671-6d537e7ccdb5,0,0,0,1,0,0,0,0,0,0,0
15edb98b-c380-4cf1-83cd-45e1844752ac,0,0,0,0,1,0,0,0,0,0,0
15f090b7-38eb-4987-8c78-c6983fce27c0,0,0,0,0,0,0,0,0,0,0,1
15fb9dbb-84ca-4ea5-8ca0-30ee314cbc42,0,0,0,0,0,0,0,0,0,0,1
16059c3a-3ad4-4567-b1aa-62efd02c0096,0,0,0,1,0,0,0,0,0,0,0
16095b16-9e4e-4f74-80a7-a366fb32239b,0,0,0,1,0,0,0,0,0,0,0
16114659-8855-497a-87b7-85243c9b9123,0,0,0,0,0,0,0,0,0,0,1
161ffd8a-0468-4ea1-8220-bbaf70741a14,0,0,0,0,0,0,0,0,0,0,1
16221f42-16a0-4f1d-af3b-09e8ca7f1926,1,0,0,0,0,1,0,0,0,0,0
16227ed7-cb67-4756-90ca-31bcac608333,0,0,0,0,1,0,0,0,0,0,0
1629d078-50a4-433b-800f-28712854ab22,0,0,0,1,0,0,0,0,0,0,0
162f41bc-c847-42f3-adc3-2246aa2a89a2,0,0,0,0,1,0,0,0,0,1,0
16309110-b64a-4479-95cb-afc016299744,1,0,0,0,0,0,0,0,0,0,0
163c6aa6-f007-4ea5-86f6-5aac4c7ae067,1,0,0,0,0,0,0,0,0,0,0
163efc06-014a-4107-9c5f-c9f44bb4239b,0,0,0,0,0,0,0,0,0,0,1
1640dd9e-ff6c-47f6-ae03-f19c97031d8f,0,0,0,0,0,0,0,0,0,1,0
16664288-f5aa-410f-8a0e-6d3b2134d163,0,1,0,0,1,1,0,0,0,0,0
166bb251-2782-4733-8fd3-c3c28f5f31ff,0,1,0,0,0,0,0,0,0,1,0
167973cf-2404-4081-8512-edded9017abc,0,0,0,0,0,0,0,0,0,0,1
167b238a-11f3-434d-954e-00d3ccab8eb9,0,0,0,0,0,0,0,0,0,1,0
1681e704-9ce2-438e-9645-1d5e56c80f62,0,0,0,0,0,0,0,0,0,1,0
16839f11-5cdb-4179-b3d9-755cc8f5cf98,0,0,0,0,1,0,0,0,0,0,0
1688fef9-ab8b-48e3-8eb9-3cf2c4a95ecc,0,0,0,0,0,0,1,0,0,0,0
168bc8a1-a904-449c-8e3b-5272cbaadd98,0,0,0,0,1,0,0,0,0,0,0
16a89dfa-7872-46a5-b389-4059ac880f60,0,0,0,0,0,0,0,0,0,1,0
16a93a6d-371e-40de-a66d-f324b63cb99c,0,0,0,0,1,0,0,0,0,0,0
16b9da3c-20f1-4a60-a5f9-52a53d80029c,0,0,0,0,0,0,0,0,1,0,0
16ba99df-20b4-45cf-939f-85a772b5e200,0,0,0,0,0,0,0,0,1,0,0
16c8e65c-392a-4a45-acdf-00a4448157ae,0,0,0,0,0,0,0,0,0,0,1
16caea7f-7162-4a85-9a28-572c79dda4fb,0,0,0,0,0,0,0,0,0,0,1
16d33369-42ca-44fc-ac09-e8dd91f8aaa1,0,0,0,0,1,0,0,0,0,0,0
16d3a8d1-15c0-469d-9e0f-cc22ee9ba2bf,0,0,0,0,0,0,0,0,0,0,1
16d47443-1a84-4945-a96c-3f44c3fe0a52,0,0,0,0,0,0,0,0,0,1,0
16d4c23f-d53b-42c8-9e15-655a8b475467,0,0,0,0,1,0,0,0,0,0,0
16d77cc6-8f59-49a8-a1b4-79b54b8e9ccb,0,0,0,0,0,0,0,0,0,1,0
16d95cb0-206b-44ca-b0bd-a39454b991e2,0,0,0,0,1,0,0,0,0,0,0
16ea5987-3701-4e8e-984d-5d28ccdcd8e6,1,0,0,0,0,0,0,0,0,0,0
16ecc9c8-9b9c-4f6a-9dc8-ba061c374392,1,0,0,0,0,0,0,0,0,0,0
16f21aa9-dd18-4f89-9187-c4357c23752d,0,0,0,0,0,0,0,0,0,0,1
170d02ed-8eff-40b3-a214-1de92170b1e4,0,0,0,1,0,0,0,0,0,0,0
172cf66f-bdd2-4f9a-822f-8d1158db4d37,0,0,0,0,1,0,0,0,0,0,0
172ea238-770d-461a-940f-61d402a75db8,0,0,0,1,0,0,0,0,0,0,0
174323b5-39f0-486f-a4c8-b0ebd54e392b,0,0,0,0,1,0,0,0,0,0,0
174f25a2-20a8-4e5e-9132-cbb6ba14baf1,0,0,0,0,0,0,0,0,0,1,0
1751e836-15fd-4505-a218-21c564ad21fc,0,0,0,0,1,0,0,0,0,0,0
175311f8-5fec-4973-ad3e-7415a9428936,0,0,0,0,0,1,0,0,0,0,0
1757165f-82ca-4ddc-9b00-f1c78787cea9,1,0,0,0,0,0,0,0,1,0,0
1758ea7c-eb45-4a1c-8b5f-0d8c7246958d,0,0,0,0,1,0,0,0,0,0,0
176a7069-fe13-4d01-a01f-0aabd178292b,0,0,0,0,0,0,0,0,0,1,0
177199a0-6e6f-4711-9148-f88a49c14932,1,0,0,0,0,0,0,0,0,0,0
17874bc8-0241-4d89-8f07-445855a8e47c,0,0,0,0,0,0,0,0,1,0,0
17995fed-eb31-4de6-a31d-5049c7f9250e,0,0,0,0,1,0,0,0,0,0,0
179b6700-972a-4880-9f0d-e12be2069c46,0,0,0,0,1,0,0,0,0,0,0
17a0a4cc-aa25-4914-9ebd-35f44dcac108,0,0,0,0,1,1,0,0,0,0,0
17a1af9f-a285-44e2-b913-2e9dbce38491,0,0,0,0,0,0,0,0,0,0,1
17b1d9fe-4a61-45f5-a2f5-d09a50a4dc69,0,0,1,1,0,0,1,0,0,0,0
17b3e177-c660-49d6-bd85-4b8f54e51e3a,0,0,0,1,0,0,1,0,0,0,0
17ce17d9-a93c-448a-bf9c-f4eda9435379,0,0,0,0,0,0,1,0,0,0,0
17d8e6f3-e295-4157-844d-4021bd3172b3,0,0,0,0,0,0,0,0,0,1,0
17e15068-5acb-458a-909e-87d240ed2ab3,0,1,0,1,1,0,0,0,0,0,0
17e643aa-9ee9-4863-b97a-fb6b1adfeb66,0,0,1,0,0,0,0,0,0,0,0
17e64d48-7ef7-4917-8ad0-61326702ca9b,0,0,0,0,0,0,0,1,0,0,0
17e796b2-4daa-4ddd-8073-c0d29e2f205c,0,0,0,0,0,0,0,0,0,0,1
17e7edf4-5237-4c13-96c4-47a301fb31a8,0,0,0,1,0,0,0,0,0,0,0
17ed60f8-b191-4b65-b81d-bc05f6d2935a,0,0,0,0,0,0,0,0,0,0,1
17f1e1ee-8cec-4946-ad97-dc997024f716,1,0,0,0,0,0,0,0,0,0,0
18078e98-6ddd-430d-856f-e8693f21e51e,0,0,0,0,0,0,0,0,0,0,1
180e4b30-03fd-430a-af05-6dea1aa32582,0,0,0,0,0,0,0,0,0,0,1
1812789b-bf5e-43cc-acd7-1a051cda2341,0,0,0,0,0,0,0,0,0,0,1
181dd70c-2eda-49d3-b9a0-128701599d2e,0,1,0,0,0,0,0,1,1,0,0
1820227e-b1f5-4823-9ac7-63d6aa98249b,0,0,0,0,1,0,0,0,0,0,0
18273905-f125-4372-8279-9ee8154f7a54,0,0,0,0,0,0,0,0,0,1,0
182bf6c6-e4e8-4e65-a4fc-294d6f7afcf0,0,1,0,0,0,0,0,0,0,0,0
183fc622-6e77-4d32-898e-6553c7b08b21,0,0,0,0,1,0,0,0,0,0,0
183feca5-ca12-4e25-a93e-32a236ab2f22,0,0,0,0,0,0,0,0,1,0,0
18468cf7-e07f-484c-9b9f-f7be2bcb2248,1,0,0,0,0,0,0,0,1,0,0
1854efe5-b895-46cd-a49b-9e0bf6642362,0,0,0,0,0,0,1,0,0,0,0
18550d8d-90a7-46e9-a1de-8d1785fb135a,0,0,0,0,1,0,0,0,1,0,0
185de0b8-c54a-4217-8dce-fafd83a940b8,0,0,0,0,0,0,0,0,0,1,0
1862bdff-b928-4876-90d4-4be3d9c600a6,0,0,0,0,0,0,0,0,0,0,1
1865b6ef-d58b-4111-a380-c8d2e4f31d44,0,0,0,0,0,0,0,0,0,1,0
186e7ccd-545b-4942-8a8e-7e5c722ea989,0,0,0,0,0,0,0,0,0,1,0
1872de80-ebcd-422e-92c4-1ecc0f6122a8,0,0,0,0,0,0,0,0,0,1,0
1875db1d-28f8-4c1e-aad7-822d28ccb241,1,0,0,0,0,0,0,0,0,0,0
187a9db4-101a-4906-90ce-ecb343fb635b,0,0,0,0,0,0,0,0,0,0,1
187d4954-db23-46cc-9be8-0fb9ddbdb669,0,0,0,0,0,0,0,0,0,1,0
1887445d-4621-48a2-8599-c567a086fe1e,0,0,0,0,0,0,0,0,1,0,0
189162a3-3dc4-4296-956d-22b85676421a,0,0,0,1,0,0,1,0,1,0,0
1896c5a6-bf60-44c3-9ead-f55b71ccb49d,1,0,0,0,0,0,0,0,0,0,0
1898d9ef-a6de-4512-a12d-93582448ca4b,1,0,0,0,0,0,0,0,0,0,0
18a1f13e-9b62-4547-8af5-25f3ce45be0d,0,0,0,0,1,0,0,0,0,0,0
18b29356-d907-4f90-a2d3-4a80826fbf30,1,0,0,0,0,0,0,0,0,1,0
18b5f5c5-0ddf-4de9-9a24-62fe62aab824,1,0,0,0,0,0,0,0,0,0,0
18c6f777-3672-41b3-a0fc-84773768bd62,0,0,0,0,0,0,0,0,0,0,1
18c82e6c-75a3-4d05-baca-8e48cd711bd4,0,0,0,0,0,0,0,0,0,1,0
18cac3c8-2b60-4d20-8376-e296082fbd30,0,0,0,0,1,0,0,0,0,0,0
18cd2ea0-a603-4264-bec9-96a4dbf36da9,0,0,0,0,1,0,0,0,0,0,0
18d208d2-d03d-4a04-839b-8ceceb392aad,0,0,0,0,0,0,0,0,0,0,1
18d58bb4-f617-41af-9db5-6298e502d784,0,0,0,0,0,0,1,0,0,0,0
18d70011-3e42-431f-9ecc-b4d48c48e682,0,0,0,0,0,0,0,0,0,1,0
18d7f641-577b-417d-8fac-5186cb77ca31,1,0,0,0,0,0,0,0,0,0,0
18dc8995-34fd-43c8-a458-be896db0303b,0,0,0,0,0,0,1,0,0,0,0
18dd02aa-f7f9-4375-9e8a-87b5a2fd7c86,0,0,0,0,1,0,0,0,0,0,0
18e4b55e-917a-4083-b030-7f57141c2e6b,0,0,0,1,0,0,0,0,0,0,0
18e4d8ad-73df-4dec-a036-1a88397529c2,0,0,0,0,0,0,0,0,0,1,0
18f84cb3-a0e0-45a7-9aaf-153956cac13c,0,0,0,0,1,0,0,0,0,0,0
18fd4a98-c97b-41c8-b198-e6f38f27841c,0,0,0,0,1,0,0,0,0,0,0
19002395-36fa-4b47-8405-5125f195864a,0,1,0,1,0,0,1,0,1,0,0
191905e5-ee33-4577-883f-847edddcc597,0,0,0,0,0,0,0,0,0,0,1
19268c2f-1036-419c-8018-563e1d15af04,0,0,0,0,0,0,0,0,0,0,1
192a9b11-5332-4c14-ad0a-284a616afef3,0,0,0,0,0,0,0,1,0,0,0
192abc66-a763-4d03-a956-abebf35f4be6,0,0,0,0,0,0,0,0,1,0,0
1939f741-912b-4800-bc88-e1b9c380d360,0,0,0,0,1,0,0,0,0,0,0
19494f29-f0fe-48a6-aa59-0754434f508a,0,0,0,0,0,0,0,0,1,0,0
1949ec6c-9a00-4786-b25e-cba665b92484,0,0,0,0,0,0,0,0,0,0,1
194c1e39-9598-4af7-9824-30ed4bb336fe,0,0,0,0,0,0,0,0,0,1,0
194c88d5-95b7-4c46-acbd-447f14e61b47,0,0,0,0,1,0,0,0,0,0,0
1951478f-eab4-4617-ae94-75d94c636fb9,0,0,0,0,0,0,0,0,0,1,0
19758187-7b8a-460c-a0b4-f185ddb94a72,0,0,0,0,1,0,0,0,0,0,0
197763d9-eef0-4e34-a34c-080fd97673e5,0,0,0,0,1,0,0,0,0,0,0
197de472-8cf7-4a28-ba6e-27188c102a83,0,0,0,0,0,0,0,0,0,0,1
198b0fba-c958-4df4-b61d-e4379c762fcf,0,0,0,0,0,0,0,0,0,1,0
198b9f88-d854-4ed1-8096-5d05b2fa38de,1,0,0,0,0,0,0,0,0,0,0
19951da5-6df3-43a2-a12a-07c38da756da,0,0,0,0,1,0,0,0,0,0,0
1997d598-64ea-46c7-9dd9-55a28153e0b3,0,0,0,0,0,0,0,0,0,0,1
19a9196b-37c0-48d9-9b4b-659d832908c2,0,0,0,0,0,0,0,0,0,0,1
19af7958-8494-4f49-826f-8be6cdfaeaa9,1,0,0,0,1,0,0,0,0,0,0
19b230f3-1d29-499a-8bc5-772eaa76aeed,0,1,0,0,1,0,0,0,0,0,0
19b33d12-31d5-4d23-aab8-5e91b14e73b4,0,0,0,1,1,0,0,0,0,0,0
19d0a1b0-f5af-4b05-bd7a-f16b208b72c9,0,0,0,0,1,0,0,0,0,0,0
19d290b2-e14d-4a74-9612-c02309c91a8e,0,0,0,0,0,1,0,0,0,0,0
19d5a62b-8303-4e92-96c2-35b52a9669be,0,0,0,0,0,0,0,0,1,0,0
19dac95b-e069-438b-a6d7-832db487871e,0,0,0,0,1,0,0,0,0,0,0
19dddc96-403c-4588-8773-ec2d44060048,0,0,0,0,1,0,0,0,0,0,0
19e240b8-e326-4c1b-9a11-fc6ba01ebf3a,1,0,0,0,0,0,0,0,0,0,0
19ed44f4-d171-43bf-bf3e-deb2719bc550,0,0,0,0,1,0,0,0,0,0,0
19efa1e0-52c1-402f-99eb-9064020e9e4e,0,0,0,0,1,0,0,0,0,0,0
19fdd0b3-61c7-451b-b738-e1a7528b0871,1,0,0,0,0,0,0,0,0,0,0
1a07d516-13cf-47b5-984b-1a25f0b7f9e3,1,0,0,1,0,0,0,0,0,0,0
1a0b0096-f92d-4668-9758-68c550610128,0,0,0,0,0,0,0,0,0,0,1
1a0eb5cb-99c2-4290-aaa9-a746f669d706,0,0,0,0,0,0,0,0,0,1,0
1a340eb1-d8a1-46f8-aac1-c50ff7f6793a,1,0,0,0,0,0,0,0,0,0,0
1a362273-2704-4302-bff2-7ea683528c8a,0,0,0,1,0,0,0,0,0,1,0
1a3be5b9-f645-4d72-a0f6-0f153101be44,1,0,0,0,0,0,0,0,0,0,0
1a4d1bcc-7cc1-4113-b5e6-933253b7fbc1,1,0,0,0,0,0,0,0,0,0,0
1a545558-dc3e-413d-935f-be9a13195090,0,0,0,0,0,0,0,0,0,1,0
1a5eca67-82e0-4101-81a8-80e8454cf330,0,0,0,1,0,0,0,0,0,0,0
1a6794ed-708c-4780-b202-a07183f1a763,0,0,0,0,0,0,0,0,0,1,0
1a6b3e93-2e7f-46cd-a973-a4d2dab3a449,0,0,0,0,1,0,0,0,0,0,0
1a7f775c-027f-4f9b-ad83-6b588d66daba,0,0,0,0,1,0,0,0,0,0,0
1a81e521-77ad-48a1-b845-62c0c7be9428,0,0,0,0,0,0,0,0,0,1,0
1a82e9e9-6dde-41b9-976a-e92fb7ad745b,0,0,0,0,0,0,0,0,1,0,0
1a92cac3-0785-4142-92b0-922c5f5a6579,0,0,0,0,0,0,0,0,1,0,0
1a99603a-c445-426b-9597-11f99aee0843,0,0,0,0,1,0,0,0,0,0,0
1a9a6d83-f0e5-44ef-955b-f94e3f28e2e6,0,0,0,0,0,0,0,0,0,1,0
1aa36284-64d3-48f3-b217-fd5f2264a3f0,0,0,0,0,0,0,0,0,0,0,1
1aa637b5-8977-4ecc-83ac-b2c831c1a159,0,0,0,0,1,0,0,0,0,0,0
1aaac77e-e714-4fdf-998a-72df45d52b3e,0,0,0,0,0,0,0,0,0,0,1
1aafe3e4-d7ae-4716-821f-cb810f2ff986,0,0,0,0,0,0,0,0,1,0,0
1ab008bf-a440-4319-b0c5-b0f4af5a61b7,1,0,0,0,0,0,0,0,1,0,0
1ab5e4e9-2af6-4bc4-a270-5fd4f075a950,0,0,0,0,1,0,0,0,0,0,0
1abca9ba-feb5-4f09-b49e-83f9a8213bc3,1,0,0,0,0,0,0,0,0,0,0
1abec1e5-7e8c-4ef2-a1ec-67e94007638c,0,0,0,0,0,0,0,0,0,1,0
1ac07778-a372-4629-940a-c6efa70e6390,0,1,0,0,0,0,0,0,0,0,0
1ac6ce0d-b49a-48f5-bbcc-0aaf442304ac,0,1,0,0,1,0,0,0,0,0,0
1acb1148-5f83-4eb0-8aa6-3a632324eb4c,0,0,0,0,0,1,0,0,0,0,0
1adef8d0-f76b-47d4-8243-527a5de3f049,0,0,0,1,0,0,0,0,0,0,0
1ae55497-d35c-4aac-a0bc-5a61054c295f,0,0,0,0,1,0,0,0,0,0,0
1ae7a80d-a121-47ab-b294-84ab9a4c6320,0,0,0,0,0,0,0,0,0,1,0
1af451fd-54a4-4260-b9f1-c52b731ea8ba,0,0,0,0,0,0,0,1,0,1,0
1af6d912-4600-43bc-a75d-15ec5ff196d1,0,0,0,0,1,0,0,0,0,0,0
1af959fd-f817-4f3f-a5d6-717c8a4fe6a1,0,0,0,0,0,0,0,0,0,0,1
1b033c97-1043-41a9-aaa0-eb3dc72ac8fc,0,0,0,0,1,0,0,0,0,0,0
1b0b1f74-9e61-43ea-b4db-68b1c66c6518,0,0,0,0,1,0,0,0,0,0,0
1b0d0609-e969-4c18-9ade-30b507b43469,0,0,0,0,0,0,0,1,0,0,0
1b14278d-636c-4f42-838a-d9f918e50690,0,0,0,0,0,0,0,0,0,1,0
1b1f2c50-39a0-4e3d-845a-c20ad75d7454,0,0,0,0,1,0,0,0,0,0,0
1b202a74-75e0-4e29-a616-e595679affe3,0,0,0,1,1,0,0,0,0,1,0
1b33e7bb-e6b9-4b15-bf77-14217dd67fe0,1,0,0,0,0,0,0,0,0,0,0
1b3948a9-23ed-4b0d-b12d-91f5da9c9f3a,0,0,0,0,1,0,0,0,0,0,0
1b3b619b-d808-4880-a958-0255f103eff4,0,0,0,0,0,0,0,0,0,1,0
1b4f3aea-ca01-4722-818b-e350c30830c7,0,0,0,0,0,0,0,0,0,0,1
1b524861-a54a-456b-97ee-09dc3146217b,0,0,0,0,0,0,0,0,0,0,1
1b525cad-a53c-4a79-9ba5-09dba9259160,1,0,0,0,0,0,0,0,1,0,0
1b5e9b68-a2a8-4acf-ac17-c78b9fe51ea4,0,0,0,0,0,0,0,0,0,1,0
1b68def0-c711-4253-b491-4ee1b813a3c6,1,0,0,0,0,0,0,0,0,1,0
1b6fc441-d5d4-4b45-8032-3d0c254a93f7,0,0,0,0,0,0,0,0,1,0,0
1b748790-d3b4-4d2f-9ff2-c3f6ce63d504,0,0,0,0,1,0,0,0,0,1,0
1b772835-ce2e-4163-bbf2-1722318bf2df,0,1,0,0,0,0,0,0,0,0,0
1b801be3-fab4-4b2b-b168-fae5fc3b583c,0,0,0,0,0,0,0,0,0,0,1
1b86e9e0-4355-401c-9fb3-cf902e50830f,0,0,0,0,0,0,0,0,1,0,0
1b9152d0-de14-420e-8624-c16d6a365854,1,0,0,0,0,0,0,0,0,0,0
1b9498a9-98d8-457e-8aec-639ee1dae9b9,0,0,0,0,1,0,0,0,0,0,0
1ba14ece-7f2a-4c3a-ac56-534c9bffd61a,0,0,0,0,0,0,0,0,0,1,0
1bbb9d75-4fb0-4c11-ab42-b68cd1b08ca0,0,0,0,0,0,0,0,0,0,0,1
1bc2d359-d00d-4dcc-a5fa-9470da57da25,1,0,0,0,0,0,0,0,0,1,0
1bc7e2c8-c26c-450a-aad7-b92c79f6a8d5,0,0,0,0,1,0,0,0,0,0,0
1bcff384-9e92-4f5b-83c9-e4cf7d68cae1,0,0,0,0,1,0,0,0,0,0,0
1bd0bfb2-8e02-4638-8da0-919a5a306c1b,1,0,0,0,0,0,0,0,0,0,0
1bdbfe51-5237-45cc-95c4-ae68dcd645c2,0,0,0,0,1,0,0,0,0,0,0
1bde53ed-060e-4dd5-977f-5e91b81e17b6,0,0,0,0,0,0,0,0,0,0,1
1bdf36b1-41ed-4e33-8eab-8993e3a90146,0,0,0,0,0,0,0,0,0,0,1
1be9a77e-64cc-4335-a3d2-5d5e2fc7e88e,0,0,0,0,0,0,0,0,0,1,0
1becce62-e46b-4776-9928-8bf32f801c02,0,0,0,1,0,0,0,0,0,0,0
1bf1a4f4-7765-4553-af05-0e54109f1752,0,0,0,0,0,0,0,0,0,0,1
1c04b2d6-3cf9-4260-8463-9bb18ab59c5a,0,0,0,1,0,0,0,0,0,1,0
1c1126e1-9b61-49bd-b65b-8f58bd8cc710,0,0,0,0,0,0,0,0,0,1,0
1c131b6c-5616-48a6-a7b9-4be3b4fa86d2,0,0,0,0,1,0,0,0,0,0,0
1c15b1ae-8bdf-4d44-9873-37146f3f7b93,0,0,0,0,0,0,0,0,0,0,1
1c1dc6c1-6dba-44c5-a729-87fade7998b7,0,0,0,0,0,0,0,0,0,0,1
1c231e24-049e-44c0-9d99-dec4b9c73585,0,0,0,0,0,0,0,0,0,1,0
1c336c8c-29b1-44fd-898a-bdbca917a76c,0,1,0,0,0,0,0,0,0,0,0
1c3b0785-0cae-468d-90eb-2610035e9e8f,0,0,0,0,1,0,0,0,0,0,0
1c4308e2-a45a-45d3-8f6b-023ed962f1a6,0,0,0,0,1,1,0,0,0,1,0
1c527586-df5c-43f9-80a4-e760d5282400,0,0,0,1,0,0,0,0,0,0,0
1c70d672-5169-4aff-a762-a115253412c3,0,0,0,0,0,1,0,0,0,1,0
1c73016d-0595-40b8-91ff-a37934c674e8,0,0,0,1,0,0,0,0,0,0,0
1c81b2af-d5f8-4887-8b44-4de7fce4f40a,1,0,0,0,0,0,0,0,0,0,0
1c8609e7-db22-4616-b4b6-1f970ad9f334,0,0,0,0,1,0,0,0,0,0,0
1c8a52b6-be41-4628-8d16-7155cf7ad3a1,0,0,0,1,1,0,0,0,0,0,0
1c8d35f4-22e1-406a-b881-1716b016105f,0,0,0,0,0,0,0,0,0,1,0
1c907ec9-9d0b-4b3f-a1bf-023ac1499032,0,0,0,0,1,0,0,0,0,0,0
1c90a464-a1b7-4993-880e-4f1cbcb120d5,0,0,0,0,1,0,0,0,0,0,0
1c99c30e-176c-4959-9dbf-fb8b9fc4f188,0,0,0,0,0,0,0,0,0,0,1
1c9ff611-a507-4fce-8f3b-e895de9caa99,0,0,0,0,1,0,0,0,0,0,0
1ca1dc8d-ae22-4732-ad63-affa93c62314,0,0,0,0,0,0,0,0,0,1,0
1cabf827-2253-4082-a581-ef1f22a2bde1,0,0,0,0,1,0,0,0,0,0,0
1cb1ae4a-f5bd-469d-8e40-dd598cf6e4c2,0,0,0,0,0,0,0,0,0,0,1
1cbac652-f57c-4c82-ad5d-c25381c0b13f,0,0,0,1,0,0,0,0,0,0,0
1cc14700-6464-4653-b744-9ddb06012c75,1,0,0,0,0,1,0,0,1,0,0
1cc15503-622e-479e-8413-f1353be69fd2,0,0,0,0,1,0,0,0,0,0,0
1cc166c6-8ad3-41fe-b06d-c7b3d65c20c5,0,0,0,0,0,0,0,0,0,0,1
1cc5b20f-d631-4672-bed3-11cddae98f26,0,0,0,0,0,0,0,0,1,0,0
1cc7dec0-0e9c-4ee9-b56c-5ce0ad321b8e,0,0,0,0,0,0,0,0,0,0,1
1cc7f827-b015-48c5-8ca1-d54bbb0a89fa,0,0,0,0,0,0,0,0,0,1,0
1ccb18b3-a64b-4161-ae0a-63063747d259,0,0,0,1,0,0,0,0,0,0,0
1cceb3e9-e5a5-4fcf-84b1-92761f435efb,0,0,0,0,1,0,0,0,0,0,0
1cda602f-78d7-4ed7-84f9-391797b3786f,0,0,0,0,0,1,0,0,1,0,0
1cde90e0-3d4e-4a4d-90cc-aa80d976c66f,0,0,0,0,1,0,0,0,0,0,0
1ce05ba4-b909-4d67-b6ba-d3836c280de2,0,0,0,0,0,0,0,0,0,0,1
1ce147fd-d18d-41d6-86b6-22794812e95b,0,0,0,0,0,0,0,0,1,0,0
1ce3c543-dd62-406c-a414-380117a33db6,0,0,0,0,1,0,0,0,0,0,0
1ce7e2a2-724a-40f9-8054-2c6edb4f55b6,1,0,0,0,0,0,0,0,0,1,0
1d022bee-cd3a-497d-afe4-87814951257b,0,0,0,0,1,0,0,0,0,0,0
1d049978-87db-458a-b3fc-d14c74c3c45f,0,0,0,0,1,0,0,0,0,0,0
1d0d5e61-aa37-4fcb-bbb6-792cfe644164,0,0,0,0,0,0,0,0,0,1,0
1d124d13-1a78-4a74-8bef-672a2f9f7dba,0,0,0,0,0,0,0,0,1,0,0
1d1562d6-3519-444d-9b1d-aa02dc1a4332,0,1,0,0,0,0,0,0,0,0,0
1d16aff6-577e-42ff-a046-8cc129aff70c,0,0,0,0,0,0,0,0,0,1,0
1d2dedfa-59bf-49ac-9e19-72f1649abca2,0,0,0,0,0,0,0,0,0,1,0
1d386916-2996-47fb-9482-1c7241333270,0,0,0,0,0,0,0,0,0,1,0
1d3e565e-9e7e-415c-ae43-b4d1ffc270aa,0,0,0,0,0,1,0,0,1,1,0
1d416f8f-334f-45ee-8eb4-ba893610c8a5,0,0,0,0,1,0,0,0,0,0,0
1d45bffb-3f00-42ed-8823-ac48dc107c88,0,0,0,0,0,0,0,0,1,0,0
1d4699ef-ea86-4924-8e40-ff1f43df62b0,0,0,0,0,0,0,0,0,0,1,0
1d537ea7-6468-4aba-8a60-008d2f185389,0,0,0,0,1,0,0,0,0,0,0
1d5d0d5c-6ea9-4c11-80ff-df80351cf687,0,0,0,0,1,0,0,0,0,0,0
1d648336-31fc-4871-82d2-c7c93ed147df,0,0,0,0,0,0,0,0,0,1,0
1d6d5419-1060-48df-9e35-dd5999c99991,0,0,0,0,0,0,0,0,0,0,1
1d710f4c-3a09-40f8-9d12-64e965060aaa,0,0,0,0,0,0,0,0,1,1,0
1d754336-b947-434b-ad25-f4e9ec93e8c2,0,0,0,0,0,0,0,0,0,0,1
1d7c3fff-5ac4-4645-919b-70962f5b1f10,0,0,0,0,0,0,1,0,0,0,0
1d830963-3784-4fb7-9e52-81902a294497,0,0,0,0,0,0,0,0,0,1,0
1d9726b4-5940-4729-a230-e400051025fd,0,0,0,0,0,0,0,0,0,1,0
1d98002c-4600-415a-9a9e-d28b1b0af9e5,0,0,0,0,0,0,0,0,1,0,0
1d991cfd-762e-467b-ac77-edf76900433b,0,0,0,0,0,0,0,0,1,0,0
1d9f9d14-06dc-4e93-91ad-05f4002435c0,1,0,1,0,1,0,0,0,0,1,0
1da3d938-5b30-45e5-b7c4-e84c02a09044,0,0,0,0,0,0,0,0,0,1,0
1da950aa-c629-423a-9cd8-c3df7c532a22,0,1,0,0,1,0,0,0,0,0,0
1dabf023-924a-4a76-9554-61f5bf450812,0,0,0,0,0,0,0,0,0,0,1
1db2453c-420d-41f2-a4a2-f3d4c797fb26,0,0,0,0,1,0,0,0,0,0,0
1dbcf4ef-b782-4f47-9b52-b90cd7ced79c,1,0,0,0,0,0,0,0,0,0,0
1dbf28f3-5009-424a-b79e-a74966311c4e,1,0,0,0,0,0,0,0,0,1,0
1dd3b490-9714-4aa9-999e-8fc093520f3f,0,0,0,1,0,0,0,0,0,0,0
1dd94ded-9717-4e1c-997d-49b5d45e95f6,0,0,0,1,0,0,0,0,0,0,0
1de1b6ef-4f8c-45b7-9d75-ea292fd3d75b,0,0,1,0,0,0,1,0,0,1,0
1de3c01c-1234-4e81-9982-d2550e643229,0,0,0,0,0,0,0,0,0,0,1
1de7f457-902b-4fc7-acb3-14b1a87144c3,0,0,0,1,0,0,0,0,0,0,0
1de9bd4d-9593-46d6-85be-6ab165c27e0c,0,0,0,0,1,0,0,0,0,0,0
1debce67-0336-4479-897b-8a962735d498,0,0,0,0,0,0,0,0,0,1,0
1df0c3fb-eb6d-4ead-a007-81aaf284a987,0,0,0,0,0,0,1,0,0,0,0
1df1c4d9-889b-446c-99e5-c5a03ce6e402,0,0,0,0,0,0,0,0,0,1,0
1df33def-b1e5-4a87-a652-c1300048f829,1,0,0,0,0,0,0,0,0,0,0
1dfabd71-5afb-47b4-937d-794e371d9e38,0,1,0,0,0,0,1,0,0,0,0
1e0338b1-3f6c-4ebb-a454-196e3f3b8a6c,0,0,0,1,0,0,0,0,0,0,0
1e0b7575-a43e-4f91-875b-dddae6fdd1da,0,0,0,0,0,0,0,0,0,0,1
1e0e4b65-0298-4d1c-b011-f54aef5cb5ac,0,0,0,0,1,0,0,0,0,0,0
1e0fe1e9-2f1b-41e0-afe5-595509fadec1,0,0,0,0,1,0,0,0,0,0,0
1e2dee9e-9ac9-486a-9e2c-1b78e16edf15,0,0,0,0,0,0,0,0,0,1,0
1e36ea8d-fb05-402a-b2b4-850cf99a4cd3,0,0,0,0,1,0,0,0,0,0,0
1e4263c5-5972-41fe-beb0-ba44aff5c3a5,0,0,0,1,0,0,0,0,1,0,0
1e428ae3-42a7-49ff-bd12-a54fc30ac725,0,0,0,0,0,0,1,0,1,0,0
1e42bf12-80a4-474c-a3d0-f0897aecc213,0,0,0,0,1,0,0,0,0,0,0
1e4a3d35-9069-42a4-be6e-81f2259f26eb,0,0,0,0,1,0,0,0,0,0,0
1e553612-67ce-4022-8f34-2a192cfc446f,0,0,0,0,1,0,0,0,0,0,0
1e55978b-309c-4b0c-b816-49c5b33f8e32,0,0,0,0,0,0,0,0,0,0,1
1e5b4f7a-5fc9-4966-998a-9978b1debadd,1,1,0,0,1,0,0,0,1,0,0
1e72a8f0-bcb2-4b7f-9e12-ae1d6dce40b6,1,0,0,0,1,0,0,0,0,0,0
1e73316d-7e97-4417-a254-e31cb523005c,0,0,0,0,0,0,0,0,0,0,1
1e7405e3-6193-4b34-9a93-9e08ae35aca5,0,0,0,0,1,0,0,0,0,0,0
1e78c0db-8386-4cb4-b8a4-b89d838e29e1,0,0,0,0,1,0,0,0,0,0,0
1e7cb565-59e9-4d80-85ca-d3fcf574ffb6,0,0,0,0,1,0,0,0,0,0,0
1e7d1482-c4a8-4c2a-bb0c-4342d3a03819,1,0,0,0,0,0,0,0,0,0,0
1e8239d7-71c9-4417-b626-ae1d50e225fc,0,0,0,0,0,0,0,0,0,1,0
1e90fb28-feb6-4fb1-9bd4-4e4708822cb5,0,0,0,1,0,0,0,0,0,0,0
1e92df7a-e87e-4c28-87f0-f0714363b87c,0,0,0,1,0,0,0,0,0,0,0
1e9835bf-40ce-4fe0-9595-a7cc945e0fdf,1,0,0,0,0,0,0,0,0,0,0
1e9fa82e-0e57-4509-b02b-a5d7d3181870,0,0,0,0,0,0,0,0,1,0,0
1eae6cfc-2859-4e3d-9e0b-a8a2d90605ad,0,0,0,0,0,0,0,0,0,1,0
1eb23b21-8537-4441-9557-222b49adb38b,1,0,0,0,0,0,0,0,0,0,0
1ebf7214-e7bb-4ec0-b9f2-7840d8336b6e,0,1,0,1,0,0,0,0,0,0,0
1ec15000-0e81-42bd-94bb-c24413c59c02,0,0,0,0,0,0,0,0,0,1,0
1ed15431-4d30-43f4-b475-568f1b130ec5,0,0,0,0,1,0,0,0,0,0,0
1ed243e3-4f33-44b2-a1f3-bb9d40bf8d8a,0,0,0,0,0,0,0,0,1,0,0
1ed70aeb-452d-452b-b006-91d7a48b7e30,0,1,0,0,1,0,0,0,0,0,0
1ed84164-d962-4b27-a55d-07dfee1486a0,0,0,0,0,1,0,0,0,0,0,0
1ee40e3f-9e5c-412f-98d3-2dcaf1fa25d9,1,0,0,0,0,0,0,0,0,0,0
1ee62f44-ed8b-41ed-af4f-ffc524423bef,0,0,0,0,0,0,0,0,0,1,0
1eea9886-e17d-4703-89ca-d8a23021013a,1,0,0,0,0,0,0,0,0,0,0
1ef21337-4329-4e44-a52a-8851eaf6198a,0,0,0,0,1,0,0,0,0,0,0
1ef5b86d-4ac6-4425-ad99-bb81f6edb29b,0,0,0,0,0,0,0,0,1,0,0
1ef798d8-7763-4800-a6ee-b7393b46c8ee,0,0,0,0,0,0,0,0,0,0,1
1efbf78f-e63a-4f6e-9688-a339c64907d7,0,0,0,0,0,0,0,0,1,0,0
1f093bc1-34a4-464f-978e-3d3484a166de,0,0,0,1,0,0,0,0,0,0,0
1f0d690e-d668-410c-b72d-3c041c8a9e8b,0,1,0,0,1,1,0,0,0,0,0
1f10b6d7-0819-4563-9686-4e17ee02ca89,0,0,0,1,0,0,0,0,0,0,0
1f11bd78-8a8d-4c52-9dc3-9374d9eb4df6,0,0,0,0,1,0,0,0,0,0,0
1f153ef4-81af-48e5-a5d3-9eab3a140480,0,0,0,0,0,0,1,0,0,0,0
1f1695d2-c025-4d4c-b142-4764296c10d2,0,0,0,0,0,0,0,0,1,0,0
1f284bc7-0860-44ba-aadc-b795c54ad76e,0,0,0,0,1,0,0,0,0,0,0
1f300d32-c47a-4271-8bea-55486ac12740,0,0,0,0,0,0,0,0,0,0,1
1f312302-ad6a-4e70-b94f-b79e9467dbee,1,0,0,0,0,0,0,0,0,0,0
1f356b9f-ca80-472d-b8c5-fc21fd973857,0,0,0,0,0,1,0,0,0,0,0
1f382828-c6a7-4a75-81cd-2d1c89d2db56,0,0,0,0,1,0,0,0,0,0,0
1f3ba809-7b97-4e27-b204-82e645621c85,0,0,0,0,0,0,0,0,0,1,0
1f405ebb-1d92-4c42-9249-d3650184a4db,0,0,0,0,1,0,0,0,0,0,0
1f41751c-22b0-4250-8a48-b80f1d2362d0,0,0,0,0,1,0,0,0,0,0,0
1f43e459-c2e0-4798-b3e2-ac28202da4a5,0,0,0,0,0,0,0,0,0,1,0
1f525e31-2f18-43b7-907d-05670b3900bf,0,0,0,0,0,0,0,0,0,0,1
1f54a1b8-8fb6-4998-9d0e-666d742c2c4b,0,0,0,0,0,0,1,0,0,0,0
1f664bf7-4699-46f2-b580-d0dfdb1f69b1,0,0,0,0,1,0,0,0,0,0,0
1f678aa8-f0bb-46ed-a5e3-6ddc0c5a39a7,0,0,0,0,0,0,0,0,0,0,1
1f717aaf-d6e6-4007-bc87-49f705284c0c,0,0,0,0,0,0,0,0,0,1,0
1f74fc6b-6394-4bb1-b887-2e0b9046dd6f,0,0,0,0,0,0,0,0,0,1,0
1f75c850-e17b-4ffc-b935-dfc4461530ee,0,0,0,0,0,0,0,0,0,1,0
1f7c285b-0a10-4545-be75-ab893020de69,0,0,0,0,1,0,0,0,1,0,0
1f7fa68f-91d1-4e46-b14b-4f36c5882f40,0,0,0,0,0,0,0,0,0,0,1
1f851528-cbd9-4cb5-bfb9-aaaffa104c84,0,0,0,0,0,0,0,0,1,0,0
1f8aa7a0-cf48-4a07-95df-65a7f487836c,0,0,0,0,1,0,0,0,0,0,0
1f8ac405-e787-46ed-aef5-de2c0767325d,0,0,0,0,0,0,0,0,0,1,0
1f8d81ba-4cab-4efb-974d-14fb47137a29,0,0,0,0,1,0,0,0,0,0,0
1f8db0ac-09f0-4f91-9be4-2a478440bf4b,0,0,0,0,1,0,0,0,0,0,0
1f8f7999-5bb9-4887-aadb-e8cef83db761,1,0,0,0,0,0,0,0,0,1,0
1f9d01a0-ddad-4e1d-b223-3061f9bc7d39,0,0,0,0,0,0,0,0,1,0,0
1fa020e7-bf55-4fa1-83f2-b899a63137e0,0,0,0,0,1,0,0,0,0,0,0
1fa02a1c-1905-4ba3-9a11-54a310a2d092,1,0,0,0,0,0,0,0,0,0,0
1fb48c34-8a3b-4d64-96c4-e358a761dec9,1,0,0,0,0,0,0,0,0,0,0
1fbafa43-0505-4f41-935b-3f8acfe95daf,1,0,0,0,0,0,0,0,0,0,0
1fbffed5-e6d4-43bb-bc46-239825281016,0,0,0,0,1,0,0,0,0,0,0
1fc6214d-aeca-45fa-bd67-2fde702da638,0,0,0,0,0,0,0,0,0,0,1
1fc62ef8-0bc9-42c1-a7d9-8e52cdbe2267,0,0,0,0,1,1,0,0,0,0,0
1fca6537-9a9e-447e-ba9b-6622ca316575,0,0,0,0,1,0,0,0,0,0,0
1fdeb728-a3d8-4e0a-8b1e-4072410c3939,0,0,0,0,0,0,0,0,0,1,0
1fe26a11-9bca-4664-b8ab-dd13afce4792,0,1,0,0,0,0,0,0,0,0,0
1fe46b4d-c63a-486c-98ad-bd6925b1df2d,0,0,0,0,0,0,0,0,0,1,0
1fec6764-94f8-42bc-af8f-b9525a492a1c,0,0,0,0,1,0,0,0,0,0,0
1fefb91d-83e5-4340-a0bd-8f2f76e1eef9,0,1,0,0,0,0,0,0,0,1,0
1ff2e731-a78b-43e9-84e7-31fb110a75bd,0,0,0,0,0,0,0,0,0,1,0
1ff8b224-cd8f-46b9-82f5-8145df7efe79,0,1,0,0,1,0,0,0,0,0,0
2005470f-8338-49c1-a3a1-e54c58e7650f,1,0,0,0,0,0,0,0,0,0,0
2010f6f6-2c9e-46f9-9184-4d6fa6a56a0b,0,0,0,0,0,0,0,1,0,0,0
2011491d-b262-46c8-b2a0-c0b3b1b3d4da,0,0,0,0,0,0,0,0,0,0,1
2011f768-1b7b-4066-b949-fb34299648e2,0,0,0,0,1,0,0,0,0,0,0
2014b5c6-6676-46b5-af33-35af8b21da23,0,0,0,0,1,0,0,0,0,0,0
2029c4c8-4b78-4059-b094-033c743aa2b3,0,0,0,0,0,0,0,0,1,0,0
202f9a92-6755-4106-8eed-b17797ed2a2c,0,0,0,1,0,0,0,0,0,0,0
20367c31-b9de-4e75-a2a5-510e814dfbf1,0,0,0,0,0,1,0,0,0,0,0
203bb33d-e4fd-47f4-a821-72474ab69c9a,0,0,0,0,1,0,0,0,0,0,0
203bc444-500b-440e-8b3e-148bdf970d5d,0,0,0,0,0,0,0,0,0,1,0
203bf980-e192-4485-9beb-f1d975fd982a,0,0,0,0,0,0,0,0,0,0,1
2042bd86-e010-4cb9-999e-7b1590859124,0,0,0,0,0,0,0,0,0,1,0
204b2bd5-127f-4dd4-8dd3-23be36f6b1f2,0,0,0,0,0,0,0,0,1,0,0
2055e5d0-1451-468f-ae1b-533c44610d1a,0,0,0,0,1,0,0,0,0,0,0
205698fe-fbf4-4752-82bc-c3dfe5fd4daf,0,0,0,0,0,0,0,0,0,1,0
2061dc9b-f9a1-451e-8b38-30e53c36f818,0,0,0,0,0,0,0,0,1,0,0
2062b5aa-c042-48ad-917b-62fff0530cb0,0,0,0,0,0,0,0,0,1,0,0
206505f9-029e-4367-8762-d355fe7f4c4c,0,0,0,0,1,0,0,0,0,0,0
206cea43-c366-49b2-86be-2d600efc9da5,0,0,0,0,1,0,0,0,0,0,0
20704628-85c0-4d97-9e52-891d4215f830,0,0,0,0,0,0,0,0,0,1,0
2072ad56-e8f5-4125-ae9f-975b6f9f5bf2,0,0,0,0,1,0,0,0,0,0,0
20780f05-331f-482b-9351-f54048a6cda6,0,0,0,0,1,0,0,0,0,0,0
20788e8b-118b-424f-96cb-24f5b29de9ab,0,0,0,0,1,0,0,0,0,0,0
207e5dff-b460-45f0-a713-a1b09315b6d1,0,0,1,0,0,0,0,0,0,0,0
208340c9-389a-4ab0-b53e-e41634a4935f,1,0,0,1,0,0,0,0,0,0,0
20854f01-9898-4b22-a75c-fdcec33ed83a,0,0,0,0,1,0,0,0,0,0,0
2093edd6-fa06-44fc-b6cf-e32a0ffeed70,0,1,0,0,1,1,0,0,0,0,0
2097f170-0d60-4605-a9d3-00a08acc0c39,0,0,0,0,1,0,0,0,0,0,0
20996c3f-b77e-43c2-bee0-1abbd9725e0f,1,0,0,0,0,0,0,0,0,0,0
209efa71-4ebf-498e-ae23-1719016a28f7,0,0,0,0,1,0,0,0,0,0,0
20a123bf-067e-4751-a798-eb280fa9f549,0,0,0,0,0,0,0,0,1,0,0
20a27967-2a2e-4866-b9a8-09ab29759309,1,0,0,0,0,0,0,0,0,0,0
20a83bcb-911c-4e98-9018-9fb4e72991b7,0,0,0,0,0,0,0,0,0,0,1
20b5dcbe-9f8f-4c3a-9626-ce971880c34c,0,0,0,0,0,0,0,0,1,0,0
20bdc8c9-b4bd-4346-8c3a-7a83ec7364bf,0,1,0,0,1,0,0,0,0,0,0
20c0f9a4-715a-42ce-969a-cc7651643c91,0,0,0,0,1,0,0,0,0,0,0
20c2893e-b107-4542-b93f-c1bed36010f6,0,0,0,1,0,0,0,0,0,0,0
20c9e5ae-a46c-4b0b-a01c-c94972b8880b,0,0,0,0,0,0,0,0,0,0,1
20ca2612-fcb8-4373-b440-d15c55d68e48,0,0,0,0,1,0,0,0,0,0,0
20d75c6e-b350-4afa-940f-f5e6990e8c5c,1,0,0,0,0,0,0,0,1,0,0
20dcd72a-ccce-4ad5-a1f4-85753bffd502,1,0,0,0,0,0,0,0,0,1,0
20e238dc-69ef-43b6-9b1d-3744a76866f2,0,0,0,0,0,0,1,0,0,0,0
20ea1021-e663-4bcb-925c-ffdd18eb980d,1,0,0,1,0,0,0,0,0,0,0
20f20012-bf22-4192-bcf9-6297a68a24ad,0,0,0,1,0,0,0,0,0,0,0
20f22b3a-69c1-422c-997e-084085f2beaf,1,0,0,0,0,0,0,0,0,0,0
20f59102-f503-4a2e-be02-fa3a23148b57,0,1,0,0,0,0,0,0,0,0,0
20ff18a2-e11c-440d-bf73-4c58a7af7862,0,0,0,0,1,1,0,0,0,0,0
210007b4-69be-4bed-9707-88a340fad262,0,0,1,0,0,0,0,1,1,0,0
21014873-957e-4830-83b0-cc1e11efb7ff,0,0,0,0,0,0,0,0,1,1,0
2108dcc5-0d1f-482d-9838-9c0537ff2a86,0,0,0,0,1,0,0,0,0,0,0
211ed843-5531-408b-b4a9-9c82b4f39eb8,0,0,0,0,1,1,0,0,0,1,0
211f3930-c2f2-4116-a701-629afcf0c5b8,0,0,0,0,0,0,0,0,0,1,0
2122db5b-ce00-4563-8ed8-e61a767e47db,0,0,0,0,0,0,0,0,0,0,1
212397ce-8fcc-4d2e-b289-4f8e536d45bf,0,0,0,0,0,0,0,0,0,0,1
2129c78e-9594-48fe-b685-eaf9076769e5,1,0,0,0,0,0,0,0,0,1,0
213174cb-84f0-46da-8557-21cf858a25ca,0,0,0,0,0,0,0,0,1,0,0
2137e4f5-af23-459b-a763-0f5df6be32cc,0,0,0,0,1,0,0,0,0,0,0
213ac732-9b26-4a67-9167-a2007695a948,0,0,0,0,0,0,0,0,0,0,1
2141e8dc-fb6d-4389-8da0-37c8e358441d,0,0,0,0,1,0,0,0,0,0,0
21453e44-1419-4665-800c-ca0dc0037448,0,0,0,0,0,1,0,0,0,1,0
214f5b81-93a8-4801-a17b-06459490eec8,0,0,0,1,1,0,0,0,0,0,0
21513beb-b90a-4ff7-aa93-ea416e41d89f,0,0,0,0,0,0,0,0,1,0,0
2154e285-2f1b-4c7f-8e0c-8f5d3044d1ff,0,0,0,1,0,0,0,0,0,0,0
21582411-b8d2-48be-851b-c25f53481a80,0,0,0,0,1,0,0,0,0,0,0
2159f4ec-5154-4a7d-8c80-2325ab4b1368,0,0,0,0,0,0,0,0,0,0,1
215ca069-07ce-46bd-8616-8b0e072bde40,0,0,0,0,0,0,0,0,0,0,1
215fa0cb-bc88-479a-8caa-4fcfaaf144ba,0,0,0,0,1,0,0,0,0,0,0
21600590-5480-45ab-a4a3-277eb492f398,0,0,0,0,0,0,0,0,0,0,1
216cd1e8-7e1f-4b87-aa4e-aaa2cceebe17,0,0,0,1,0,0,0,0,0,0,0
21710573-d700-4a7c-a2d5-0bb35f492e82,0,0,0,0,1,0,0,0,0,0,0
217f3871-c6d0-49dc-8a2c-b22311bf63fc,0,0,0,0,0,0,0,0,1,0,0
217ff243-240c-4c16-b95b-9df8c079ffa5,0,1,0,0,1,0,0,0,0,0,0
21833626-650c-4843-8a86-1c38172bcd10,0,0,0,1,0,0,0,0,0,0,0
2191b3c3-a402-42e7-a563-11de1c510604,0,0,0,0,1,0,0,0,0,0,0
219c364d-0616-45e1-b266-644c1bcacc34,0,0,0,0,0,0,0,0,0,0,1
21a421dd-024a-4d75-8abd-5ecd1aad1a81,0,0,0,0,0,0,0,0,0,1,0
21ab772f-cd47-4e51-bade-a1a289cd8fcd,0,0,0,0,0,0,0,0,0,0,1
21acd676-1ad9-474c-ad28-8502b58d44ab,0,0,0,0,1,0,0,0,0,0,0
21b30d24-5b64-4178-9dc1-281a37f9e6eb,0,0,0,0,0,0,0,0,0,0,1
21b5a4f0-5d5a-4789-97a7-40ca76f31b81,0,0,0,0,0,0,0,0,0,1,0
21cd2e2b-74b5-4a54-837d-374b63fee205,0,0,0,0,0,0,0,0,0,1,0
21ddc8fa-c55d-47e0-a8f5-4924c3fbfeb5,0,0,0,0,0,1,0,0,1,1,0
21e6ea2d-479d-46fe-8d88-5928bb3b5187,0,0,0,0,1,0,0,0,0,0,0
21ec0a10-562c-43eb-9090-ffe9fa87bac5,0,0,0,0,1,0,0,0,1,0,0
21f4fbf3-6155-42eb-a53a-fc8404265915,0,0,0,1,0,0,0,0,0,0,0
21f63ef5-1717-409c-87e4-0b7d746cfbc8,0,0,0,0,0,0,0,0,0,0,1
21fe4a2e-ccad-43af-bd88-4dfd346dfb2a,0,0,0,0,0,1,0,0,0,1,0
2212458c-ad38-4f92-b11d-b6cec34ba751,0,0,0,1,0,1,0,0,0,1,0
22139bd0-e4a4-4906-8ad0-24b7f7df3546,0,0,0,0,0,0,0,0,0,1,0
2239abbd-86ef-48a8-8915-a006ccf620f0,0,0,0,0,0,0,0,0,0,1,0
223da99a-0b9d-42ee-850d-21e9f12d1509,0,0,0,0,1,0,0,0,0,0,0
22461d01-09d5-4eed-90a5-97a94ce7d9d8,0,0,0,0,0,0,0,0,0,0,1
2246ab44-0920-467a-b057-c8ac96b3a3db,0,0,0,0,0,1,0,0,0,1,0
224a5ad9-d831-4f6f-9efa-4531020568eb,0,0,0,0,0,1,0,0,0,1,0
225c40cf-c0ad-489a-a074-e8332b2b75fd,0,0,0,0,1,0,0,0,0,0,0
225ffa7c-d52f-46d7-8a44-f90dbaebd0ed,1,0,0,0,0,0,0,0,0,0,0
226a3466-0fba-435a-a415-7a77b4ffd764,1,0,0,0,0,0,0,0,0,0,0
2271dded-43c8-48ac-823c-e305aebb8139,0,1,0,1,1,1,0,0,0,0,0
22827f48-21c5-476d-8830-5b9470304818,0,0,0,0,0,0,0,0,0,1,0
228b6c4e-a86c-4428-a348-458281690bee,1,0,0,1,0,0,0,0,0,1,0
228cc4b9-9109-4016-81fb-7d8112fe3c1e,1,0,0,0,0,0,0,0,0,1,0
2290683f-779a-4d13-abc5-a8262de61780,1,0,0,1,0,0,0,0,0,0,0
229203dc-8f0d-4b6c-969e-3f5f6df439fe,0,0,0,0,0,1,1,1,0,1,0
2295e6d1-2b0d-4bef-9c40-8123eed09bf3,0,0,0,0,1,0,0,0,0,0,0
2296b280-b40e-4189-bca3-4e672323583d,0,0,1,1,0,0,1,1,0,0,0
229e420f-8bd1-4f61-8dd7-49f5ba4a4ba5,0,0,0,0,0,0,0,0,1,0,0
22a62253-f72a-44c3-a9ab-742cbe74bb38,0,0,0,0,1,0,0,0,0,0,0
22a725c0-03c5-4e54-b6ce-00c2d3ee177f,1,0,0,0,0,0,0,0,0,1,0
22aa4893-621b-4b1e-b80d-5c081f9b0fc4,1,0,0,0,0,0,0,0,0,1,0
22adff07-c120-44c0-a29b-9d0f99292765,0,0,0,0,0,1,0,0,0,1,0
22ae55f5-bee8-430c-a0c7-da59bd17b0d9,0,0,0,0,0,0,0,0,0,1,0
22afc9f1-4af6-476e-be07-9ab82c17bb05,0,0,0,0,1,0,0,0,0,0,0
22b08f5a-5205-4f7b-a8d2-29aa8baff640,0,0,0,0,0,0,0,0,0,1,0
22b88033-318e-410c-88e3-25f40d58c92b,0,0,0,0,0,0,0,0,0,1,0
22c527d6-19f4-42f3-ae4a-5da7ef8f8016,0,0,0,0,0,0,0,0,0,1,0
22c940b6-50ba-42b5-86e5-af0ee112cfc8,0,0,0,0,0,0,0,0,0,1,0
22d01550-2362-4cd1-a7d2-d769e1609c5b,0,0,0,0,0,0,0,0,0,1,0
22d66c8a-4a9a-424a-9ef7-7cb6bde22ed8,0,0,0,0,1,0,0,0,0,0,0
22d6add9-5ab4-4ca5-a17f-9429cfa5c800,0,0,0,0,1,0,0,0,0,0,0
22d8d72a-4eda-4341-b157-cf0810304228,0,0,0,0,0,1,0,0,0,0,0
22e1d3b7-a287-4cc9-9d36-be1132ab3a90,0,0,0,0,0,0,0,0,0,1,0
22ee14a5-0811-4e6e-b584-e85baddc623f,0,0,0,0,0,0,0,0,0,0,1
22ee2534-1025-430b-af72-ec4bba49d03b,0,0,0,0,0,0,0,0,1,0,0
22f11bea-1fc1-4368-9da3-688d63301f38,0,0,0,0,1,0,0,0,0,0,0
22f3ea12-38e0-48c9-95d2-11fb0629c037,0,0,0,0,0,0,0,0,0,0,1
22f7343e-9f67-4669-88ae-3a791cbaa624,0,0,0,0,0,0,0,0,0,0,1
22fe64da-bc0b-4441-9b7f-f69ad5133b98,0,0,0,0,0,0,0,0,1,0,0
22ffec56-3464-4200-aa77-7718d531c45d,0,0,0,0,0,0,0,1,1,0,0
2310acdf-d415-40f7-999a-676efd5bf87d,0,0,0,1,0,0,0,0,0,1,0
23113058-bcc2-49c6-9fa4-f9698f86b7a2,0,0,0,1,0,0,0,0,0,0,0
23163aeb-24f8-4338-82c8-d7731be6747a,0,1,0,1,0,1,0,0,0,1,0
231a4358-f304-4fd6-851c-7011dbe4f94a,0,0,0,1,0,0,0,0,0,0,0
2321f85b-bb30-465b-a263-feb804d11068,0,0,0,1,0,0,0,0,0,0,0
23272f2a-49f9-4fd9-ab11-f1d383617da4,1,0,0,0,0,1,0,1,0,1,0
233dc7c2-2a09-4117-8a85-8e17e28cd0b2,0,0,0,0,1,0,0,0,0,0,0
233e026e-410e-428f-a615-93197412fe1b,0,0,0,0,1,0,0,0,0,0,0
23457e4a-54ca-4659-a8a8-b592a2669e30,0,0,0,0,1,0,0,0,0,0,0
23466878-3835-40f7-8855-48d0f3d0c89c,0,0,0,0,1,0,0,0,0,0,0
234a02cd-2b00-40e3-903e-19c54938d11f,0,0,0,0,0,0,0,0,1,0,0
2351d9ce-09d1-449d-8730-d34cc55d361d,1,0,0,0,0,0,0,0,0,1,0
235b56e3-7eb9-4406-b715-cd6757cd8f71,0,0,0,1,0,0,0,0,0,0,0
23614f9b-e6b7-444f-9f50-9c9d391b9c71,0,0,0,0,0,0,0,0,1,0,0
23713cf7-a475-479a-86fc-6c852608f312,0,0,0,0,0,0,0,0,1,0,0
23738f2f-d629-48e5-bc88-8ff25eb36b1f,0,0,0,0,0,0,0,0,0,1,0
237ea330-41fa-468f-bc8f-40336323e4f1,0,0,0,1,0,0,0,0,0,1,0
237ef20a-f805-4764-a3c6-0ef4fdd8cd58,0,1,0,0,0,0,0,0,1,0,0
237fbda4-2f2e-44b9-9b02-b8b950cfb50b,1,0,0,0,0,0,0,0,0,1,0
238f32f6-20fe-4af4-8f45-22dd821a1272,1,0,0,0,0,0,0,0,0,0,0
2397de11-47a2-4c03-b801-2aed1cdb10b1,0,0,0,0,0,0,0,0,0,0,1
23a110e6-4e1b-49d2-a2ca-b9c0346e16fb,0,0,0,0,1,0,0,0,0,0,0
23a1dee6-d27d-4b41-b188-d9831b14d4d3,0,0,0,1,0,0,0,0,0,0,0
23a63622-d78d-444c-898a-a700018a58ba,0,0,0,0,1,0,0,0,0,0,0
23ab5586-5aa5-4d58-a6f4-23ec71a0edad,1,0,0,0,0,0,0,0,0,0,0
23ae5cbf-8215-4391-a299-84619de87e2a,1,0,0,0,0,0,0,0,0,0,0
23b25660-dd40-4c06-b534-6f6693e10359,1,0,0,0,0,0,0,0,0,0,0
23b517b0-618a-41ca-9864-41e26eaf50b9,0,0,0,0,1,0,0,0,0,0,0
23b7a8af-9b2a-4b13-a454-69ffa79f31d2,0,0,0,0,1,0,0,0,0,0,0
23cfd8f9-8592-40c6-a627-d40c91e5c9b7,1,0,0,0,0,0,0,0,0,0,0
23d66fd1-13f0-4738-b87c-a2ecb3d0e415,0,0,0,0,0,0,0,1,0,0,0
23d832eb-f841-4362-9ad7-405c1037543a,0,0,0,0,0,0,0,0,0,0,1
23dd4833-0674-42c1-93d0-6ddd1c9fb91b,0,0,0,0,0,0,0,0,0,0,1
23e2aeb7-07e8-482f-9e95-1b2dae10fc96,0,0,0,0,1,0,0,0,0,0,0
23e698af-5a37-4b25-ab60-257d030b3dff,0,0,0,0,1,0,0,0,0,0,0
23f0b4a4-a24a-49f3-a159-8c1450db98fc,0,0,0,0,0,0,0,0,0,0,1
23f199e0-d0e5-497c-99b7-d4d415c2562e,1,0,0,0,0,0,0,0,0,0,0
24010325-1fe9-4e4c-b0ea-62ad09d3039d,0,0,0,0,0,0,0,0,1,0,0
24012a3e-fcbe-4804-b86b-75d0958d769f,0,0,0,0,1,0,0,0,0,0,0
24081e7f-07ba-4d1e-b28f-81b26b136d76,0,0,0,0,0,0,0,0,0,0,1
241c7643-61a8-4c03-bf75-f16ed45106c6,0,0,0,0,0,0,0,0,1,0,0
241fc872-8064-448d-acff-ea685608c430,1,0,0,0,0,0,0,0,0,0,0
2421a2c1-0a5f-4492-aed2-673cacfb9b10,0,0,0,0,1,0,0,0,0,0,0
24264a80-43a3-429b-afba-9f7aef0df8d2,0,0,0,0,0,0,0,0,1,0,0
24275501-a409-465b-8d95-5645d1336a83,1,0,0,0,0,0,0,0,0,0,0
242ab773-da5f-407e-b841-b1c2fd1a2beb,0,0,0,0,0,0,0,0,0,1,0
24324d65-fdc2-4295-9be7-fe82df09b181,0,0,0,0,1,0,0,0,0,0,0
2434151a-e8be-476b-914c-14691176ac2f,0,0,0,1,0,0,0,0,0,0,0
2452a8bd-dc58-4590-b6bd-8366dca91912,0,0,0,0,0,0,0,0,0,0,1
2454088c-93ff-432b-8934-a3895c62f8e3,0,0,0,0,1,1,0,0,0,0,0
24589c9b-9d0c-4e31-a97b-252c89c5a184,0,0,0,1,0,0,0,0,0,0,0
245961ae-6d14-4bdb-8af5-9536ee8b5ac8,0,0,0,0,0,0,0,0,0,0,1
245a49d7-dfa4-4330-be14-a6acfa6c5419,0,0,0,0,1,0,0,0,0,0,0
2460eaaa-c9e6-4807-a074-1db38f865ee8,0,0,0,0,1,0,0,0,0,0,0
2461bea4-7945-4935-934d-24d4b0c79ce3,1,0,0,0,0,0,0,0,0,1,0
24653a6b-4505-4380-8978-6b175adbd63b,0,0,0,0,0,0,1,0,0,0,0
2466a780-5bd7-4166-afba-824787a2928e,0,0,0,0,1,0,0,0,0,0,0
2474b5de-bbd4-4916-bee4-974c9b582215,0,0,0,0,0,0,0,0,1,0,0
2474e3a2-6a40-4fc1-8e5d-27f30e625305,0,0,0,0,0,0,0,0,0,1,0
2478abb1-7c71-4151-97db-d28c7dc79e7e,0,0,0,0,0,0,0,0,0,0,1
2481a371-6b0d-427f-8943-bf2ea4846165,0,0,0,0,0,0,0,0,0,1,0
24868867-580b-4adc-a07c-b2112a6a1daf,0,0,0,0,1,0,0,0,0,0,0
248a4ef0-25a8-4a7b-837e-36891d19c4cf,1,0,0,0,0,0,0,0,0,0,0
248b0f44-7e0b-41bb-a0b5-aaa4dd77a4fa,0,1,1,0,1,0,0,0,0,0,0
2493b9f0-46d1-4fa5-9bed-21a74929fdb7,0,1,0,0,1,0,0,0,0,0,0
24958bdd-2a29-4799-ab9a-e0aa29ee64fc,0,0,0,0,1,0,0,0,0,0,0
2499dc2a-5c20-4bdc-8b8d-0df4062b0e98,0,0,0,0,1,0,0,0,0,0,0
249bff06-175a-4540-9a3c-f84b66c125d0,0,0,0,0,0,1,0,0,0,0,0
24a89732-3946-48ae-b681-36b08521b25e,0,0,0,0,0,0,0,0,0,1,0
24b85e65-7fde-421d-ac9e-d75d23aa9056,0,0,0,0,1,0,0,0,0,0,0
24bb687d-ac16-478d-9120-29ef01386ba9,0,0,0,0,0,0,1,0,0,0,0
24c155f8-b214-4bca-bb1a-a452dcac79b8,0,0,0,0,0,0,0,0,0,1,0
24c2aa0a-bf45-4bbf-bd51-4d80568f0b0a,0,0,0,0,1,0,0,0,0,0,0
24c6fc7d-6294-4738-a730-38d9abcd7ff7,0,0,0,0,1,0,0,0,0,0,0
24ccf10c-519e-42cc-8fe6-aaf20094e498,0,0,0,0,0,0,0,0,0,1,0
24d02418-889f-4a23-bfac-582f96b32a4f,0,0,0,0,0,0,0,0,1,0,0
24d597e2-e795-4e57-95b9-a4edfa017e03,0,0,0,0,0,0,1,0,0,0,0
24d63911-7f0e-46b9-8322-ccf8283b12a8,0,0,0,0,0,0,1,0,0,0,0
24d70bad-df07-4442-abd5-18832cf0bb98,1,0,0,0,0,0,0,0,0,0,0
24d74df0-05f9-4bc8-a3db-7397e2c1d538,0,1,1,0,1,0,1,0,1,0,0
24e25e81-f4f4-4d6c-a9cc-173177be1f22,0,0,0,0,0,0,0,0,1,0,0
24ee7ef2-b2ac-423c-85b3-b107324f71fe,0,0,0,0,0,0,0,0,0,1,0
24ef0701-9699-4216-85b6-3213991e5555,0,0,0,0,1,0,0,0,0,0,0
24fb7fee-f50f-4540-b22e-10f531774ab2,0,0,0,0,1,0,0,0,0,0,0
250f21fa-f7ef-4391-8f59-d0bdf2f87f0b,0,0,0,0,0,0,0,0,0,0,1
250f7f9d-97dc-4270-b9a2-1ab1d61eaee9,0,0,0,0,1,0,0,0,0,0,0
25102fc1-b09d-4c06-b58f-c36ee51e3cf2,0,0,0,1,0,0,0,0,0,0,0
25135bc2-daca-4919-9a7a-6cb86992c5aa,0,0,0,0,1,0,0,0,0,0,0
251739b8-788f-4a79-b02c-04709b678aec,0,0,0,0,0,0,1,0,0,0,0
25280d91-3745-4094-a98e-7e3a84ba0f78,1,0,0,0,0,0,0,0,1,0,0
252c4542-48df-4946-b543-32ae18f47f15,1,0,0,0,0,0,0,0,0,1,0
2531ffb0-3680-4c89-ae3c-d5764e9de24d,0,0,0,1,0,0,0,0,0,0,0
2533b1a9-6e53-4308-9161-07d3077f0dda,0,0,0,0,1,0,0,0,0,0,0
253619f3-7e18-4e10-a0dd-07d14d0e653d,0,0,0,0,0,1,0,0,0,1,0
253f3299-e6e7-4dd1-ba58-8b13b4d81ae8,0,0,0,1,0,0,0,0,0,0,0
25450421-d04f-485b-b4b2-fe472b743410,0,1,0,0,1,0,0,0,0,0,0
254a9d36-e9ff-46df-a3f4-e65a4816ab0e,1,0,0,0,0,0,0,0,0,0,0
254f44b7-9269-459c-87a5-4c1cd41ca8fd,0,0,0,0,0,0,0,0,0,0,1
255a451e-3bb4-48a6-849f-f206ab656cc1,0,0,0,0,0,0,0,0,0,0,1
25741387-1ba4-4842-ac8f-71bfb641c1e4,0,0,0,0,1,0,0,0,0,0,0
257dc106-7d06-44f5-8c79-c6a76fdc1e56,1,0,0,0,0,0,0,0,0,0,0
257f58b8-d411-4bd8-88ae-5b14211b3744,0,0,0,0,0,0,0,0,0,0,1
2588065c-9a28-4514-aef0-16785a6e4811,0,0,0,0,1,0,0,0,0,0,0
258a29a1-a9dc-44d7-9426-227dab81a85c,0,0,0,0,1,0,0,0,0,0,0
25900f73-c2d9-4a36-96b7-6585bb6439a1,0,1,0,0,0,0,0,0,0,0,0
25929704-513c-40b7-b237-a8fb259187bc,0,0,0,0,0,0,0,0,0,0,1
2592b5a6-9420-4df0-9da9-c3c0464c3972,0,0,0,0,1,0,0,0,0,0,0
259a3af4-9155-44e0-a156-58f869e34b18,0,0,0,0,0,0,0,0,0,0,1
259f9395-a1f3-43a5-85e9-675a856a1f37,0,0,0,0,1,0,0,0,0,0,0
25a261f7-03ed-4433-99aa-a38181a9d567,0,1,0,1,0,0,0,0,1,0,0
25a53c4c-e362-4da3-ae54-c2210dff2bb4,0,0,0,0,1,0,0,0,0,0,0
25aa2112-e47a-4312-b56a-c613e6e8f823,0,0,0,0,1,0,0,0,0,0,0
25b6babd-bd71-4034-802d-88143dd168f3,0,1,0,0,1,0,0,0,0,0,0
25ba411a-1d50-49bd-9032-275b4af7236c,1,0,0,0,1,0,0,0,0,0,0
25c549b9-4084-4121-85da-fa549b5c53f0,0,0,0,0,0,0,0,0,0,1,0
25d778e9-3728-4a8d-8188-d0c47f76a3e4,0,0,0,0,0,0,0,0,0,1,0
25e4b0af-901d-4540-beb3-f71dd0e51522,0,0,0,0,0,0,0,0,1,0,0
25e90115-651b-4ccd-befb-c1e59b236f29,0,0,0,0,1,0,0,0,0,0,0
25ecd66b-bf27-4540-bfc8-0642c8b2801e,0,0,0,1,0,0,0,0,0,0,0
260a3350-bbe7-4f8c-a5b6-f185df50702d,0,0,0,0,0,0,0,0,0,0,1
26108409-3c1e-4db7-a20b-58146034873a,0,0,0,0,1,0,0,0,0,0,0
2623c063-5014-42c9-aea1-f78646c7095d,0,0,0,0,0,0,0,0,0,1,0
263235d8-66cf-4d5f-9e09-8ff1d97fd70c,0,0,0,0,0,0,0,0,0,0,1
263d9994-4cb5-43d2-8622-52e9cb211302,1,0,0,0,0,0,0,0,0,0,0
26474ac3-6962-42fb-a595-3b7b242913de,0,0,0,0,0,0,0,0,0,1,0
26507058-a1b6-4d10-8a62-c5bd24e47d82,0,0,0,1,0,0,0,0,0,0,0
2658e5cc-1c83-4e29-a086-d5a03bdb0aac,0,0,0,0,0,0,0,0,0,1,0
265950a3-bcc6-4569-9b7b-f77e3155554a,0,0,0,0,0,0,0,0,0,0,1
2663c39c-ec97-413d-b950-8ba67fc474d3,0,0,0,0,0,0,0,0,1,0,0
266ccb45-3c4a-4443-a3ea-147e89577c3a,1,0,0,0,0,0,0,0,0,0,0
267650c8-632d-4767-a1dd-5e1d719250e7,0,0,0,0,1,0,0,0,0,0,0
2682008b-0ad0-4463-9bc0-6a1af48bc9a7,0,0,0,0,1,0,0,0,0,0,0
268f931b-0a76-4962-9b59-7377f06069ad,0,0,0,0,0,0,0,0,0,1,0
269a94c5-5059-4f95-96e0-17033ffd5e87,0,0,0,0,0,1,0,0,0,0,0
26ae196f-54f7-4451-af9a-dcac341f45a0,0,0,0,0,1,0,0,0,0,0,0
26ae22dc-9569-40a7-bafb-1d7b13ae877b,0,0,0,0,1,0,0,0,0,0,0
26b8a12b-1941-4c13-854d-dd89fcc4e044,0,0,0,0,0,0,1,0,0,0,0
26c64119-d6d0-4daa-a4ee-97e05f9b4903,0,0,0,0,0,1,0,0,0,0,0
26e24062-d8cf-4816-83b0-bc45dfe64588,0,0,0,0,0,0,0,0,1,0,0
26e2bcc6-8a67-466f-b887-3eb3aa500d71,0,0,0,0,0,1,0,0,0,0,0
26e7770d-a815-499f-98ca-9716252e8dfe,0,0,0,1,0,0,0,0,0,0,0
26e8d94e-8f96-4ba5-a732-ef631a17af8f,0,0,0,0,0,0,0,0,0,1,0
26ebc254-1ab4-4257-bbde-79c47511c4ea,0,0,0,0,0,0,0,0,0,1,0
26ece8e0-eaf2-4faa-b5e6-8486915a3d7e,1,0,0,0,0,0,0,0,0,0,0
26ef4c97-8e19-40ee-9fbe-3141bc929977,0,0,0,1,0,0,0,0,0,0,0
26f800ba-a007-4a7a-81b5-3f8d10f6d145,1,0,0,0,0,0,0,0,0,0,0
270cda7d-ded3-42f2-a303-276f1c7d6b40,0,0,0,0,0,0,0,0,1,0,0
27132234-84a4-4360-9faa-231d84679037,0,0,0,0,0,0,0,0,0,0,1
2713ad83-67b6-4d52-9e07-8a7b0f2075fd,0,0,0,0,0,0,0,0,0,0,1
271897ca-dd9e-4a13-b76f-d4e638b9bb74,1,0,0,0,0,0,0,0,0,1,0
27196ac1-6d8c-4d5f-98df-b8bacdedb801,0,0,0,0,0,0,0,0,1,0,0
271f0366-b393-4109-9537-6b43ebfb88c2,1,0,0,0,0,0,0,0,0,0,0
2722432c-a3ed-4dad-940c-27b10a46376f,0,0,0,0,0,0,0,0,1,0,0
272340a1-abed-4edb-b656-d519894e3a3d,0,0,0,0,0,0,0,1,0,1,0
27251440-8e51-4c8c-a074-cb371b44b2df,0,0,0,0,0,0,0,0,0,1,0
272a6113-eef4-41c5-95dc-7485f26661a7,0,0,0,0,1,0,0,0,0,0,0
272c2678-fa2c-41fa-b801-1d0965323014,0,0,0,0,0,0,0,0,0,0,1
273765df-7816-4187-8cee-bc5addb965fb,0,0,0,0,0,0,0,0,1,0,0
27378e92-fb4b-42fd-aa35-bca4479c6e0f,0,0,0,0,0,0,1,0,0,0,0
2739935b-25d1-46c5-aada-40b9e9434614,0,0,0,0,0,1,0,0,0,0,0
274dace7-18b3-4157-bdb1-a81bb907c47d,0,0,0,0,0,0,0,0,0,0,1
27518678-2909-4323-87d9-f7807ff17da5,0,0,0,0,0,1,0,0,0,0,0
2757b9cd-1f5a-4b53-8690-37be88fd8448,0,1,0,0,0,0,0,0,0,0,0
275a68e3-65c2-4a4f-a1a9-4a825ff9f750,0,0,0,0,0,0,0,0,0,0,1
275ce9ef-5c43-4cbc-ba8a-f917998f92ab,0,1,0,0,0,0,0,0,0,0,0
2760b621-e566-4fc7-b255-bd9f5fb8904e,0,0,0,0,0,0,0,0,0,0,1
2762ec56-a51c-47c7-bd39-1151e4989c1c,0,0,0,0,1,0,0,0,0,0,0
2769d851-4433-472f-beec-0ec2124033f9,0,0,0,1,0,0,0,0,0,0,0
276bf463-fa4c-4e19-a7ef-c7f823cac87c,0,0,0,0,0,0,0,0,0,0,1
276ccd2a-ac94-46ea-975f-d0d1e82be6ee,0,0,0,0,0,0,0,0,0,1,0
27738eb7-4c74-4995-b553-3865c862f428,0,0,0,0,1,0,0,0,0,0,0
27756295-5601-4d75-9404-4d5a7c084a1e,0,0,0,1,0,0,0,0,0,0,0
27856764-7d28-4cbe-b092-f9d89ecc4012,0,0,0,0,0,0,0,1,0,0,0
27a53cce-88a4-421c-983b-a9b4a218ee9f,1,0,0,0,0,0,0,0,0,1,0
27a8aded-9157-4efd-8b9a-3b801b4fe07e,0,0,0,0,1,0,0,0,0,0,0
27aadd47-b4ab-46bf-a0d6-a16a9dad7029,0,0,1,0,0,0,0,0,0,0,0
27b6d3b4-ef01-4553-859a-51040c1666e3,0,0,0,0,0,0,0,0,0,1,0
27ca1138-ca66-4976-af6b-4f9451c39319,1,0,0,0,0,0,0,0,0,0,0
27ca4dc2-9522-44f6-a7c1-bed47f0d789b,0,0,0,0,1,0,0,0,0,0,0
27d2ba97-72ed-4f2c-9214-f61ad077676a,0,0,0,0,1,0,0,0,0,0,0
27d2bcd9-34d9-44ed-9274-3fecffb53472,0,0,0,0,0,0,0,0,0,1,0
27e17c54-b310-4325-a32a-e5b14f239b13,0,0,0,1,0,0,0,0,0,0,0
27e18fc7-98f0-4996-a9be-675d010f68dd,0,0,0,0,1,0,0,0,0,0,0
27e20309-df65-4542-bbbc-65445f871128,0,1,0,0,1,0,0,0,0,0,0
27e83492-80dc-4064-9d61-cf04f07bff65,1,0,0,0,0,0,0,0,0,0,0
27e9a35c-93ba-4113-8ecc-494890b72a00,1,0,0,0,0,0,0,0,0,0,0
27ed2c72-e738-4ec3-9edc-b55e0af4a824,1,0,0,0,0,0,0,0,0,0,0
27f00d8d-23e0-4941-b855-cfdae11a6e51,0,0,0,0,0,0,0,0,0,0,1
27fbd07b-2d9e-4220-b9ac-5f46872b4c5a,0,1,0,0,1,0,0,1,0,0,0
280555ff-cace-4cd6-9425-7e429ca34527,0,0,0,0,1,0,0,0,0,0,0
2809a6d3-f0d8-4a48-bc1f-653fbc0b829d,0,0,0,0,0,0,0,0,1,0,0
280d126c-630d-495e-b790-1c992dacdc69,0,0,0,0,1,0,0,0,0,0,0
2813414a-8b79-4a06-8d5b-711a7943a1d0,0,0,0,0,0,0,0,0,0,0,1
281bae98-88d2-4fdf-b6be-7f232774be93,0,0,0,0,1,0,0,0,0,0,0
282b07bf-4dac-47f8-963e-fa651b06cbdc,0,0,0,0,1,0,0,0,0,0,0
282c707e-2011-487d-ad66-780b4cee801b,0,0,0,0,0,0,0,0,0,1,0
282f0fef-1c99-4211-b5dd-fb7046b48a27,0,0,0,0,0,0,0,0,0,0,1
282f9b9d-8a88-480b-803d-a21ba8590552,1,0,0,0,0,0,0,0,0,0,0
283618e8-d9b1-4360-9ca9-6d0da1af1bd6,0,0,0,0,0,0,0,0,1,0,0
2837f103-636e-4eb1-9d24-67200bf99089,0,1,0,0,1,0,0,0,1,0,0
2847ce01-c226-43e8-9e92-c63807bd21c5,1,0,0,0,0,1,0,0,0,1,0
284ace84-7d5b-44c1-87f5-56498872e9bf,0,0,0,0,1,0,0,0,0,0,0
284bedfa-fc2f-4c0e-b409-0f0d242d68f9,0,0,0,0,1,0,0,0,0,0,0
285af642-8bbd-46ed-a01d-7de47efb5c75,0,0,0,0,0,0,0,0,0,0,1
286046b9-4553-4f55-a49a-ef662f10782c,0,0,0,0,0,0,0,0,0,0,1
2863312e-e693-46da-a36c-7f40aaf39042,1,0,0,0,0,0,0,0,0,0,0
286579fd-998b-45fa-bd8a-69d5595ab2bf,0,1,0,0,1,0,0,0,0,0,0
286b2ec5-e841-4cc2-8ca5-7a7828f79b35,0,0,0,0,0,0,0,0,0,1,0
286c95d4-82dd-41c8-b838-8c274288817f,0,0,0,0,0,0,1,0,1,1,0
286f53ed-411b-449c-995a-fb1c113ebefb,0,0,0,0,0,0,0,0,0,1,0
28718e7f-56ef-4fbd-ba0b-2edd4b7f5c02,0,0,0,0,1,0,0,0,0,1,0
2875572a-8611-468e-8a47-ca236295b0fb,1,0,0,0,0,0,0,0,0,0,0
28872c7e-a605-4c69-9f43-4e9ba09b0f44,0,0,0,0,1,0,0,0,0,0,0
288d9615-f404-49f0-905e-dad37a81b5cb,0,1,0,0,1,0,1,0,1,0,0
28960bdd-ac8a-4511-9d76-9bb74f829a81,0,0,0,0,0,1,0,0,0,0,0
28a62230-a84e-48bf-943f-128df0bd7945,0,0,0,0,0,0,0,0,0,1,0
28ab7589-2cc2-40e3-8576-8ab8dc087d81,0,0,0,0,0,0,0,0,0,1,0
28b3eacd-e3ed-4f88-9e62-1a6a4ae70c7d,0,0,0,1,0,0,0,0,0,0,0
28c03b53-3279-4008-bc2d-46669db3b6af,0,0,0,0,0,0,1,0,0,0,0
28c109f8-e0fc-47c0-a218-5b4035de2b90,0,0,0,0,0,0,0,0,0,1,0
28c90106-26cb-40cb-a0bf-776245ad10d6,0,0,0,0,1,0,0,0,0,0,0
28cc8a30-10df-4e47-bae6-efcdeb153892,0,0,0,0,0,0,0,0,0,1,0
28ceae3e-cf26-4150-aece-95e9c271108d,0,0,0,0,0,0,0,0,0,0,1
28d3cc23-1da6-4a50-8bb0-744e7d0c4c08,0,0,0,0,0,0,0,0,0,1,0
28ed66f9-40f1-476c-a9ac-450cb746981a,0,0,0,0,0,0,0,0,0,1,0
28f16bb7-d977-4885-9cc6-56971d7acc00,0,0,0,0,0,0,0,0,0,0,1
28f8ee9a-8bb5-495e-9b97-214b42b568ea,0,0,0,1,0,0,0,0,0,0,0
290b325f-2733-4aa7-b83d-51d7670112d2,0,0,0,0,1,0,0,0,0,0,0
29111dbf-95f5-4dd9-bfeb-45aceb810aef,1,0,0,0,0,1,0,0,0,1,0
292403dc-78eb-48bb-8b27-be3996c782d8,0,0,0,0,0,0,0,0,0,1,0
29390c06-9410-4427-9321-643616d14528,0,0,0,0,0,0,0,0,0,1,0
295c6a84-3c7e-47de-9b4a-3885b949fc8a,0,0,0,0,1,0,0,0,0,0,0
29617afa-fce3-4286-b948-5e71996b11a6,0,0,0,0,0,0,0,0,0,1,0
296c78ba-664b-471e-8a11-4900e24260e2,0,0,0,1,0,0,0,0,0,0,0
29799edc-7f21-499f-be6b-9403c7cb0b9a,0,0,0,1,0,0,0,0,0,0,0
2985e762-3ecf-42f3-8e0d-f0f17dfbc411,0,0,0,0,1,1,0,0,0,0,0
29884da9-7aee-4fa5-8ab2-a4958126e5b8,0,0,0,0,0,0,0,0,1,0,0
29957dd3-5aa4-4dae-a488-a05b3e87ad6c,1,0,0,0,0,0,0,0,0,0,0
29a6553f-37a7-4495-99bb-9f4bb68ea7da,0,0,0,0,1,0,0,0,0,0,0
29ab4e12-83ca-4365-8d10-edd3abe6a11d,0,0,0,0,1,0,0,0,0,1,0
29ad8085-ccc2-4167-8b2a-5689490f9e52,0,0,0,0,1,0,0,0,0,0,0
29b51b5e-7fc8-490c-aa35-c2b232e58df0,1,0,0,0,0,0,0,0,0,0,0
29c15873-e708-4d0c-bd5a-71b90ad5eeec,0,0,0,0,0,0,0,0,0,1,0
29cd7751-49f0-430f-bb82-841d6ba0d628,0,0,0,0,1,0,0,0,0,0,0
29db791f-4d3f-43fd-9dcc-e3b4665761a0,0,0,0,1,0,0,0,0,0,0,0
29e01740-b83f-4d65-a822-ac99b26fcfe3,0,0,0,0,0,0,0,0,0,0,1
29e05d04-d871-40aa-8986-0f48e9ac5e83,0,0,0,0,1,0,0,0,0,0,0
29e0ed7c-2c09-4e4b-be19-e8de49e71666,0,0,0,0,0,0,0,0,1,0,0
29ec84f3-194f-4162-a6ed-ff8865d222ff,0,0,0,0,0,0,0,0,1,0,0
29ef7aa1-f519-4c8b-bed2-f8c715270723,0,0,0,0,0,1,0,0,0,0,0
2a043bbf-2959-4c4f-9884-100dca56b42a,0,0,0,0,0,0,0,0,0,0,1
2a080490-b10b-4cb3-b43b-f02596acca0d,0,1,0,0,1,0,0,0,0,0,0
2a1187e4-9ee4-410c-944d-ca5a4aaf2afd,0,0,0,1,0,0,0,0,0,0,0
2a2024af-b20f-41ef-a82e-c9ab82f6192b,0,0,0,0,0,0,0,0,0,0,1
2a24a7db-c71e-4e10-a73d-02985bdd9ee3,0,0,0,0,1,0,0,0,0,0,0
2a2cb6ec-b831-4bde-8928-73477cac3005,0,0,0,0,0,0,0,0,0,1,0
2a307d0f-ae5c-4b46-9000-0f776ccba80c,0,1,0,0,0,0,0,0,0,0,0
2a31a4c5-3fb9-47a3-8588-fdead40bfea3,0,0,0,0,0,0,0,0,0,0,1
2a41bf53-f1ae-4cf4-97fc-a720015b7384,0,0,0,0,1,0,0,0,0,0,0
2a4f972f-f444-4688-8160-c80b65ae8981,0,0,0,0,1,0,0,0,0,0,0
2a52578b-8499-444b-96e9-c6881e13892a,0,0,0,0,1,0,0,0,0,0,0
2a670377-19b3-4c23-b2be-a50bee5a0222,0,0,0,0,0,0,0,0,1,0,0
2a767499-f6ba-46ef-931a-c1cc275605a3,0,0,0,0,0,0,0,0,0,1,0
2a77436f-eac1-4e12-8134-b39e3d50100c,1,0,0,0,0,0,0,0,0,0,0
2a794baa-ea41-41c8-8605-934a010fa256,0,0,0,0,0,0,0,0,0,1,0
2aa2a8d3-362e-4e8a-a8c6-e7fc21364944,0,0,0,0,1,0,0,0,0,0,0
2aa58a5f-42e3-40d1-9d92-97aa71edcb73,0,0,0,1,0,0,1,0,0,0,0
2aa97a12-9f9e-4bea-aafe-5e141e2c0bfd,1,0,0,0,0,0,0,0,0,0,0
2ab24d54-13fe-4e59-9cb2-c088f07ab3c2,0,0,0,0,0,0,0,0,1,0,0
2ab72f8f-f892-434d-b9f7-115612930511,1,0,0,0,0,0,0,0,0,0,0
2abb7f4b-e30e-496c-af55-4ba4f8aa8342,0,0,0,0,0,0,0,0,1,0,0
2ac27fe0-aa49-4825-b9bd-9974dea37e05,0,0,0,0,0,0,0,0,1,0,0
2ac80f2d-6c1e-4ef2-9fe6-0058cf85492e,0,0,0,0,0,1,0,0,0,0,0
2ad0b55d-f606-47e0-9ce7-216c0caa3fd1,0,1,0,0,1,0,0,0,0,0,0
2ad3dc71-d13b-48b4-af4c-a8b80c8cdf7e,0,0,0,1,1,1,1,0,1,0,0
2ad3df7f-bbd4-486c-a9c0-aac6fb8924ae,0,0,0,0,0,0,0,0,0,1,0
2ad8bb05-9b6f-4b82-819b-b4644460a25c,0,0,0,0,1,0,0,0,0,0,0
2ae75eb9-3988-4672-acd6-0face04373cb,0,0,0,0,1,0,0,0,1,0,0
2b02eed4-6d07-4e1f-bf03-b3d9077e44ff,0,0,0,0,0,1,0,0,0,0,0
2b0504f0-ced6-4e47-99b6-4d8418915e88,0,1,0,0,1,0,0,0,0,0,0
2b067e1e-514d-4dc6-b4d7-420114cc4523,0,0,0,0,0,0,1,0,0,0,0
2b0bdbcd-5446-42e3-b9d8-17c8a9476a01,0,0,0,0,1,0,0,0,0,0,0
2b11f9b3-948f-418c-9a4e-cddcc5394a67,0,0,0,0,0,0,0,0,0,0,1
2b14ac51-959d-4aa5-ac92-a596158d8312,0,0,0,0,1,0,0,0,0,0,0
2b17630c-b870-46ac-9e6c-0a502845d670,0,0,0,0,0,0,0,0,1,0,0
2b21b6a7-13d0-4779-88ab-133253286097,0,0,0,0,1,0,0,0,0,0,0
2b2ae8ed-253d-4f9a-b65d-d01ba43c767e,0,0,0,0,0,0,1,0,0,0,0
2b342c94-62b4-450f-8db2-1f237f63a18a,0,0,0,1,0,0,0,0,0,0,0
2b437868-0120-40bf-bbb8-f750cba16c80,0,0,0,0,1,0,0,0,0,0,0
2b514a03-4827-4d96-aa21-afb3b98bd658,1,0,0,0,0,0,0,0,0,0,0
2b55588a-55b2-408c-8478-fba2a9656b76,1,0,0,0,0,0,0,0,0,0,0
2b56d07c-7c04-4e98-bb05-0cbbb370401c,0,0,0,0,0,0,0,0,0,1,0
2b585fb5-9986-4b51-a427-d13445be5779,0,0,0,0,0,0,0,0,0,0,1
2b6d6234-dc90-40b4-aa23-ed2de4ab5148,0,0,0,0,0,0,0,0,1,0,0
2b6e6887-3540-497a-86c7-570add8dd925,0,0,0,1,1,0,0,0,0,0,0
2b766238-f260-404b-be7e-4acda895a524,0,0,0,0,1,0,0,0,0,0,0
2b7f6a34-8f78-4236-83cf-fd0a5803b00c,0,0,0,0,0,0,0,0,0,1,0
2b8d4235-cddd-4aa1-a2ee-a9aab11c18bb,0,0,0,0,0,0,0,0,0,1,0
2b9697e3-5203-4af4-a1fb-ee381c721c96,0,0,0,0,0,0,0,0,0,0,1
2b975b9f-f443-418f-b23a-917ab62245b6,0,0,0,0,0,0,0,0,1,0,0
2b984577-8ec4-453d-8269-295577111ca0,0,0,0,1,0,0,0,0,0,0,0
2b9bb341-b560-48cc-842e-739450e6fe3d,0,0,0,0,0,0,0,0,0,1,0
2bace8a4-7a9a-44eb-a47e-acf1a07d8dc0,0,0,0,0,1,0,0,0,0,0,0
2bae0ec6-3796-498b-94f4-d5784e7bbb91,0,0,0,0,0,0,0,0,0,0,1
2bb086be-c77b-4d85-9360-c82c5525e8c9,1,0,0,0,0,0,0,0,0,0,0
2bb68aa9-45ed-4484-9b7f-5e9638eb862d,0,0,0,0,0,0,0,0,0,0,1
2bc6d578-483d-4a25-97ea-2ddcb2b77db8,1,0,0,0,0,0,0,0,1,0,0
2bd04a36-efbc-4bb1-995f-dc70817f83e3,0,0,0,1,0,0,0,0,1,0,0
2bd79588-7b53-4fb6-aa2c-d8691899468f,0,0,0,0,0,0,0,0,0,1,0
2be1042c-6fad-41a3-ad75-cb78b8e1e052,0,0,0,0,0,0,0,0,0,0,1
2be558ed-da04-408f-94fe-8247cbab3dda,0,0,0,0,0,0,0,0,1,0,0
2be577ce-658a-45c1-b183-92ff4427550d,0,0,0,0,0,0,0,0,0,1,0
2be86c9b-0429-457c-948e-199c6aed803b,1,0,0,0,0,0,0,0,0,1,0
2beaad23-382a-46f7-9bb9-8cd6d9465937,1,0,0,0,0,0,0,0,0,0,0
2bec18dc-78fe-41d2-9fee-d68aaa07c37d,0,0,0,0,0,0,0,0,1,0,0
2bee7663-4ffc-4cee-bc86-847aa2e770f7,0,0,0,0,0,0,0,0,0,0,1
2bfc2b9a-a2d7-4690-a8c8-f0e07732c343,0,0,0,0,0,0,0,0,1,0,0
2bffba08-22e4-4d85-af7e-33dd7b39cc3d,0,0,0,0,1,0,0,0,0,0,0
2c0bb601-0af0-45c5-ba64-1bd3575be6da,0,0,0,0,1,0,0,0,0,0,0
2c0da2d4-9589-4f08-8ae3-284e478acd36,0,0,0,0,0,0,0,0,1,0,0
2c385445-f39c-49df-b41a-11ad8f658c52,0,0,0,0,1,0,0,0,0,0,0
2c38fd2b-e6ad-4add-adde-068a4d156022,1,0,0,0,0,0,0,0,0,0,0
2c412e50-40d5-4939-aca3-2086109ac4da,0,0,0,0,1,0,0,0,0,0,0
2c433a64-3fb4-4d32-bdcc-7208683153dc,0,0,0,0,0,0,0,0,0,1,0
2c44381e-0b96-4f7a-b76f-aefb01820b7e,0,0,0,0,0,0,0,0,0,1,0
2c4d053c-96e1-4749-ad0b-e3cdc73a090c,0,1,0,0,0,1,0,0,0,0,0
2c4ec962-cd4b-4137-aaac-106dbc58b57f,0,0,0,0,0,0,0,0,1,0,0
2c571365-0b5b-4751-b0f6-cb33c01ac511,0,0,0,0,0,0,0,0,0,1,0
2c5a6a28-e953-420d-bc02-ed2e780e6efe,0,0,0,0,0,0,0,0,0,1,0
2c5ab6e7-5b9e-4623-bcd6-06b5a7406434,0,0,0,0,1,0,0,0,0,0,0
2c5fc71d-bc68-4eb3-9ef9-ae152caf7545,0,0,0,0,0,0,0,0,0,1,0
2c6842a9-8b57-474b-8e29-6a8ab2bfce50,0,0,0,0,0,0,0,0,0,0,1
2c70bd86-81d4-4c6a-859c-13ee4d582d21,0,0,0,0,0,0,0,0,1,0,0
2c7185e9-1c52-4ef5-8e91-79035cac02c1,0,0,0,0,1,0,0,0,0,0,0
2c749ede-211b-4e10-abfa-9feb29931a27,0,0,0,1,0,0,0,0,0,0,0
2caa4dd0-7ba3-4fce-ae73-506a79a9b290,0,0,0,0,0,0,0,0,0,1,0
2cadaf2c-72c3-4246-b5f6-74b36baf3751,0,0,0,0,0,0,0,0,0,1,0
2cae54c0-0ebd-40b8-ba19-28f09049e435,0,0,0,0,0,0,0,0,0,1,0
2cae6e5f-c0ec-4a0a-bdb5-7acb9a211b3e,0,0,0,0,1,0,0,0,0,0,0
2caf6fd4-5383-4a7f-bc47-9dfcaab47df1,0,0,0,0,0,0,0,0,0,0,1
2cb263c8-81d9-41d4-a33d-a4a0943f0a93,0,0,0,0,0,0,0,0,0,1,0
2cbffe29-e32d-4d5a-b18e-a4df3e4912de,0,0,0,0,1,0,0,0,0,0,0
2cc360e2-a015-4495-b1c9-129481ebd8a3,1,0,0,0,0,0,0,0,0,0,0
2cc50819-84a5-44e1-b17e-42eff92292ac,0,0,0,0,1,0,0,0,0,0,0
2cca53ed-72d6-4beb-b6b2-33933ebc11f3,0,0,0,0,0,0,0,0,0,0,1
2ccb4920-c91b-46a5-ba90-9806f1916e5c,0,0,0,0,1,0,0,0,0,0,0
2cd15f8a-6bb9-4043-9cfa-5fb32da33a16,0,1,0,0,0,0,0,0,0,0,0
2cd23923-41b5-4b6a-b9d0-c84e97c0d578,1,0,0,0,0,0,0,0,0,0,0
2cd54378-4c2b-4118-a17d-41a0594eab53,1,0,0,0,0,0,0,0,0,1,0
2cde0087-2541-4350-be71-9e6c403f7dc0,0,0,0,1,0,0,0,0,0,0,0
2ce41a6d-f03e-44ac-9000-270ef8f285f6,0,0,0,1,0,0,0,0,0,0,0
2cf93238-d207-44b8-b40e-aedfa3727c43,0,0,0,0,1,0,0,0,0,0,0
2d059ab8-9d9c-461a-8395-f49080756b7e,0,0,0,0,0,0,0,1,0,0,0
2d19fa6e-403a-43c5-a10c-dbd450302c3f,0,0,0,0,1,0,0,0,0,0,0
2d1c229d-9d54-4fab-94b0-2967af9586d0,0,0,0,0,1,0,0,0,0,0,0
2d267ce7-d789-4404-b254-a8670edd4857,0,0,0,0,0,0,0,0,0,0,1
2d279a3c-9b95-430f-a632-4ea2a7c52114,0,1,0,0,0,0,0,0,0,0,0
2d29a82f-5aa3-4a7c-be70-113b5ef0807a,1,0,0,0,0,0,0,0,0,0,0
2d2b325c-7f8c-40f2-bcc2-651ff003496a,0,0,0,0,0,1,0,0,0,1,0
2d2de2e5-4f48-429d-97d7-55ff4b8e7477,0,0,0,0,0,0,0,0,0,1,0
2d3b626d-0f26-45b7-bbf8-4d316ad74718,1,0,0,0,0,0,0,0,0,0,0
2d3b9f0c-3fd9-48da-b800-e28280e01449,0,0,0,0,0,1,0,0,1,1,0
2d4b4b3d-5eb3-4e8b-a957-c12e8c05cd4a,0,0,0,0,0,0,0,0,0,0,1
2d5039b4-88ad-4aea-b1f0-193a1b2c45bd,0,0,0,0,0,0,0,0,0,0,1
2d58ee38-f515-42e8-864e-9b5723094d7f,0,0,0,0,1,0,0,0,0,0,0
2d6aea96-8cb8-4a22-af3d-81ea8a29f1f0,0,0,0,0,0,0,0,0,0,1,0
2d6bf7af-9dfe-4c70-837c-7544baf6e59f,0,0,0,0,1,0,0,0,0,0,0
2d6c0665-a391-4463-ac5c-2794296d3e51,0,0,0,0,0,0,0,0,0,1,0
2d6ce9a5-386d-4a0b-8a0f-9327bb304930,0,0,0,0,1,0,0,0,0,0,0
2d72f946-7677-47f7-b9c8-392022de3409,0,0,0,0,1,0,0,0,0,0,0
2d8ce632-794a-4076-8346-bc4b35922d44,0,0,0,0,0,0,0,0,0,0,1
2daf076a-4d0a-4ede-a9ee-63a710f9c757,0,0,0,0,0,0,0,0,0,0,1
2db695ca-55e2-421d-9be0-3c85c10b7de4,0,0,0,1,0,0,0,0,0,0,0
2dbc964d-7b5a-468e-a16e-4b70cd8ae386,1,0,0,1,0,1,0,0,0,0,0
2dc0251f-1962-43ba-964b-6369d912bc6c,0,0,0,1,0,0,0,0,1,0,0
2dc35d53-e8f1-463e-aa0d-c2108306dca4,0,0,0,1,0,0,0,0,0,0,0
2dcd1a8a-991d-4359-b2f7-ac8ad35b67a1,0,0,0,0,0,0,0,0,1,0,0
2dd550dc-70eb-45a5-9910-81117c79c2f9,0,0,0,0,0,0,0,0,1,1,0
2ddafdf4-709d-46b0-8014-61574092c481,0,0,0,1,0,0,0,0,0,0,0
2de021fd-6e8d-429e-a67c-ca85d9f42b92,0,0,0,0,0,0,1,0,0,0,0
2de8cec3-3506-4232-8fb6-b9713f47eba8,0,0,0,0,0,0,0,0,0,1,0
2de991f3-168d-4f67-8b56-3dd458bdb563,0,0,0,1,0,0,0,0,0,0,0
2df08464-ee01-4c1a-921c-a3520efd17f4,0,0,0,0,0,0,0,0,0,1,0
2df598ce-0dee-4047-924e-f2572474a990,0,0,0,0,0,0,0,0,0,1,0
2dfcd100-b523-4444-bf7a-4131c9f0769b,1,0,0,0,0,0,0,0,0,0,0
2e01eb99-c8af-4b5d-a80c-47f43b49c4f1,0,0,0,0,0,0,0,0,0,0,1
2e08ac05-f626-4ea8-82fb-fa4f2eaef8f4,1,0,0,0,0,0,0,0,0,0,0
2e1134f8-700a-42bb-8d93-c240a201f8c2,0,0,0,0,0,0,0,0,0,1,0
2e1f2cc5-68da-447f-a797-9ea60fbe1885,0,0,0,0,0,0,0,0,0,0,1
2e211581-d0ed-47b7-8e11-5b13fcb6a984,0,0,0,0,0,0,0,0,0,0,1
2e2c267d-0121-40a0-9d20-ff6aa8d4a914,0,0,0,1,0,1,0,0,0,1,0
2e3cf381-9314-48c6-a0e8-cd9f556be788,0,0,0,0,0,1,0,0,0,0,0
2e4077b4-8402-451e-8caf-0892da2586f8,0,0,0,1,0,0,0,0,0,0,0
2e4422d0-eb8c-4304-83ab-fe483e7032be,0,0,0,0,1,0,0,0,0,0,0
2e51c8bb-e9be-4b31-ae61-d2405f60bd0b,0,0,0,0,1,0,0,0,0,0,0
2e588401-2636-480d-aaba-7fffccd233b2,0,0,0,1,0,0,0,0,0,0,0
2e5dc577-c931-4886-ae96-d40c009b46a2,1,0,0,0,0,0,0,0,0,0,0
2e60f66d-c1a2-4d83-b0d1-e2398fcd9447,0,0,0,0,0,0,0,0,0,1,0
2e626d32-6bdc-4be6-81d8-1ac04c692d02,0,0,0,0,0,1,0,0,0,0,0
2e676e38-1405-4163-b6e5-45d6ec4daad7,0,0,0,0,1,0,0,0,0,0,0
2e6f1451-3155-4e30-a06f-faa57a94464c,0,0,0,0,1,0,0,0,0,0,0
2e7e7f3b-aa06-4e64-81de-d37cd56bb693,0,0,0,0,0,0,0,0,1,0,0
2e897e1e-ab28-41d2-9d67-c4a5ed7b746a,0,0,0,0,1,0,0,0,1,0,0
2e8b5807-ff94-4d59-84a9-7d3eb66928ab,0,0,0,0,0,0,0,1,0,0,0
2e8f2b75-2d48-4809-8803-6c6bb358f302,0,0,0,0,0,0,0,0,1,0,0
2e8fe83c-a766-44e4-b23b-996039d2dd58,1,0,0,0,0,0,0,0,0,0,0
2e90a18d-de1c-4f19-b4ca-ff6817dabf84,1,0,0,0,0,0,0,0,1,0,0
2e93d9cb-019d-42c5-8b4c-3f5682ba4e08,0,0,0,0,0,1,0,0,0,0,0
2e955ee5-8806-41a5-86f5-68aa807fd343,0,0,0,0,0,0,0,0,0,1,0
2e996dc2-1be9-416f-9a6c-2e9e0e8e03f3,0,0,0,0,0,0,0,0,0,1,0
2e9a3ead-4185-4091-be1f-1cdb27dc167d,0,0,0,0,1,0,0,0,0,0,0
2e9ef7c8-ccd7-4acf-a7f2-b8408de3c33f,0,0,0,1,1,0,0,0,0,0,0
2ea35e01-7440-4aeb-8c76-ad3825586d85,0,0,0,0,1,0,0,0,0,0,0
2eaa6e70-077b-40f5-aa16-67b674eb709d,1,1,0,0,0,0,0,0,1,0,0
2eae7a68-ba3b-404f-986d-5b2350665dfc,0,0,0,0,0,0,0,0,1,0,0
2eb06eb2-f27f-4a53-aa1d-2d51da321a28,0,0,0,0,0,0,0,0,1,0,0
2ebc8a52-0d47-4d5c-be47-f6402c4341d8,0,1,0,1,1,0,1,0,0,1,0
2ec155bb-77aa-4909-ae7c-983dc9b7220c,0,0,0,0,0,0,0,0,1,0,0
2ece1dc2-7487-49a2-a6ad-f48fc4864854,0,0,0,0,0,0,0,0,0,0,1
2ed2e4ac-c870-4824-8c46-5696226a3977,0,0,0,0,1,0,0,0,0,0,0
2ed48369-64ec-4152-afc4-1fe510e68a5a,0,0,0,0,1,0,0,0,0,1,0
2ed97a63-26c0-4d8e-a349-0e939f86bbbb,0,0,0,0,0,0,0,0,0,0,1
2edac53d-ce59-4c76-999f-e13ed695876a,0,0,0,0,0,1,0,0,0,1,0
2ee47a26-4415-4923-9254-8d8de867f9ea,0,0,0,1,0,0,0,0,0,0,0
2efe54d4-feb0-43a7-9d5b-1ae1a3bfd16b,0,0,0,0,0,0,0,0,0,1,0
2f048f9a-ee05-4b78-9d06-99e4183f675f,0,0,0,0,0,0,0,0,0,1,0
2f0dd04c-c2be-420d-8429-1b6f5e8f454a,0,0,0,0,1,0,0,0,0,0,0
2f0e0c71-74be-4f0d-a23f-a8a97bf7e2b8,0,0,0,0,0,0,0,0,0,0,1
2f14baf4-442e-4fd7-9af8-240e6e42bb49,0,0,1,0,0,1,0,0,0,0,0
2f1acff9-3afa-4a77-8403-2c2f4318a914,0,1,0,1,1,0,0,0,0,0,0
2f1e37c0-dee8-4e48-8c6d-ce2c0e531bbd,1,0,0,0,0,0,0,0,0,0,0
2f2ff1c2-1d75-4fd4-b256-f948e3008add,0,0,0,0,1,0,0,0,0,0,0
2f31c7f6-c627-49a0-a842-76134864e9c9,0,0,0,0,0,0,0,0,0,1,0
2f3363a2-3731-4b3b-bf9e-e332b6dde4e8,0,0,0,0,1,0,0,0,0,0,0
2f3d98a5-2e64-4bfa-8986-c4f32592c9e3,0,0,0,0,0,0,0,0,0,1,0
2f4696e8-07a5-494a-818e-f0be203c2735,1,0,0,0,0,0,0,0,0,0,0
2f58359a-2398-4725-88c1-806021975483,0,0,0,1,0,0,0,0,0,0,0
2f61cf93-f304-45e8-8aeb-ac8569aa2c20,0,0,0,0,0,0,0,0,0,1,0
2f676ed0-7aa7-4ffd-8a11-8dd434f7f3a1,0,0,0,0,0,0,1,0,0,0,0
2f6c6c68-86d3-4aea-95ba-e2e5f2d2b195,0,0,0,0,0,0,0,0,0,1,0
2f75e149-191b-497d-acaa-c781ec3b7130,0,0,0,0,0,0,0,0,0,0,1
2f7bc022-dbc5-475e-b2df-2ddf42fd224c,0,0,0,0,0,0,0,0,0,1,0
2f810c0a-b483-4616-9791-3c11b6f6f74c,0,0,0,0,0,0,0,0,0,1,0
2f8b793c-8cc7-4882-baf3-cc0b2849d200,0,0,0,0,1,0,0,0,0,0,0
2f8e0913-c51e-47a9-80b2-8a7997b403a1,1,0,0,0,0,0,0,0,1,0,0
2f92c3e2-d863-4846-8801-dc8f5795925f,0,0,0,0,1,0,0,0,0,0,0
2f938d23-02d9-4708-a966-e9e3a85a2d2d,0,0,0,0,1,0,0,0,0,0,0
2f9ffd36-5254-47f8-b2b3-2b044e8dfd88,0,0,0,0,0,0,0,0,0,1,0
2fb46296-1009-49b7-bfcb-3f18d1015545,0,0,0,0,0,0,0,0,1,0,0
2fb778bd-0604-45d6-970b-d2c830d09a44,0,0,0,0,0,0,0,0,0,1,0
2fb86f81-37e4-43d8-8e3a-1d5d8b67c43d,0,0,0,0,0,0,0,0,0,0,1
2fc954c3-043f-4d51-a059-3d05dabf70b5,0,0,0,0,0,0,0,0,0,0,1
2fce2318-2960-4ce1-ad70-a6de19bfb323,0,0,0,1,0,0,0,0,1,0,0
2fd01743-83b5-4675-9a7f-991a9d8a8e05,0,0,0,0,0,0,0,0,0,1,0
2fd1aca5-fbfb-421e-b69d-e228efe8d9b9,0,0,0,0,1,0,0,0,0,0,0
2fd798c9-d30a-4f37-a703-cee92ab46bbd,0,0,0,0,0,1,0,0,1,1,0
2fda2ae2-c5ef-4e95-ab45-a4625a4bcf80,0,0,0,0,0,0,0,0,0,1,0
2fe90ef0-6c2b-4a91-a245-148a17459438,0,0,0,0,1,0,0,0,0,0,0
2feeb281-4b4a-4b96-bcad-7ec40a3fd171,0,0,0,0,0,0,0,0,0,0,1
2ffdb615-d378-4e3d-950f-1155912a9405,0,0,0,0,1,0,0,0,0,0,0
3007dfc1-838e-47da-b860-d17d083c7af4,0,0,0,1,0,0,0,0,0,0,0
3009b887-b08f-44ce-89fe-31daf787ea08,0,0,0,0,0,0,0,0,0,1,0
300df5d4-50ad-4721-94b3-1a313618601d,0,0,0,0,0,0,0,0,0,0,1
3017f292-1e3d-4295-a12d-e650c5df0492,0,0,0,1,0,0,0,0,0,0,0
301bce76-fe13-4fbc-85ab-90b00929aa30,0,0,0,0,0,0,0,0,0,1,0
301f7168-a663-4c5c-bb73-76db91a175b9,0,0,0,1,0,0,0,0,0,1,0
3027c1ab-cf94-4007-86e1-afa009c447d7,0,0,0,0,0,0,0,0,1,0,0
302e0d74-6d2b-4342-b7d9-3988955cbf79,0,0,0,0,0,0,0,0,0,1,0
3031c287-0761-4a61-8d40-4e2fa1c7bd4a,1,0,0,0,0,0,0,0,0,0,0
3032c9b0-4d90-496c-b14b-017d7fca98bb,0,0,0,0,1,0,0,0,0,0,0
30354697-3142-4365-8469-7a6f3a6490c7,0,0,0,1,0,0,0,0,0,0,0
3038597b-2575-47f0-b1a6-fdbe84a786de,0,0,0,0,0,0,0,0,1,0,0
30474133-7aab-49f1-86ca-a04e0bb76d2c,0,0,0,0,0,0,0,0,0,1,0
30477cce-3a33-41a5-baea-9206e9f4a5b5,0,0,0,1,0,0,0,0,0,0,0
30488c5c-6c6b-4280-a058-d12e1dbaa5ac,0,0,0,0,1,0,0,0,0,0,0
304c2ed3-af50-4a20-97fb-37aac18a1302,0,0,0,0,0,0,0,0,0,0,1
3056078e-cd94-44e3-ba21-0bd66646c6a3,0,0,0,0,0,1,0,0,0,0,0
305ae073-dd4e-4664-86e2-054acd778016,1,0,0,0,0,0,0,0,0,0,0
305d369a-8a77-4b0f-b0fc-8fa74137dc77,1,0,0,0,0,0,0,0,0,0,0
306976a7-934a-481e-ad4d-a0907c3f6175,0,0,0,0,1,0,0,0,0,0,0
30710220-759a-4315-869c-fbbbaf769d32,0,0,0,0,0,0,0,0,1,0,0
307f1af9-769f-4548-b031-e13703264119,1,0,0,0,0,0,0,0,0,1,0
30869c5a-f75a-4bc7-8e33-ed68e61123f8,1,0,0,0,0,0,0,0,0,0,0
3089ac83-5943-4bc3-8f3b-97d72210f23a,1,0,0,0,0,0,0,0,0,0,0
308d5125-77cf-4eb2-a01d-ad8add00409e,0,0,0,0,1,0,0,0,0,0,0
308f9d9b-3467-415f-91a8-a6f95c1993d8,0,0,0,0,0,0,0,0,1,0,0
3098a4fe-19ed-4b0e-aca4-a6277d8cb4d2,0,0,0,0,0,0,0,0,0,1,0
309cca42-311e-4583-ad77-999ef150fe9d,0,0,0,1,0,0,0,0,0,0,0
309d44f5-8929-4df1-af73-ccec51028c28,0,0,0,0,0,0,0,0,0,0,1
30a5cab9-9a32-4270-adff-8c9f82b0686c,0,0,0,0,1,0,0,0,0,1,0
30af3507-8d40-40e3-a300-0ff5d71bde06,0,0,0,1,0,0,0,0,0,0,0
30d6465c-d2fa-417a-a421-af145b37ffbb,0,0,0,0,0,0,0,0,0,1,0
30dcfb04-febd-44ed-88d8-df1b2324f581,0,0,0,0,0,1,0,0,0,1,0
30f17b3e-35c4-4ad4-91a0-ffec01a5b2f1,0,0,0,0,1,0,0,0,0,0,0
30f50adc-ede4-4a73-b440-09645dd329aa,0,0,0,0,0,0,0,0,0,0,1
30f8ca2c-6f93-4667-829b-03c094f8cbde,1,0,0,0,0,0,0,0,0,0,0
30fc9736-5af0-45c8-bfed-e576ae310320,0,0,0,1,0,0,0,0,0,0,0
30ff4ee3-402f-4e9e-8cdb-10b4262ff380,0,0,0,0,1,0,0,0,0,0,0
3100c34a-1337-4802-a4d6-974670093a4a,0,0,0,0,0,0,0,0,0,1,0
3100c4e9-3643-40e0-aa43-f6e7598a4fc2,1,0,0,0,0,0,0,0,0,0,0
310497ba-b99d-476b-a37f-0e62e4a47926,1,0,0,0,0,0,0,0,0,0,0
3108e3fd-caf5-4617-8a74-5ad8634fae09,0,0,0,0,1,0,0,0,0,0,0
310afbc2-a6d8-4bea-a74f-758562fbac48,0,0,0,0,1,0,0,0,0,0,0
310f2e15-1652-439a-9a26-5a5d82c97921,0,0,0,1,0,0,0,0,0,0,0
31175989-8181-4124-86b9-b02bcd3b63eb,0,0,0,1,0,0,0,0,0,0,0
311a4219-b460-422b-a7a5-61382b66bee8,0,0,0,0,1,0,0,0,0,0,0
311dbb60-5a67-4888-af59-6b5f2b60d6b9,0,0,0,1,0,0,0,0,0,0,0
311eaf67-52a1-4dfd-90b1-676f1c34f7af,0,0,1,0,0,0,1,0,0,1,0
31215548-5789-4b1f-bda4-c9398068afc7,0,0,1,0,0,0,0,0,0,0,0
3124b7ab-0993-4614-86e9-51d775eddc83,0,0,0,0,1,0,0,0,0,0,0
312907ab-5ee7-44ec-a840-7ff65bfd6cd4,0,0,0,0,0,0,0,0,1,0,0
3139991e-642f-47e5-9ea8-1bd54f421774,0,1,0,1,0,0,0,0,0,0,0
314265b7-934c-4347-81c3-a28741efac9e,0,0,0,0,0,0,1,0,0,0,0
314fb170-6d6c-4c1f-84ce-3d4b0c677707,0,1,0,0,1,0,0,0,0,0,0
31537caa-b478-456d-ae52-39134b361a5d,0,0,0,0,0,0,0,0,0,1,0
315545cf-003c-4dca-9a1c-4ca9f0b79d9b,0,0,0,0,0,0,0,0,0,1,0
315813d9-30c8-405e-8ce0-8ab0b4420001,0,0,0,0,0,0,0,0,1,0,0
316eb6cc-2273-4fdd-8be9-25020113d20f,0,0,0,0,0,0,0,0,0,1,0
316ec231-c2af-4159-865e-78c72eb14879,0,1,0,0,0,0,0,0,0,0,0
316f137c-13b0-4a28-a9ee-b23c1a9a4b5c,0,0,0,0,1,0,0,0,0,0,0
318373ce-91f1-4c73-af0a-94132854de28,0,0,0,0,0,0,0,0,0,0,1
31a5b895-ab5c-4220-b06b-b55044281c69,0,0,0,0,1,0,0,0,0,0,0
31a83d76-e5ab-4e2d-8cfa-300f42461252,0,0,0,0,1,0,0,0,0,0,0
31b4b270-be3d-4fc3-ad23-4031b7d6c865,0,0,0,0,1,0,0,0,0,0,0
31bb90ce-5fe7-4224-8325-254a98c31ffb,1,0,0,0,0,0,0,0,0,0,0
31c04170-3c88-4667-a7b7-51192ab5d61c,1,0,0,0,0,0,0,0,0,1,0
31c2ce14-34ef-45d4-83ef-ff827752f165,0,0,0,0,0,0,0,0,1,1,0
31c9a8e4-4979-4893-afc3-93d404df521a,0,0,0,0,0,1,0,0,0,0,0
31ca4557-9ab7-45e4-9adc-e144e7b49c61,1,0,0,0,0,0,0,0,0,0,0
31d42156-93f6-4edb-bacb-1e7151b47764,0,0,0,0,0,0,0,0,0,1,0
31dc7103-bd16-4a3f-a6ea-6b8a38c861c7,0,0,0,0,0,0,1,0,0,0,0
31e71685-ebc3-4598-ba35-2e099b896f63,0,0,0,0,0,0,0,0,0,0,1
31e78e63-b357-410f-9e92-163342dea9e2,0,0,0,0,0,0,0,0,0,0,1
31f4cc56-e29d-46f3-9e3d-6a8216b0c5ad,0,0,0,0,0,1,0,0,0,0,0
31fac3f5-1b25-4e2f-8c2f-07e3ccfd6bdf,0,0,0,0,0,0,0,0,0,1,0
31fd0cc2-1c58-4e21-beed-917c1477b660,0,0,0,0,0,0,0,0,0,0,1
31fee1e8-2fe3-4b3b-844d-4c650d4abacc,0,0,0,0,0,0,1,0,0,0,0
32057c02-2df4-4dad-928c-9ab0d9084574,0,0,0,1,0,0,0,0,0,0,0
320d2e09-201a-4e1d-877a-1c0cbf833e82,0,0,0,0,0,0,0,0,1,0,0
321104e4-eb23-4d68-aa6a-7b51dea48c0f,1,0,0,0,0,0,0,0,0,0,0
3214241c-9e58-4f77-9c12-a7d3a1c7d0a6,0,0,0,0,1,0,0,0,0,0,0
32204434-8ffa-4e13-bb98-01292cc05fd0,0,0,0,0,0,0,1,0,0,0,0
322192c7-8132-4223-8b49-944d8d3b521c,0,0,0,1,0,0,0,0,0,0,0
322326d3-f77d-46f8-bdc0-8947503edf7a,0,0,0,0,0,0,0,0,0,1,0
322d5047-1b75-4b20-8055-09b0e89e6961,0,0,0,1,0,0,0,0,0,0,0
322da399-5431-457c-b773-db51ed342799,1,0,0,0,0,0,0,0,0,0,0
322e4c65-335b-4b8d-a035-ad2458e5c837,0,0,0,0,1,0,0,0,0,0,0
32356823-6f42-46dc-b020-9f85bf229a08,0,0,0,0,0,0,0,0,0,1,0
323b92e9-f913-4857-a86a-9ae7ad782d0b,0,0,0,0,0,0,0,0,1,0,0
323e88af-c7d7-4b95-b32a-271501ac62f0,0,0,0,0,0,0,0,0,0,1,0
3242fe30-6cad-4699-a44f-47279458737c,0,0,0,0,1,0,0,0,0,0,0
32543718-764f-414c-ad5c-dd0619632832,0,0,0,0,1,1,0,0,0,1,0
32579f24-d1fb-497b-8af9-8b612daf367a,0,0,0,0,0,0,0,0,0,1,0
3258ecf1-bc46-43c1-b3d8-b1b537ade1ba,0,0,0,1,0,0,0,0,0,0,0
3259f1c8-8581-4c18-aebc-6078a3bdae1b,0,0,0,0,1,0,0,0,0,0,0
325a0ceb-d87e-4438-a365-a99a3dcd1ec4,0,0,0,0,0,0,0,0,0,0,1
326a76d6-be24-46c4-9ed0-e1153f5d2f65,0,0,0,0,0,0,0,0,1,0,0
326cdf33-a1e6-4f00-94ff-74e2b9a54585,0,0,0,0,1,0,0,0,0,0,0
32713530-0919-429d-983a-100592bd7237,0,0,0,0,1,0,0,0,0,0,0
3272cb27-f22c-472e-9ab0-785e4d1f8a10,1,0,0,0,0,0,0,0,0,1,0
3274120b-0c32-4886-b386-7559ccf4c31c,1,0,0,0,0,0,0,0,0,0,0
32743d0c-e3e2-4708-93b1-5fbd1f43433e,0,0,0,0,0,0,0,0,0,1,0
3274b7c0-4cf7-422b-b5a8-234e6285bd85,0,1,0,0,0,0,0,0,0,0,0
327a421b-287e-4163-8e30-58f2ce05031a,0,0,0,0,0,0,0,0,0,1,0
3287863b-c100-4009-8dff-79be1d89f450,1,0,0,0,0,0,0,0,0,0,0
328bf42a-099d-4ba9-95bd-ee327962176d,0,0,0,1,0,0,0,0,0,0,0
328e3785-74e9-4b5c-9973-597537a926cf,0,0,0,0,0,0,0,0,0,1,0
32983d5a-3bcc-4f34-9df7-c54fccf7e411,0,0,0,0,1,0,0,0,0,0,0
32a05d69-cd6a-485c-ac70-b8b3624cfb01,0,0,0,1,0,0,0,0,0,0,0
32aaffd2-d347-4e75-83ac-d79b7e20a661,0,0,0,0,1,0,0,0,0,0,0
32af5239-ac83-4713-b3be-550fd2d0c6d5,1,0,0,0,0,0,0,0,0,0,0
32c0843a-9a3b-415f-898e-bf89df5e9f77,0,0,0,0,0,0,0,0,1,0,0
32cd0173-d5aa-4183-8feb-4088c9c6d7d7,0,0,0,1,0,0,0,0,0,0,0
32cd1430-6f18-4da4-9196-16faa9181302,0,0,0,0,0,1,0,0,0,0,0
32cde595-5b0c-4b43-9da0-5ba416dd715b,1,0,0,0,0,0,0,0,0,0,0
32d0716b-989b-4f70-99dc-efb65c1e65ab,0,0,0,0,0,0,0,0,0,1,0
32db31e4-9cb7-4197-8aa9-18f1e7950e8f,0,0,0,0,0,0,0,0,1,0,0
32dbd3f8-d91d-4a26-89b5-805842ac770f,0,0,0,0,0,0,0,0,0,0,1
32e3d05e-20cf-4c51-9ab1-8bc409a2cc3e,0,0,0,0,1,0,0,0,0,0,0
32ea9daf-0702-4d25-b3f1-9c179d124ab1,0,0,0,0,0,0,0,0,0,1,0
32f52826-efd8-4a7b-8899-adfc1f210a97,0,0,0,1,0,1,0,0,0,0,0
33000ccc-fb92-42e7-b780-c2b748d0ad11,0,0,0,0,1,0,0,0,0,0,0
3308fce6-e85a-45a6-87ad-23e84eb2c0da,0,0,0,1,0,0,0,0,0,0,0
330b816e-5b5b-4504-a134-652892dd7a22,0,0,0,0,1,0,0,0,0,0,0
331179ca-a1b2-43a1-8051-9bbcbf31f753,0,0,0,0,0,0,0,0,0,0,1
3326eb2b-368f-4f93-84a7-c978accc8f60,0,0,0,0,0,0,0,0,0,1,0
332729ad-2654-418e-8911-c45d60a7fbcd,0,0,0,1,0,0,0,1,0,0,0
332a5592-c8b5-4c52-807d-a652c25b27f7,0,0,0,0,0,0,0,0,0,0,1
3331fe53-fe69-4209-a541-6439ff9fad27,0,0,0,0,0,0,0,0,0,1,0
3339e5f6-937e-4478-a64d-6817d3ff7595,0,0,0,0,1,0,0,0,0,0,0
333d7a96-d8f0-4e72-90df-d6c309dbaa48,0,0,0,0,1,0,0,0,0,0,0
334cbe8b-d79d-4660-92ac-3048e73d1500,0,1,0,0,0,0,0,0,0,0,0
334d9763-5563-4c95-8d81-d7cde02b650b,0,0,0,0,0,0,1,0,0,0,0
3352347e-ec5a-4fde-9e16-691366fe8b0a,0,0,0,0,1,0,0,0,0,0,0
335ec812-42a1-4ed7-ad33-dd3833bffa64,0,0,0,1,0,0,0,0,1,0,0
33626c11-bfc2-4ded-8f2c-7525f9770729,0,0,0,0,0,0,0,0,0,0,1
33652074-950f-4b78-8a74-8ad4531b40af,0,1,0,0,1,1,0,0,0,0,0
3365e99f-9ae9-4143-a7d0-fdb357db567c,0,0,1,0,0,0,0,0,0,0,0
3368bbc0-644c-48d5-85a8-788530425544,0,0,0,0,1,0,0,0,0,0,0
336943c4-4216-495d-8904-d417ec1666b0,1,0,0,0,0,0,0,0,0,1,0
3370a7c0-fac5-431e-a05c-e007d21f6191,0,0,0,0,0,0,0,0,0,0,1
337fc5f9-d25f-4d50-8003-219966c945aa,0,0,0,0,0,0,0,0,1,0,0
338285b2-21c7-4503-89f0-b66276658bd5,0,0,0,0,0,0,0,0,0,1,0
338e49ef-3218-4e51-8e1a-23839d9e347a,0,0,0,1,1,0,0,0,0,1,0
33a37d16-8539-4e01-a710-1433ee94b1a7,0,0,0,0,0,0,0,0,1,0,0
33a617ac-6680-4bd7-888a-91996dfca995,1,0,0,0,0,0,0,0,0,0,0
33a6a9a0-d39f-4d50-b853-a21ba26b5f08,0,0,0,0,1,0,0,0,0,0,0
33aa687e-a4ec-4247-95f2-aa3cbabfda65,0,0,0,0,0,0,0,0,0,1,0
33c4da3c-9ecc-4b94-9148-3bb9e2584b29,0,0,0,0,0,0,0,0,0,0,1
33c8c54f-ce83-4726-81ee-2bae51e6b60e,1,0,0,0,0,0,0,0,0,0,0
33cb5ecb-d81f-42ad-aaa1-bc1b5ca09cc6,0,0,0,0,0,0,0,0,0,0,1
33cec7eb-7ba5-4699-ad7b-8a2c57736f5e,0,0,0,1,0,0,0,0,0,0,0
33d9d0d7-bff0-46e4-9929-873c921edf0e,0,0,0,0,0,0,0,0,0,1,0
33df499b-ab01-44b7-ac5c-59f922a4a0fd,0,0,0,0,1,0,0,0,0,0,0
33e24d70-6545-4587-8aa8-3ac8ccf2f8bf,0,0,0,0,0,0,0,0,0,1,0
33e3259b-1a39-4c71-9d77-6dfa89ce965d,1,0,0,0,0,0,0,0,0,1,0
33ef04c3-b08e-4e37-a184-3ed9d29d84b2,0,0,0,0,0,0,0,0,1,0,0
33efbd05-5057-41b8-aa2d-9abf6725b437,0,0,0,0,0,0,0,0,0,1,0
33fe7c05-d3fc-4327-a774-7ec45c490016,0,0,0,0,1,0,0,0,0,0,0
34070f32-62ac-492e-a33c-0a3557e817f1,0,0,0,0,0,0,0,0,0,1,0
341b9b5b-d0a2-432c-b64a-f568477d618b,0,0,0,0,0,0,0,0,0,1,0
3420132d-7040-468e-a94f-3bce1f662df3,0,1,0,0,0,0,0,0,0,0,0
34272532-c9ba-4b8c-8bad-1b28b8e7242e,0,0,0,0,0,0,0,0,1,0,0
342d4cc4-bab8-4162-9960-38cb52cdb9be,0,0,0,0,0,0,0,0,0,0,1
343a1568-7f2d-4b95-a92f-7a74fe53fb16,0,0,0,0,1,0,0,0,0,0,0
344b0209-cdd4-45d9-9b3d-0b79e81515c8,0,0,0,0,0,0,0,0,0,0,1
344d68cf-185b-4af7-ba7d-8940c4b59733,0,0,0,0,1,0,0,0,0,0,0
3450fcc9-fca6-43da-a93f-22be5e4cc4be,0,1,0,0,1,1,0,0,0,0,0
3455389d-5be0-43b0-b88d-b4cd45b36d06,0,0,0,0,0,0,0,0,0,0,1
345e559e-5e8c-4999-8efc-a5db01e0a725,0,0,0,0,0,0,0,0,0,0,1
347125ab-d3d6-4032-8639-0a3231c97d2e,0,0,0,0,1,0,0,0,0,0,0
3475562c-a8d9-4a8a-a607-4e44ebfe8e1b,1,0,0,0,0,0,0,0,0,0,0
347c8e04-08e4-4d2c-9f61-ad4d7414cdf9,0,1,0,0,0,0,0,0,0,0,0
34802a63-a8e1-4145-b3eb-271d76f87608,0,0,0,0,0,0,0,0,0,0,1
3481ea0d-666d-4c2a-825b-bbbf2020ec56,0,0,0,1,0,0,0,0,0,0,0
3484a6a7-9dc7-4c51-98b7-1c2e81caed9e,0,0,0,0,0,0,0,0,1,0,0
349520b8-bfab-41ba-a6d7-69ccfeb71471,1,0,0,0,0,0,0,0,0,0,0
349610eb-79d3-4c59-abc9-6bdd5091287d,0,0,0,0,0,0,0,0,0,1,0
3496d409-0457-46d2-90c8-2d4daf947053,0,0,0,0,0,0,0,0,0,0,1
349c66d5-e069-49f1-8bd9-53c576e84f69,0,0,0,0,0,0,0,0,0,1,0
34b4c203-9c76-4647-a1bc-048cc772c81e,0,0,0,0,0,0,0,0,0,1,0
34b7c9ec-cf16-4cc1-b671-a07eb20055b8,1,0,0,0,0,0,0,0,0,0,0
34bcdbf5-a9ee-4a40-afc3-cbf76070a10c,0,0,0,0,0,0,0,0,0,1,0
34c375da-0576-43ef-b48d-481e563ab0a5,0,0,0,0,1,0,0,0,0,0,0
34cbdc0c-fd66-4bcf-b17f-147305d0bf5e,0,0,0,0,0,0,1,0,1,1,0
34cdf903-d01c-402f-9fe2-a104ad377947,1,0,0,0,0,0,0,0,0,0,0
34ce07fe-6f32-428f-a46b-fb1123a9f3b7,0,1,0,0,1,0,0,0,0,0,0
34ceedab-ce1f-4764-8873-dccd74a46005,0,0,0,1,0,0,0,0,1,0,0
34d69899-a50b-4169-8f9e-ad5d96ff3efd,1,0,0,0,0,0,0,0,0,0,0
34d99a98-ce2f-4676-94d9-f2735f369bc3,0,0,0,0,1,0,0,0,0,0,0
34dda260-572f-446f-9cf0-153ae7ca73ce,0,0,1,0,0,0,0,0,0,0,0
34e194a6-bb62-46ed-9d85-614b5c0e5979,1,0,0,0,0,0,0,0,0,0,0
34e9d7a9-c38f-4095-a5f0-42bb68a9d965,0,0,0,1,0,0,0,0,0,0,0
34ee03c3-22f5-4e89-b73c-cb467f660fbb,0,0,0,0,0,0,0,0,0,0,1
34efec92-5a1c-4bc1-b2e9-5057e9e73bcb,0,0,0,1,0,0,0,0,0,0,0
34f7e469-2196-4f2b-adac-ca56b887a6a9,1,0,0,0,0,0,0,0,0,0,0
350346e3-52f2-4ef5-b8ef-06426b65d0ed,0,0,0,0,0,1,0,0,1,0,0
3504aa49-7571-4fdd-898d-3d1cc0f272ac,0,0,0,0,0,0,0,0,0,0,1
350f3a98-0d68-4421-bf57-1d706250e9ae,0,0,0,0,0,0,0,0,0,0,1
3510974b-1086-4a18-bb1f-b0a1d2dd3184,0,0,0,0,1,0,0,0,0,0,0
3515728a-f023-46ec-a635-649174261cf1,0,0,0,0,1,0,0,0,0,0,0
35199173-6221-4742-bc09-ae1b8e1124f2,0,0,0,0,0,0,0,0,0,1,0
351f106a-d18a-4c4e-82c1-0ed450c050a1,0,0,0,1,0,0,0,0,1,0,0
3521cc2f-bb8d-49e7-ab1c-d31be5304cee,1,0,0,0,0,0,0,0,1,0,0
35243056-bdb6-4348-af98-26ced19461ae,0,0,0,0,1,0,0,0,0,0,0
35248637-5ae5-4368-aec7-a0acfdb023b1,0,0,0,1,0,0,0,0,0,0,0
35286914-bfea-445e-8178-15aab0320772,1,0,0,0,0,0,0,0,0,0,0
3528bb36-1afe-4477-a789-b5e56e0c6751,0,0,0,0,0,0,0,0,0,0,1
352aa99a-c624-4f63-bc04-71f43639f0a7,0,0,0,0,0,0,0,0,0,0,1
352eba31-2d15-475c-9464-3f7237686936,1,0,0,0,0,0,0,0,0,1,0
353390af-938a-404b-a3b0-f54096f04dec,0,0,0,0,1,1,0,0,0,0,0
35391e3d-67cd-4f3c-be47-10a0189bd253,1,0,0,0,0,0,0,0,0,0,0
353b01f5-d9e1-4ad0-9952-92fbf4548586,0,0,0,0,0,0,0,0,0,1,0
353dcddb-46a0-4a80-a364-2623610354db,0,0,1,0,0,0,0,0,0,0,0
354521b3-7c41-4973-9255-a686d24aed4c,0,0,0,0,0,0,0,0,0,0,1
355334da-a769-4340-af5c-b1f89631be7a,0,0,0,0,0,1,0,0,0,1,0
355de757-56a5-4fce-a5ea-56a4e42bd544,0,0,0,0,0,0,0,1,0,0,0
355e2607-ec4b-4073-a53d-0376530f3e2a,0,0,0,0,0,0,0,0,0,0,1
355e65be-650c-44ec-9b0b-501d5b06715d,0,0,0,0,0,0,0,0,1,0,0
3562a25f-5e87-4ed0-9c79-8ccaa7b5dfca,0,0,0,0,0,0,0,0,0,0,1
3571462e-5aaa-453d-99a6-bdfcddf38b4e,0,0,0,0,1,0,0,0,0,0,0
358b00f8-6836-4a78-9f22-591279ef863a,0,0,0,0,1,0,0,0,0,0,0
358db3a9-a87c-4133-8f78-d522fd718212,0,0,0,0,0,0,0,0,1,0,0
358f6bef-752f-428d-994b-f2b5c4d7b99b,0,0,0,0,0,0,0,0,0,1,0
35a6c907-58af-46b3-b984-46f560e725e7,0,0,0,0,0,0,0,0,0,0,1
35a8ae56-ed62-4f7a-8af5-448be4cbc8b4,0,0,0,0,0,0,0,0,0,0,1
35a8d1e9-2a45-4669-a24e-2db3abc72e62,1,0,0,0,0,0,0,0,0,0,0
35a9b9a4-48ee-4d71-b73f-9c9723520923,0,1,0,1,1,0,0,0,0,0,0
35adc092-270d-4884-8c99-0f9d1c9f724c,0,0,0,0,1,0,0,0,0,0,0
35aee9ca-40eb-4b8b-ac47-67162b55690f,0,0,0,0,0,0,0,0,0,1,0
35bca649-4e3b-48dd-a39f-16911537eb31,0,0,0,0,0,1,0,0,0,1,0
35cb8d2b-5e66-4505-aeb8-f5513ae0698d,0,0,0,0,0,0,0,0,0,1,0
35cbdc6b-6dd7-4e43-85fc-1f35bbb7d9f5,0,0,0,0,0,0,0,0,0,1,0
35cff652-3735-456c-8639-838352cf7af0,0,0,0,0,1,0,0,0,0,0,0
35d2f285-dca3-4688-bb0c-a9e9d746715f,0,0,0,0,0,0,0,0,0,0,1
35d931d9-be3d-4096-ab1e-7581fbe35891,1,0,0,0,1,0,0,0,0,0,0
35e9b57a-68cb-45c9-b6b5-7a0edde0205a,0,1,0,0,0,0,0,0,0,0,0
35ec48f6-3d8b-46bf-aebd-245fbc6e57a9,0,0,0,0,0,0,0,0,0,1,0
35ed2d33-a6d3-4cbe-8b97-5fd8d6920e9e,1,0,0,0,0,0,0,0,0,0,0
35f1ef30-9e5a-4cf9-b9e1-6d6cd6133792,0,0,0,0,1,0,0,1,0,0,0
35f9a2ed-456c-4790-84d9-60e16975ed1a,0,0,0,1,0,0,0,0,0,0,0
35fac8c9-3447-481e-87b9-dfd04c23f405,0,0,0,0,1,0,0,0,0,0,0
35fdd469-8004-479b-bded-de0975af5a80,1,0,0,1,0,1,0,0,1,1,0
3609ed9f-0c9b-4b96-adaa-e2aedaed733e,0,0,0,0,1,0,0,0,0,0,0
36214767-e1d7-43a8-b307-662ede73d010,0,0,0,0,0,0,0,0,0,1,0
363968b3-5224-43a4-805e-91f13cbf4abc,1,0,0,0,0,0,0,0,0,0,0
3639c56a-8c23-4c4b-bb5e-4b5ab356f7fd,0,0,0,0,1,0,0,0,0,0,0
366386b3-57a7-4d65-afa2-55d7740d9813,0,0,0,0,1,0,0,0,0,0,0
3668b947-0f9c-4b43-8c79-e772afeb27f3,0,0,0,0,1,0,0,0,0,0,0
366d5305-899e-4a84-a904-e7cc7a94b75a,0,0,0,0,0,0,0,0,0,0,1
367828e3-1654-420b-9162-952702730277,0,0,0,0,1,0,0,0,0,0,0
368815cc-e45f-4da9-9e4b-cfe09902a331,1,0,0,0,0,0,0,0,0,0,0
36911092-d576-4b53-8d96-63e4a597b107,0,0,0,0,0,0,0,0,1,0,0
3696b4a0-bd89-419c-b9d8-9ced5b1fa29a,0,0,0,1,0,0,0,0,0,0,0
3696fab2-3c16-4d94-be21-3ba7fce70225,0,0,0,0,1,1,0,0,0,0,0
36a1fef8-7b2e-4a96-9df7-dfaf55562dcf,0,0,0,0,1,0,0,0,0,0,0
36aa0d7f-4757-4b66-b47a-7e94b5c25a55,0,0,0,0,0,0,0,0,0,1,0
36bac23a-a3f7-4d2d-bdad-3d7828144877,0,0,0,0,0,0,0,0,0,0,1
36bf4094-af38-41b4-930c-e5145c4a5aaf,1,0,0,0,0,0,0,0,0,1,0
36bfcf54-37a6-47d7-a651-7b5d53d98fa3,0,0,0,0,0,0,0,0,0,1,0
36d786d5-b529-4ceb-ab79-1eb47e155187,0,0,0,0,1,0,0,0,0,0,0
36e7f5dd-3678-46e6-9614-d5d4deba9e5f,1,0,0,0,0,0,0,0,0,1,0
36e9cbff-cd5f-469f-82bf-cd360f3e5707,0,0,0,0,1,0,0,0,0,0,0
36f60028-e6c8-4e98-9530-a452dd402a74,0,0,0,0,0,0,0,0,0,0,1
36f8a1f5-da66-4f3b-8385-bf999b930924,0,0,0,0,0,0,0,0,1,1,0
36fdf497-7069-4fd8-b5b7-066f2dff2bd8,0,0,0,0,0,0,0,0,0,0,1
370e6b57-98df-4217-8bbe-78f5da34706e,0,0,0,0,1,0,0,0,0,1,0
3715caad-e012-434f-ba83-ae50a4ec14be,0,0,0,1,0,0,0,0,0,0,0
37221015-c8e1-409a-953c-f7059b221bf9,0,1,0,0,0,0,0,0,0,0,0
372385e1-1879-4ed7-99a6-f10e91ce10f5,0,0,0,0,1,0,0,0,0,0,0
3726b320-64e6-4ccd-92b8-204d0ce2d4f7,0,0,0,1,0,0,0,0,0,0,0
372988df-4f38-413b-82ed-3079bac7822e,0,0,0,0,0,0,0,0,0,0,1
372acd0b-b407-4130-9e57-668e8b9ed64b,0,0,0,0,0,0,0,0,0,1,0
372b2b9c-8f38-452c-94ce-aad8b26a76d8,0,0,0,0,0,0,0,0,0,1,0
3737156c-0511-4aa9-b7b5-cfe89507d6c8,0,0,0,0,0,0,0,0,0,1,0
3738eecd-e399-48f0-afa4-5cb75de8d204,0,0,0,0,0,0,0,0,0,1,0
375a9777-bb66-4789-bd76-59b7c72d05ee,1,0,0,0,0,0,0,0,1,0,0
376190c3-0823-438f-a463-e53a82a08350,0,0,0,0,0,0,0,0,1,0,0
37692d4c-46cf-44c7-9c7d-b669ab60259f,0,0,0,0,0,0,0,1,0,1,0
376a1d40-5a5d-4f8e-83d7-a14ea03f18cd,0,0,0,0,0,0,0,0,0,0,1
3770e250-8fd9-4aeb-8b71-2d995e72a809,0,0,0,0,1,0,0,0,0,0,0
3771d63f-134e-4d24-8354-beb69491f389,0,0,0,0,0,0,0,0,0,1,0
37817674-2806-40e5-a960-179023c3bebf,0,0,0,0,0,0,0,0,1,1,0
3781ddf6-0fbe-4b55-a258-a40b3892f05d,0,0,0,0,0,0,1,0,0,0,0
3787ea31-518e-4b00-9bcf-43dfb1b1536d,0,0,0,1,0,0,0,0,0,0,0
37948780-54f7-4ea6-a439-7dd2c1086d17,0,0,0,0,0,0,0,0,1,0,0
37961222-972f-4009-a652-4d1602e8c32a,0,0,0,0,0,0,0,0,1,0,0
379b6d6c-8727-4b1c-a180-e02c363037d5,0,0,0,0,0,0,0,0,0,1,0
379cbabf-8242-4599-ac6f-834e65d53233,0,0,0,0,0,0,0,0,1,0,0
37a420c3-332c-4b1a-aa29-35b386b52057,0,0,0,0,1,0,0,0,0,0,0
37ad5667-a02b-4f82-9626-b9187e66114b,0,0,0,0,1,0,0,0,0,0,0
37af6b61-2b29-4890-a715-67fad7663a54,1,0,0,0,0,0,0,0,0,0,0
37b91063-d901-4a1d-9d65-e5e2463455fa,0,0,0,1,0,0,0,0,0,0,0
37bbdd2a-2fda-4fcc-bc07-4e2a9c80b60a,0,0,0,0,1,0,0,0,0,0,0
37bcd784-2354-4ee2-8c2d-fd816d1cfbb7,0,0,0,1,0,0,0,0,0,0,0
37ccdd91-4b20-43b6-a5e1-b8e70864c464,0,0,0,0,0,0,0,0,0,0,1
37d3501f-48fe-46b2-ae84-b7365f368f91,0,0,0,0,1,0,0,0,0,0,0
37da42d1-6256-4460-a434-d9358e8d2871,0,0,0,0,1,0,0,0,0,0,0
37ded9f7-4114-444d-a0e2-89b1dace8bea,0,0,0,0,0,0,0,0,0,0,1
37eba960-6ac2-4105-88f9-3e6d64e0f07a,0,0,0,1,0,0,0,0,0,0,0
37f15009-7011-4d3a-af02-11aa252c2077,0,0,0,0,1,0,0,0,0,0,0
37f3788f-afe2-4cdc-9c54-680698076a81,0,0,0,0,0,0,0,0,0,0,1
37f69cd2-a805-4161-a109-6daa85095c5e,0,0,0,0,0,1,0,0,0,0,0
38048280-1a0f-43ee-bf4d-a98d5f788681,0,0,0,0,0,0,0,0,0,0,1
381721a4-6dbd-488c-a462-3aa78dcb4410,0,0,0,0,1,0,0,0,0,0,0
381b642e-3f2d-49a1-bc1d-610d0e85b8c8,0,0,0,0,0,0,0,0,1,0,0
381b9dfa-7693-40b7-98d3-c1239b5e75ad,0,1,1,1,0,1,0,1,0,0,0
381bf624-31df-4eec-a4b3-17e5394ef13b,1,0,0,0,0,0,0,0,0,0,0
3824f6dc-a0b0-4725-8404-cc1d24e3d4fb,0,0,0,0,1,0,0,0,0,0,0
382f195c-83bc-4ca9-ad89-3138da07f4a8,0,0,0,0,0,0,0,0,0,0,1
382f7242-207c-4002-b47a-8d5d89c35a27,0,0,0,0,0,0,0,0,0,0,1
383a752f-fcfc-4ae5-8bb2-b8a604fb27ab,0,0,0,0,0,0,0,0,0,0,1
383ff8b1-e772-41aa-8111-28b4b17eedde,0,0,0,0,1,0,0,0,0,0,0
38505aeb-d07a-4bed-98b6-9ace6e93ede8,0,0,0,0,0,0,0,0,1,0,0
3850ef1d-6b5f-49b6-8cf6-01eeffc10184,0,0,0,1,0,0,0,0,0,0,0
387044f8-c037-4fea-b539-3370c3e8f8b9,0,0,0,1,0,0,0,0,0,0,0
387c3c69-bc3c-43e9-a1f4-4d071277f147,0,0,0,0,0,1,0,0,0,1,0
38831bed-03e4-4663-9ab6-9fa94321ec2e,0,1,0,0,1,0,0,0,0,0,0
3887b446-9228-4be4-9fa6-da5d709345f7,0,0,0,0,1,0,0,0,0,0,0
38927c19-ec92-4265-950d-aa2fa728a2d7,0,0,0,0,0,0,0,0,1,0,0
3898e703-81dc-4f49-a487-867ba2732799,0,0,0,0,0,0,0,0,1,0,0
389e4617-fccc-45a4-bc8b-99bbbc6d81d3,0,0,0,0,1,0,0,0,0,0,0
38a0820e-4824-44fa-b57c-59daf7590c6c,0,1,0,0,1,0,1,0,0,0,0
38a25013-8baf-4e76-8acd-17107a1c7693,1,1,0,0,0,1,0,0,0,0,0
38ab2b07-3538-4476-aff0-428bc1d050b4,0,0,0,0,1,0,0,0,0,0,0
38abef6f-25ac-47dc-8825-54017e47e530,1,0,0,0,0,0,0,0,0,0,0
38b49f4e-f469-4dd4-a273-62c1fc35a94d,0,0,0,0,0,1,0,0,0,0,0
38b54f02-3116-48e5-af4f-b4d9ad1f0e09,0,0,0,0,1,0,0,0,0,0,0
38baffd7-5aba-4c94-9d28-7b89cb3a5321,0,0,0,0,1,1,0,0,0,0,0
38bb4ae7-a3ca-4d32-b7ce-d5e179f4a812,0,0,0,0,1,0,0,0,0,0,0
38bf128b-840f-4f65-9ece-28594de346e7,0,0,0,0,0,0,0,0,0,1,0
38c43e9c-0769-43eb-9b6f-8b642111500e,0,0,0,0,0,1,0,0,1,0,0
38c9dd8f-b9da-4a33-99d8-506f2a88b2d9,0,0,0,0,0,0,1,0,0,0,0
38d0e11c-a323-48f1-9372-40e660d6a126,0,0,0,0,1,0,0,0,0,0,0
38d311e1-ec38-4944-ad16-a9ae43b522ca,0,0,0,0,1,0,0,0,0,0,0
38d81eba-7cbd-4129-a574-b22dcdc5b6ea,0,0,0,0,0,0,0,0,0,0,1
38d82afd-bc5c-43e2-8c75-508d846fdc8e,0,0,0,0,1,0,0,0,0,0,0
38de8c90-250d-43b9-921c-d0296f610306,0,0,0,1,0,0,0,0,0,0,0
38e8c2c9-86e8-4cd1-8503-bc999dc94a30,0,0,0,0,1,1,0,0,0,1,0
38f37e49-ef27-4fae-ade2-cba676a1353a,0,0,0,0,0,0,0,0,0,1,0
38f69e85-dc12-4c23-9c0c-26af80efe3c3,0,0,0,0,0,0,1,0,0,0,0
38f7862d-e39a-4afe-ad29-66ef59a30112,0,0,0,0,0,0,0,0,0,0,1
38fa62a9-1ef3-4afb-b4aa-aa9c6b10aef8,0,0,0,0,1,0,0,0,0,0,0
390efb88-94d5-4d66-8c2d-2684061cad0b,0,0,0,0,0,1,0,0,0,0,0
3910fb81-ff35-4d92-9715-e9e8e6ad0be6,0,0,0,0,0,0,0,0,1,0,0
391b2c8d-edc6-4a6d-94f5-0806e4a0d897,0,0,0,0,0,0,0,0,0,0,1
391faddc-1f88-41db-8895-ddeed15d117d,0,0,0,0,0,0,1,0,0,1,0
39218e51-0c88-4ded-af0f-fdbaf49b669a,0,0,0,0,0,0,0,0,0,0,1
3938462c-5859-45ac-9d12-9e4c72f8fd73,0,0,0,0,1,0,0,0,0,0,0
393cd047-dd79-4cfc-a00f-aa64b169d70e,1,0,0,1,0,0,0,0,1,0,0
394cc7e1-4b72-445a-91a5-cf9bbd099533,0,1,0,0,1,0,0,0,0,0,0
3956652c-b84a-4740-8b22-79e0e3cf0deb,1,1,0,0,0,0,0,0,1,0,0
395aa2cc-43d2-429a-a85a-4988fb0a505b,0,1,0,0,1,0,0,0,0,0,0
3961ed33-75c5-4f3e-b981-1341e292e203,0,0,0,1,0,0,0,0,0,0,0
39704163-919b-4f59-9054-2260f2bf7563,0,0,0,0,1,0,0,0,0,0,0
397472f8-0eba-4188-91ea-d63248c96201,0,0,0,0,1,0,0,0,0,0,0
398463ca-3acb-4aa1-b235-94132d6e4a35,0,0,0,0,1,0,0,0,0,0,0
398712a1-7a46-4c87-9a2d-6ce92e51db22,0,0,0,1,0,0,0,0,0,0,0
39877a18-d074-4ad6-8b53-12aadfac8acf,0,0,0,0,1,0,0,0,0,0,0
398cb998-3432-4ab4-a81b-42099f6e4c91,0,0,0,0,1,0,0,0,0,0,0
3993e9e6-5292-4fcc-87fb-9d382c9cc4bb,0,0,0,0,1,0,0,0,0,0,0
399768d4-060a-4694-9154-540103345485,0,0,0,0,1,0,0,0,0,0,0
399abdd4-45b6-4e75-920b-bfff1f4640a3,0,0,0,0,0,0,0,0,0,0,1
39a79a78-c12a-4909-be2e-a32a75e06dd3,0,0,0,1,0,0,0,0,0,0,0
39a7f8e0-1f7f-4a86-b2ae-c67e2ef318aa,1,0,0,0,0,0,0,0,0,0,0
39ab4a68-1bfd-4c99-9177-7234935e9fd0,0,0,0,0,0,0,0,0,0,1,0
39aff377-d897-4043-8714-ff03cfe82714,0,0,0,0,0,0,0,0,0,0,1
39b071a1-f3c2-4949-b736-2d15fb3d7919,0,0,0,1,0,0,0,0,0,0,0
39b449e3-b69e-4026-bd05-111a4fcbe17a,1,0,0,0,0,0,0,0,0,0,0
39b72edd-c8d0-4969-a956-9f011b680353,0,1,0,0,1,0,0,0,0,0,0
39b840e4-455e-4b6b-816c-b5382310af36,0,0,0,1,0,0,0,0,0,0,0
39c05c1c-c517-4a7d-9920-1a9fdeccef86,0,1,0,0,1,0,0,0,0,0,0
39cc36b0-68cb-4c28-b910-2ec685d1c1b6,0,0,0,0,1,0,0,0,0,0,0
39d4f78a-2b64-4cf9-b469-8290c6244111,0,0,0,0,0,0,0,0,1,1,0
39da3940-5943-492e-b683-df8e611d2bb4,1,0,0,1,0,0,0,0,1,1,0
39dbd6c1-2f9b-4260-a214-933c177962e7,1,0,0,0,0,0,0,0,0,1,0
39e23e1d-f12a-422b-9182-7049ceccae97,1,0,0,0,0,0,0,0,0,0,0
39f745ba-1121-4bc8-839d-7604baf2f7d1,0,1,0,0,0,0,1,0,0,0,0
39f8eccc-e3d7-42a1-8218-92dfb9505e05,0,0,0,0,1,0,0,0,0,1,0
39ffe973-dca2-4beb-84e9-6c7119d57a76,0,0,0,0,1,0,0,0,0,0,0
3a004d13-b574-44a9-9656-3e2fdd0116e9,0,0,0,0,1,0,0,0,0,0,0
3a010576-7027-4880-968a-f50f66dbdade,0,0,0,1,0,0,0,0,0,0,0
3a03dfdd-5ab4-42ae-8b44-602bc8c31735,1,0,0,1,1,0,0,0,0,0,0
3a04c36e-623f-4af3-8661-56fa581f59c8,0,0,0,0,1,0,0,0,0,0,0
3a06e6d1-2c79-47aa-8d20-9a9c78ba19bd,1,0,0,0,0,0,0,0,0,0,0
3a1832da-e2ad-4482-8695-7c86b95e56f8,0,0,0,0,0,0,0,0,1,0,0
3a1aa431-a5e3-466f-89de-6ba0a5661cd2,0,0,0,0,1,0,0,0,0,0,0
3a216785-85ef-4985-9a96-4d7088169b62,0,0,0,0,1,0,0,0,1,0,0
3a303e03-5e66-4f6c-8015-83ca432d21dd,0,0,0,0,0,0,0,0,1,0,0
3a314894-a26d-44bb-aa05-0ce49e2045fe,0,0,0,0,0,1,1,0,0,0,0
3a348ca0-9daf-449d-bc9b-bb92f80a6ade,0,0,0,0,0,0,0,0,1,0,0
3a3a8019-9cf3-4a3b-b2b5-c87d614a0034,0,0,0,0,0,0,0,0,0,1,0
3a3b01a9-4fb2-4ceb-aa0e-4c79dc4e0342,0,1,0,0,1,0,0,0,0,0,0
3a3bc227-33c4-48ef-b71c-3c85288dd668,0,0,0,0,1,0,0,0,0,0,0
3a4c5c9d-dd0d-4c7d-9388-147fd57a156b,0,0,0,0,0,1,0,0,0,0,0
3a51cb38-4193-40f9-8439-d0225266621f,0,0,0,0,1,0,0,0,0,0,0
3a5d4c28-65ac-4aeb-be35-bf41ebfbac46,0,0,0,0,1,0,0,0,0,0,0
3a6262c8-9b8c-4d94-afbb-9b166cf302e9,0,0,0,0,0,1,0,0,0,0,0
3a62bb37-ee1e-4eb3-9128-01269bb28657,0,0,0,0,0,1,0,0,0,0,0
3a79e144-a9e2-45a5-91d6-31c189a6e4e0,0,0,0,0,1,0,0,0,0,0,0
3a7ecba8-bd3f-467c-a66e-56c5573d00db,0,0,0,0,1,0,0,0,0,0,0
3a8d1226-6332-4767-84ad-dced7c919474,0,0,0,0,0,0,0,0,0,0,1
3a955b0d-1998-49b1-9c22-3ff22fab7f77,0,0,0,0,0,1,0,0,0,1,0
3a97133d-fb46-457c-b828-820953df7b14,0,0,0,0,0,1,0,0,0,1,0
3aaedc3d-12ad-490d-a2aa-97072266bd87,0,0,0,0,1,0,0,0,0,0,0
3ab3d1cc-30f8-4027-a6ae-b0406dbba6fa,0,0,0,0,0,0,0,0,1,0,0
3ab67a97-3d6d-4d82-b2a2-a61a1c9eefae,0,0,0,0,1,0,0,0,0,0,0
3ab6b270-30bc-440f-8550-9e3e9357d262,0,0,0,0,1,0,0,0,0,0,0
3ace636b-3a61-4978-b751-fc2ce72853c0,0,0,0,1,0,0,0,0,0,0,0
3ad2a0ae-7791-451d-8a4d-5408d7002914,0,1,0,0,0,0,0,0,0,0,0
3ae77acb-2c90-4d6d-8e3a-d81c6400fa14,0,0,0,0,1,0,0,0,0,0,0
3ae8971f-46a7-49c7-b40a-0e9824b30ee4,0,1,0,0,1,0,0,0,0,0,0
3aea14e4-f38f-4b4d-84ac-a9638b20cb89,0,0,0,0,1,0,0,0,0,0,0
3aedb33f-cc60-4d89-bcc4-7cfad587c033,1,0,0,0,0,0,0,0,0,0,0
3af6399e-ff35-444d-84d7-73499ce6658e,0,0,0,0,0,0,0,0,0,1,0
3b1ca249-eb2c-4231-b1e5-51c4b83a3904,0,0,0,0,1,0,0,0,0,0,0
3b1ed9c4-e24b-43f4-b340-9141ddd916b0,1,0,0,0,0,0,0,0,1,0,0
3b204583-a94b-4d11-930d-c9bf266f47ae,0,0,0,0,1,0,1,0,0,0,0
3b234190-d3f6-41f0-b7b5-b8c165c54ba0,0,0,0,0,1,0,0,0,0,0,0
3b2650df-a839-445c-b57b-08e1d8b19146,0,0,0,0,1,0,0,0,0,0,0
3b27fa30-fa47-43ae-8154-9571fe01a535,0,0,0,1,0,0,0,0,0,0,0
3b281c6f-7d6d-454e-87d1-142bb961eb03,0,0,0,0,1,0,0,0,0,0,0
3b326f6c-28fd-41ff-847f-8299a488651b,0,0,0,0,0,0,0,0,0,1,0
3b395c95-463f-48be-ac7e-93b5ffbdef5d,0,0,0,0,1,0,0,0,0,0,0
3b3db19c-5571-467f-ae3d-9bac7758907f,0,0,0,0,0,0,0,0,0,1,0
3b425299-891d-458d-9e74-1bd0df100b27,0,0,0,0,0,0,0,0,0,0,1
3b454647-89d4-40ea-9596-5d39ab362b1a,0,0,0,0,0,0,0,0,0,1,0
3b509d05-956c-430c-a3b5-4ea2297f32c4,0,0,0,0,1,0,0,0,0,0,0
3b51e629-bacf-4828-9697-2572acbdc4ea,1,0,0,0,1,0,0,0,1,0,0
3b56ae77-dd45-46cd-997a-36bc72d4880f,1,0,0,0,0,0,0,0,0,0,0
3b5a9e88-3eb4-4970-8d41-ae20f74490dd,0,0,0,1,0,0,0,0,0,0,0
3b6f6cb3-4922-40ad-b354-198f680bed11,0,0,0,0,0,0,0,0,0,1,0
3b6ffb42-fd67-40cc-83d1-cda7508d512e,0,0,0,0,1,0,0,0,0,0,0
3b754134-6346-4f04-b131-e7f6c6453b3c,0,1,0,1,0,0,0,0,1,0,0
3b82703d-eede-47de-9bd7-7378d3727747,0,0,0,1,0,0,0,0,0,0,0
3b8a998e-f891-424f-9d16-3be86dfacafd,0,0,0,0,1,0,0,0,0,0,0
3b8c69c9-7ccd-4fcb-a49c-e184979475ff,1,0,0,0,0,1,0,0,0,1,0
3b914520-d447-4080-85fa-dd5555de349d,0,0,0,1,0,0,0,0,0,0,0
3b95d7a4-8047-43b1-b47d-0af022e86c42,0,0,0,0,0,0,0,0,0,0,1
3ba4153b-45f3-4c31-99ec-29773caf35e1,1,0,0,0,0,0,0,0,1,0,0
3ba7bb71-f170-41df-9147-b5932510037b,0,0,0,1,0,0,0,0,1,0,0
3babaa16-1bf5-4fd0-b36b-5f9e8109eeb9,0,0,0,0,1,0,0,0,0,0,0
3bb6781c-3ad0-47cf-a4d1-2584e7bd8f74,0,0,0,0,1,0,0,0,0,0,0
3bc38e6b-53f5-4254-9b5e-3b3557304a57,0,0,0,0,0,1,0,0,0,0,0
3bc6773c-3e43-4c31-8394-6249e3d37148,0,0,0,0,0,0,0,0,0,0,1
3bcb9490-2e11-4619-a535-677056eac56a,0,0,0,0,0,0,0,0,0,0,1
3bcce04b-42cc-47bd-b0af-57059a8fbe74,0,0,0,0,0,0,0,0,0,1,0
3beba0c0-9a43-4ca2-8045-f24e6d650d98,0,0,0,0,0,1,0,0,0,1,0
3bec7bfd-e1cf-480b-a46f-86aa9f412e91,0,0,0,0,0,0,0,0,0,1,0
3bee6813-aec8-4f16-911e-9faa4e1a1a2d,0,0,0,0,1,0,0,0,0,0,0
3c05365d-983d-4ff8-955f-cc194ffeb5a9,0,0,0,0,0,0,0,0,0,0,1
3c057ebc-5d43-450c-9bfe-9a25a3766143,0,0,0,0,0,0,1,0,0,0,0
3c08366e-f3b1-4c59-a91b-e8223cfb52a0,0,0,0,0,1,0,0,0,0,0,0
3c0c102f-f9e3-4d0e-8a26-963b645dd2cb,0,0,0,0,1,0,0,0,0,0,0
3c15b1a6-21f7-49a6-bef9-b41558cd18a7,0,0,0,0,1,0,0,0,0,0,0
3c188d16-6c1b-4417-8b31-43e06967eba8,0,0,0,0,1,0,0,0,0,1,0
3c249561-57d5-470e-8d15-82cdc1276f10,0,0,0,0,0,0,0,0,1,0,0
3c2fd2d0-065d-4bfc-acfe-dc64c7ad6246,0,0,0,1,0,0,0,0,0,0,0
3c345ed3-d3a4-4d17-aa9f-b44520678c0e,0,0,0,0,0,0,0,0,1,0,0
3c3d2086-1e2a-4ce7-8f7d-d7c5d18ad8bc,0,0,0,0,0,1,0,0,0,0,0
3c3e1dff-0a3d-4eaa-a7d0-e96c37103995,0,0,0,0,1,0,0,0,0,0,0
3c3ed203-7912-4b5f-866b-05bd9dd5d21c,0,1,0,0,1,0,0,0,0,0,0
3c4b7f00-0f91-4003-8bd1-9fc3ccd0f5cc,0,0,0,0,1,0,0,0,0,0,0
3c4c6597-3504-48ff-8fd5-a1828c9c847a,0,0,0,0,0,0,0,0,0,0,1
3c518c58-1030-4d23-ad4d-c0e06175d3fb,0,0,0,0,0,0,0,0,0,0,1
3c664358-1fd9-41c8-ab46-2220b0e06c11,0,0,0,0,0,0,0,0,1,0,0
3c68d57f-0987-4f2d-826d-fb3f2fa9e7c4,0,0,0,0,0,0,0,0,0,1,0
3c6f2425-63a8-4e61-854c-6d6c9c386830,0,0,0,0,0,0,0,0,0,0,1
3c766753-9de8-489c-8135-d78ede82b2af,0,0,0,0,1,0,0,0,0,0,0
3c768881-4eef-41a9-8e12-e60620d62a06,1,0,0,0,0,0,0,0,0,0,0
3c77b372-7592-4a91-89dc-dd09856333e7,1,0,0,0,0,0,0,0,0,0,0
3c7d1edc-9ceb-4b2f-adf9-ccdc901cf0cb,0,0,0,0,0,0,0,0,0,1,0
3c7d673a-2151-4349-b2ae-df53061058f8,0,0,0,0,1,0,0,0,0,0,0
3c7dd821-38b2-4779-bec4-69cf5f3c1b68,0,0,0,0,0,0,0,0,1,0,0
3c855e31-5dbb-443f-a600-8d86dda5808c,0,0,0,0,0,1,0,0,1,0,0
3c91bacc-82bb-4ade-bc49-5d50421adbc1,1,0,0,0,0,0,0,0,0,0,0
3c9c3622-b669-495d-8d46-034d3a210b1a,0,0,0,0,0,0,0,0,1,0,0
3c9f2afb-8993-4f39-bbb0-0528f60f9bf7,0,0,0,0,0,0,1,0,0,0,0
3cb0c381-cd89-41f4-8309-ddef12e3f101,1,0,0,0,0,0,0,0,0,0,0
3cb30286-b663-4933-8735-a464f514381c,0,0,0,0,1,0,0,0,1,0,0
3cc805b7-f149-4434-bdb9-08dfd55a3ab6,0,0,0,0,1,0,0,0,0,0,0
3cc89b4a-0e98-4ed6-bb34-6019df449879,0,0,0,1,0,0,0,0,0,0,0
3ccdf3e4-eb36-4505-977b-25fdd6ba9ad2,1,0,0,0,0,0,0,0,0,0,0
3cda55b5-f329-48e9-a105-e772e151ed23,0,0,0,0,0,1,1,0,1,0,0
3ce001a0-9170-409c-8b06-b863c2e8bd1b,0,0,0,0,0,0,0,0,1,0,0
3ce37031-8c74-4970-b72f-223e3ee54696,0,0,0,0,1,0,0,0,0,0,0
3cf7a883-061c-497c-a79d-75be96b44354,0,0,0,0,1,0,0,0,0,0,0
3cf89379-0fd8-439c-b1c4-fd8e0d7468be,0,0,0,1,0,0,0,0,1,1,0
3cf9af1a-c22a-4810-a221-0ad30eb37895,0,0,0,1,0,0,0,0,0,0,0
3cfe2d67-5b28-4d87-b23c-dfc97af3685a,1,0,0,0,0,0,0,0,0,0,0
3cfec507-6e80-4270-9dc4-967c28d01841,0,0,0,0,0,0,0,0,0,0,1
3d007419-7bd1-4ca8-b593-0e157affdf8a,0,0,0,0,1,0,0,0,0,0,0
3d020872-81cc-4a49-a67c-612f0eb447d2,0,0,0,0,0,0,0,0,0,0,1
3d0a0723-c470-4275-a7d9-af902e0351f3,1,0,0,0,0,0,0,0,0,1,0
3d1a604e-ee7d-40c0-ac87-a5397088fe03,0,0,0,0,0,1,0,0,0,0,0
3d20f80c-5fe1-436b-92e4-eba889c0705c,0,0,0,0,1,0,0,0,0,0,0
3d2f2d9a-0556-4c1c-9153-f33883a71bb9,0,0,0,0,0,0,0,0,0,0,1
3d366ca7-5b95-42bc-8c4d-260ca7413c35,0,0,0,0,1,0,0,0,0,0,0
3d3bdd39-81c4-4cc1-8be1-9108e5fa9205,0,0,0,0,1,0,0,0,0,0,0
3d4157f4-9a88-4e69-88cd-f964ce21baeb,0,0,0,0,0,0,0,0,0,0,1
3d428fa9-3690-464c-9da7-a92f349a2711,0,0,0,0,0,0,0,0,0,1,0
3d4ad9dc-90f3-4949-bdcc-a6b8e9f652a2,0,0,1,1,1,1,0,1,0,0,0
3d4b7b67-3c77-4a4a-aa37-e6483184600f,0,0,0,0,0,0,0,0,0,1,0
3d543b38-8a0a-4f32-b98a-f540c1dc270f,0,0,0,0,0,0,0,0,0,1,0
3d58be99-6a8d-4f68-8323-8332c08b81c9,0,0,0,0,1,0,0,0,0,0,0
3d7045c4-b3f8-4158-92ab-28eaa8cf3fcb,0,0,0,0,0,0,0,0,0,1,0
3d7456f6-baa5-4cc9-b0c4-32aa669ebb8d,1,0,0,0,0,0,0,0,0,0,0
3d7785b7-7730-4263-9b88-3f74721d553a,1,0,0,0,0,0,0,0,1,0,0
3d7f3c90-4ac2-4890-a255-8b130ae2a24a,0,0,1,1,1,0,0,0,0,0,0
3d876568-8d43-4d81-a9d4-789a58640358,0,1,0,0,0,0,0,0,0,0,0
3d894754-053a-4470-aa9d-17f7d66b151d,0,0,0,1,0,0,0,0,0,0,0
3d911876-9fd6-4050-bcb3-f9a7350099b7,0,0,0,0,0,0,0,0,0,0,1
3d92046d-e021-41d2-a7e7-61db5839cf61,0,0,0,0,1,0,0,0,0,0,0
3d950b59-de67-44be-8139-a54755acd39c,0,0,0,0,0,0,0,0,0,1,0
3d9cc946-facd-4edb-af10-89fd19997519,0,0,0,0,0,0,0,0,0,0,1
3d9f3f3f-52cd-4a26-974a-c5f6a5564538,0,0,0,0,0,0,0,0,0,0,1
3da97ad5-0a7f-4e0b-8c04-76f95ce93aa7,0,0,0,0,0,0,0,0,0,1,0
3da9f5c3-df8e-45b6-bf72-7a6acdb67942,0,0,0,1,0,0,0,0,0,0,0
3dacc27b-3636-46e3-8971-2edabaa8f954,0,0,0,0,0,0,0,0,0,0,1
3dc1d8a1-ce39-4016-905c-9dc4a59a1b58,0,0,0,1,1,0,0,0,1,0,0
3dd9ad02-f84e-4195-a380-fa34a1089e38,0,0,0,0,0,0,0,0,0,0,1
3ddd2428-8a4d-4c3b-a577-d66d49100824,0,0,0,0,0,0,0,0,0,1,0
3ddd4e6c-e39d-4ced-b74f-2ec91fcc8789,0,0,0,0,0,0,1,0,0,0,0
3de476bf-40ad-4f44-96dd-5dc25c700a42,0,0,0,0,0,1,0,0,0,1,0
3df59d26-dfce-4bfd-a17c-7881380633b3,0,0,0,0,1,0,0,0,0,0,0
3e11da6a-93b7-4443-a7b1-724696cb958c,0,0,0,0,1,0,0,0,0,0,0
3e2cec40-2133-4947-91c7-d7355715d824,0,0,0,0,0,0,0,0,0,0,1
3e2f3346-e9b3-4326-8dc8-f27d2a0b4c72,0,0,0,0,1,0,0,0,0,0,0
3e38a67d-ca24-43d4-9c04-c1085f451a16,0,0,0,0,1,0,0,0,0,0,0
3e4e029a-36cb-45d0-9112-5d0ac62fd4cb,0,0,0,0,0,0,0,0,0,1,0
3e582feb-7e00-4809-ac7a-c00d64104f0c,0,0,0,0,0,0,0,0,0,1,0
3e598f00-fe0b-4cf3-8164-2f4c4b1b5b0d,0,0,0,0,0,0,0,0,0,0,1
3e5af4f9-8ce7-4fbd-ae68-c396f44b19e4,0,0,0,0,0,0,1,0,0,0,0
3e6a60af-2d89-431b-9a9b-63a475faba21,0,0,0,0,0,0,0,0,0,0,1
3e7456ca-0624-4c8f-baca-5ad34955a491,0,0,0,0,0,0,0,0,0,1,0
3e76a024-5b0f-460e-b29a-65fff2a06688,0,0,0,0,1,0,0,0,0,0,0
3e8ca567-0290-468b-8bc8-d10f71b73e88,0,0,0,0,0,0,0,0,1,0,0
3e92d954-3a60-44e8-8493-9633a5244481,0,0,0,0,0,0,0,0,1,0,0
3eac886e-4d59-47f2-b026-7cdfe3b4f1be,0,0,0,0,0,0,0,0,1,0,0
3eb379d8-d372-4864-9e8d-1b24fcc10de6,0,0,0,0,0,0,0,0,0,0,1
3eb44baf-41c4-4abf-8f6e-25ee9c98e65e,0,0,0,0,1,0,0,0,0,0,0
3ebd0953-95fe-4c82-898e-6cdc62af9161,0,0,0,0,0,0,0,0,0,1,0
3ebf3536-046c-4ce8-b3fd-975abdfc8845,0,0,0,0,0,0,0,0,0,0,1
3ec1216b-6044-4943-8b2e-3d8d14b47d71,0,0,0,0,1,0,0,0,0,0,0
3ec3e2b1-61e8-4833-bae8-35868e94f448,0,0,0,0,1,0,0,0,0,0,0
3ecdb682-81c9-4e5f-9899-1515c1921002,0,0,0,0,1,0,0,0,0,0,0
3ece7253-f41f-4c16-80e7-486100a57e30,0,0,0,0,0,0,0,0,0,0,1
3edfa1e1-6e20-4527-8d9e-21bed2f7a18e,0,0,0,0,0,0,0,0,0,1,0
3ee80cf0-50e3-4124-b8b2-b037510d3871,0,0,0,0,0,0,0,0,0,0,1
3ee83a1f-003f-49e9-9ddc-4de8157eac43,0,1,0,0,0,1,0,0,1,1,0
3ef02784-775d-428e-a239-bbb3ebacd974,0,0,0,0,0,1,0,0,0,0,0
3ef914ab-4657-4a11-b5a3-4d6f0734836e,0,0,0,0,1,0,0,0,0,0,0
3f012c2e-069a-41f7-aac6-2c8f34e07a88,0,0,0,0,1,0,0,0,0,0,0
3f0688c2-ff2c-4764-aa48-40627ed0d577,0,1,0,0,0,0,0,0,1,0,0
3f11d29c-a3c3-4702-aa52-607c841b1e27,0,0,0,0,0,0,0,0,0,1,0
3f138d26-173a-43a7-8d91-676839844b9b,0,0,0,0,0,0,0,0,0,0,1
3f17b6ea-8b0c-47d7-a3c8-8784f305a242,0,0,0,0,0,0,0,0,0,1,0
3f1a04be-8219-4d39-8028-a97a6b5c3f5e,0,0,0,0,0,0,0,0,0,1,0
3f1a1dd4-cc17-45fa-ba39-4ecfbc681eb3,0,0,0,0,1,0,0,0,0,0,0
3f212e71-3d39-4c87-87bd-c43f69b38527,0,0,0,0,0,0,0,0,0,0,1
3f238166-3be9-44c9-b296-53a96dc1da21,0,0,0,0,1,0,0,0,0,0,0
3f279cce-2a5c-411a-8521-e3920c0b7be0,1,0,0,0,0,0,0,0,0,1,0
3f2c034d-dedb-4209-ba25-6449987ee1a9,0,0,0,0,1,0,0,0,0,0,0
3f37e72b-af46-45bb-bbaa-3bdcf91be17a,1,0,0,0,0,0,0,0,0,0,0
3f3852f0-840b-4956-a12c-95e2e2a9b172,0,0,0,1,0,0,0,0,0,0,0
3f4297f6-7b37-47fd-b27b-18c2e084618e,0,0,0,0,0,0,0,0,0,1,0
3f492aef-d48b-4f10-abc4-df276a309c3a,0,0,0,1,1,0,0,0,0,0,0
3f50ecb9-e74c-4e11-9684-3e2fe1aa798f,0,0,0,0,0,0,0,0,0,0,1
3f534715-80d1-4e2e-ad3e-db40646e950f,0,0,0,0,1,0,0,0,0,0,0
3f575c9e-db86-4715-ae2b-c1fb82417149,0,0,0,0,1,0,0,0,0,0,0
3f67be57-fe53-486a-b5c2-b798cf36eca8,0,0,0,0,0,0,0,0,0,1,0
3f87ab99-21cd-44d0-a29f-ab368b2aa39c,0,0,0,0,0,0,0,0,0,0,1
3f8cb702-fbcb-4eac-b2e7-85799625b59e,0,0,0,0,0,0,0,0,0,0,1
3f92404b-1e0c-45a8-a490-0de613371817,0,0,0,0,0,0,0,0,0,0,1
3f932cc4-8f46-453c-afac-40ab530b4659,0,0,0,0,1,0,0,0,0,0,0
3f94803b-fb90-4d86-932c-97096085c41a,0,0,0,1,1,0,0,0,0,0,0
3f9e8709-ba8c-49a8-afc2-1daaa8388ebd,0,1,0,0,0,0,0,0,0,0,0
3faa6624-58e8-467d-ba7a-3ec7bf452494,0,0,0,0,0,0,0,0,0,1,0
3fac68a2-67b8-4d3f-88d4-322cc5243db3,1,0,0,0,0,0,0,0,0,0,0
3fae474d-27cd-4114-bbb9-55892b4ce29b,0,1,0,0,1,0,1,0,0,0,0
3faf70f7-f05e-4c6a-b011-aef8b9a91111,0,0,0,0,0,0,0,0,0,1,0
3fc280b8-27a1-4361-81ff-a4c0c8281dde,0,0,0,0,1,0,0,0,0,1,0
3fc5a535-238c-4613-9ec6-de559ce5880d,0,0,0,0,1,0,0,0,0,0,0
3fcd152c-24d3-4072-995c-91d9d2798a54,0,0,0,0,1,0,0,0,0,0,0
3fce569c-3157-4346-b8a9-5cdaa5f540b0,0,0,0,0,1,0,0,0,0,0,0
3fd06916-3b83-49b0-8fd1-b3101e94fe76,0,0,0,0,0,0,1,0,1,0,0
3fd3ae05-8aa0-4ce3-ad26-f86a6accc1bc,0,0,0,1,0,0,0,0,0,0,0
3fd730b7-7c8a-43d4-81a3-665aa11f4a17,0,0,0,1,0,0,0,0,0,0,0
3fd74777-5a12-4443-a8db-bdd4e3281228,0,0,0,0,1,0,0,0,0,0,0
3fe090cf-9087-41ee-87d6-4e35c317cd32,0,0,0,0,0,0,0,0,0,1,0
3ff9f221-38af-4c49-a607-4e0ce2f01ca6,0,0,0,0,1,0,0,0,0,0,0
3ffa5faa-8604-48e5-a2ae-dfbb2e92e991,0,0,0,0,1,0,0,0,0,0,0
3fff6a9e-a16b-4a3f-ae1e-c878f23e5d1b,0,0,0,0,0,0,0,0,0,1,0
40019f14-1e83-4a9d-8a7e-89bd3feac40e,0,0,0,0,0,0,0,0,0,1,0
40054216-57d0-40d9-b817-54fe0911f468,0,0,0,1,0,0,0,0,0,0,0
400f7d7d-ba90-4c78-b999-8b4d857b328c,0,0,0,0,0,0,0,0,0,1,0
401592bd-2235-438f-86cf-231942185271,0,0,0,0,1,0,0,0,0,0,0
4019456f-8499-410d-bc60-97b2ac449e73,0,0,0,0,0,0,0,0,0,1,0
402cb4da-8881-4657-86f6-2b331c7978e8,0,0,0,1,0,0,0,0,0,0,0
404da518-fcfa-411e-85a8-61ac307e3930,0,0,0,0,0,0,0,0,0,1,0
405c503b-c065-4eb6-96df-317df09575b9,1,0,0,0,0,0,0,0,0,0,0
405f0c07-ad96-4bc1-8bc4-78b984337701,0,0,0,1,0,0,0,0,0,0,0
405f2475-f903-428d-b634-ea25b92cd404,0,0,0,0,1,0,0,0,0,0,0
40662045-7913-454a-b192-be83520379b6,0,0,0,0,0,0,0,0,0,1,0
406acdfb-8556-491b-9f83-7eee38cabe12,0,0,0,1,0,0,0,0,0,0,0
406d7c09-1928-4582-b4b1-aa7104b13b8f,0,0,0,0,0,0,0,0,0,1,0
40896365-72e3-4818-ba51-555bd2665d46,0,0,0,0,0,0,0,0,0,1,0
40900b3e-700a-4fe0-8c42-81c05f537561,0,0,0,0,0,0,0,0,1,0,0
409ed52b-5d75-4f91-ac0a-a5d5e79ab11c,0,0,0,1,0,0,0,0,0,0,0
409ff936-9e40-4ab2-82b4-9a05f23d02a8,0,0,0,0,1,0,0,0,0,0,0
40aa52cb-9a3e-4e3a-9549-e8d815dbda16,0,0,0,1,1,0,0,0,0,0,0
40abc681-2a5b-4d28-afa2-0cc26d2f1723,1,0,0,0,0,0,0,0,0,0,0
40ccd7de-e7ee-441f-aaf8-55ae9e0cac4a,0,0,0,0,1,0,0,0,0,0,0
40cfdfca-dfc8-42bc-b233-2fb5f37b3be4,1,0,0,0,0,0,0,0,0,1,0
40d54a2b-38a1-464c-9e0c-caf728107869,0,0,0,0,1,0,0,0,0,0,0
40d57b70-a466-47a6-9d5a-d6fd9d441587,0,0,0,1,0,0,0,0,0,0,0
40d64cfb-847e-4c83-82c5-7bff13bb5692,0,0,0,0,0,0,0,0,0,0,1
40db219a-5287-43b2-8840-590c69c238d7,0,0,0,0,0,0,0,0,0,1,0
40e6f02f-5cf4-4f53-a9ef-3f2492525803,0,0,0,1,0,0,0,0,0,0,0
410aa37c-25e8-4679-ab11-0afff32fae2d,1,0,0,0,0,0,0,0,0,0,0
4110c88d-02e8-4031-9d09-dc936072685f,0,0,0,0,0,0,0,0,0,0,1
4136d578-1c83-4ee0-9343-2a66005db222,0,0,0,0,1,0,0,0,0,0,0
4141474c-33b0-40f7-9751-ae0ddae6d0c1,0,0,0,0,0,0,1,0,0,0,0
41567762-4426-44ad-89e2-50c75b804afa,0,0,0,0,0,0,1,0,1,0,0
415f5ac2-900c-4804-a209-7fe95f14767b,0,0,0,0,1,0,0,0,0,0,0
41641b1c-c3ff-4526-8fc5-a0e1289fd90e,0,0,0,0,1,0,0,0,0,0,0
4168b37b-5da4-4a90-aa57-72b2e5099790,0,0,0,0,0,0,0,0,0,1,0
41761ce9-f4a1-4ca4-bcf3-c72f4b3d2456,0,0,0,0,1,0,0,0,0,0,0
4177a99c-5f03-4911-845a-befc86903512,0,0,0,0,0,0,0,0,0,0,1
4177e409-305c-496e-8a2a-13c6ab3a034c,0,0,0,0,0,0,0,0,1,0,0
417cce35-7050-4ca5-bdc1-8e4b0e05e758,0,0,0,0,0,0,0,0,1,0,0
41836cd4-f6b1-4785-8c6e-6cb250f9f32b,0,0,0,0,0,0,0,0,0,0,1
419029ad-6797-4e26-a8e1-7483c50610e8,0,0,0,0,0,0,0,0,0,0,1
419cbfbd-74cc-418f-89b1-97e435afa865,1,0,0,0,0,0,0,1,0,0,0
41a1e990-e1ff-4ceb-8cb5-6f2b055a92cf,0,0,0,0,1,0,0,0,0,0,0
41a9ddf1-a05d-4db7-8485-4e8ed74adb38,0,0,0,0,1,0,0,0,0,0,0
41b31f28-49ff-4715-ad47-9335ae34ba81,1,0,0,0,0,0,0,0,0,0,0
41b600f4-b7ae-41fc-99f7-17014152cad7,0,0,0,1,0,0,0,0,0,0,0
41c6fa1b-5d25-4cd1-8508-ac15e96aa4ea,0,0,0,0,0,1,0,1,0,0,0
41cd3396-c164-4b11-8659-d27868d8a4c7,0,1,0,1,0,0,0,0,0,0,0
41d7eeda-2d4c-426d-ae49-6961efac7118,0,0,0,1,0,0,0,0,0,0,0
41def75f-35dc-44f9-8811-083fe9089edd,1,0,0,0,0,0,0,0,0,0,0
41e64d7a-b18e-4556-8dd7-24f97561a6c8,0,0,0,0,1,0,0,0,0,0,0
41e852ba-30e8-43b3-be2f-b1a9ce543ed8,0,0,0,0,1,0,0,0,0,0,0
41f1f437-69fe-47cb-a82c-1a4645329e4f,0,0,0,0,0,0,0,0,0,0,1
41fc605b-8a4f-4d94-adb5-54eba4a6fc17,0,0,0,0,0,0,0,0,0,0,1
4205a66c-f994-41bc-a2cd-0376424f32ab,1,0,0,0,0,0,0,0,0,0,0
4206bdc8-1469-4622-a7b2-12f145a592a4,0,0,0,0,1,0,0,0,0,0,0
420c96e6-b130-4535-9c03-9b2f0eb956d4,0,0,0,0,0,0,1,0,0,0,0
420f985e-9bde-46bc-99a2-0070858b9e9d,0,0,0,0,0,0,0,0,0,0,1
42103545-a329-4366-bfe4-b2eb237f027d,1,0,0,0,1,1,0,0,0,0,0
421f5e31-bfb2-471f-8867-01a1afbc26be,0,0,0,0,0,0,0,0,0,0,1
42230958-4e90-449c-bc32-6eb7eb22d5b2,1,0,0,0,0,0,0,0,0,0,0
422eea2b-58dd-499a-a1e5-85423ccbfdea,0,0,0,0,1,0,0,0,0,0,0
422f31b7-33cb-419c-85f7-2118cb0d2fd1,0,1,0,0,0,0,0,0,0,0,0
423addc2-eb30-461f-81c0-5a72406ca062,0,0,0,0,0,0,0,0,0,0,1
423c4d8c-8935-44a9-99e5-47ef75e5896f,0,0,0,1,0,0,0,0,0,0,0
4241ecd2-915d-43d2-9ec5-1aee12802138,1,0,0,0,1,1,0,0,0,0,0
4242801f-b7c2-4cab-99de-0a61d92c6896,0,0,0,0,0,0,0,0,0,0,1
42441973-2885-45ef-a2dc-f3f0cb3aa58d,0,1,0,0,1,0,0,0,0,0,0
4249a29d-93ec-4216-8d18-c2bbc4c48190,1,0,0,0,0,0,0,0,0,0,0
424a7c4b-990f-45eb-9971-d25865468d10,0,0,0,0,0,0,0,0,0,0,1
42549883-503d-4125-a41e-66f5e71693a2,0,0,0,0,0,0,0,0,1,0,0
425a4c4b-a656-45c7-9d83-d3e519c55058,0,0,0,0,0,0,0,0,1,0,0
425c2e63-5162-4a4e-a7d9-3920fa3d8c2d,1,0,0,0,0,0,0,0,0,0,0
42633b01-4ff8-4b18-a17c-68b444381fcd,0,0,0,1,0,0,0,0,0,0,0
427a34ba-0192-4c9f-90bd-1c9880cec876,0,0,0,0,0,0,0,0,0,1,0
42835d19-ff0c-430c-9ff6-d90324cfb476,0,0,0,0,0,0,0,0,0,1,0
42ac3029-6ae6-4fd3-82e6-6215e3156c30,0,0,0,0,1,0,0,0,0,0,0
42b857b4-298f-4c73-a561-c302d9093f31,0,0,0,0,0,0,0,0,0,1,0
42b86199-d7ab-47f3-9dd7-61fb892afdf3,0,0,0,0,1,0,0,0,0,0,0
42b8ef29-dc7b-47c3-a262-58fed29e9bc5,0,0,0,0,1,1,0,0,0,0,0
42bc9dc0-1eae-4172-b1ae-6191f00b4235,0,0,0,0,0,0,1,0,1,0,0
42c08097-e50e-448b-a28b-8af03bd16412,0,0,0,0,0,1,0,0,0,1,0
42c5dd31-c49f-4915-8008-aff20d65039d,0,0,0,0,0,0,0,0,0,0,1
42c6f7aa-a62e-4dac-85d7-b2448c0976fe,0,0,0,0,0,0,0,0,0,1,0
42d325bb-fea8-453e-89a7-e60d8ef06a76,0,0,0,0,0,0,0,0,0,0,1
42d7cb38-6a1b-4e94-9708-ea898f28924f,0,0,0,0,0,0,0,0,0,1,0
42d88ddb-6432-4d58-8c4e-6277958543f1,0,0,0,0,0,0,0,0,1,0,0
42d9e67e-d28c-4614-a5f5-6a390efcc52d,0,0,0,0,0,0,0,0,1,0,0
42da570a-104a-4335-82ee-8c9efce660dd,0,0,0,0,0,0,0,0,0,0,1
42e19dd6-685b-41d0-8437-a85c53a10558,1,0,0,0,0,0,0,0,0,0,0
42e41175-cb93-4509-b108-998085fadbeb,0,0,0,0,0,0,1,1,0,0,0
42ee80cd-9c65-490e-845b-9fd60ae8dce4,0,0,0,1,0,0,0,0,1,0,0
42fcd351-5214-4fbd-999c-c60d9170611b,0,0,0,0,0,0,0,0,0,1,0
42fdcd46-898b-47d4-927e-b7bb3111623b,0,0,0,0,0,0,0,0,0,1,0
43007305-f796-4ae1-a819-b84a558b5470,0,0,0,0,0,0,0,0,0,1,0
4300c510-4228-46dd-99ef-eddaa85a0cb7,0,0,0,0,0,0,0,0,1,0,0
4301a28f-405d-44ba-b341-ab089466ab5a,0,0,0,0,0,0,0,0,0,1,0
43046f1f-d782-4a2c-bab6-86666bc9b5ae,0,0,0,0,0,0,0,0,0,1,0
430e1033-63d1-4e72-83bc-d6a59126f32d,0,0,0,0,0,0,0,0,0,1,0
430fcb36-de4d-47ad-ab1f-044b8a2e1374,0,0,0,1,0,0,0,0,0,0,0
432a1fe4-d7b3-4706-a864-58e4c29618a3,0,0,0,0,1,0,0,0,0,0,0
43307064-2c3b-4463-af5b-0c982f89bfe1,0,0,0,0,1,0,0,0,0,0,0
43325064-c05d-48d0-83c6-a7d799c93d42,0,0,0,0,1,0,0,0,0,0,0
433448da-cc7f-4287-8810-0f2f40dac091,0,1,1,0,0,0,0,0,0,0,0
43416621-d073-419f-8023-a77f68b20036,0,0,0,1,0,0,0,0,1,0,0
4341c18c-4511-447b-87ac-4d23e5bfd217,0,0,0,0,0,0,0,0,1,0,0
4344055b-f4be-4dd2-aeb3-775b5d08e645,0,0,1,0,0,0,0,0,0,0,0
43480c2a-e17c-4480-85a9-021ed1f501f4,0,0,0,0,0,0,0,0,0,0,1
434a0aa0-7ed2-4fb0-95ad-a8a8eb464941,0,0,0,0,0,0,0,0,0,0,1
434d6d89-13d2-4cf4-ab2a-e12377ead97a,0,0,0,0,0,0,0,0,0,1,0
43506dbc-d633-49a6-95cc-674e3aa37dae,0,0,0,0,1,0,0,0,0,0,0
43593708-d512-497b-b264-7dcf1a1b577c,0,0,0,0,0,0,0,0,0,0,1
435ac830-6575-43c7-a916-4dd6b982a7bc,0,0,0,0,0,0,1,0,1,0,0
4372dd1e-cd48-4b9a-87a4-93ae99e13a8b,1,0,0,0,0,0,0,0,0,0,0
43760b31-1867-4398-a451-bb0993ce3e7c,0,0,0,0,0,0,0,0,0,1,0
4376c3ec-3901-4b91-b14b-101ddf1bb4f5,0,0,0,0,0,0,0,0,1,0,0
437f5584-15e1-4a16-818f-ba3615529d27,0,0,0,0,0,0,0,0,0,1,0
4380d648-b670-414a-95d4-617c96652b14,0,0,0,0,1,0,0,0,0,0,0
438902d5-8109-4e1e-be53-fae308fc9a57,0,0,0,0,0,1,0,0,1,0,0
4389824b-c9e4-4b62-a162-e19f9143d11c,0,0,0,0,0,1,0,0,0,0,0
43972e91-d311-40b7-aa53-1879d1a3ba39,0,0,0,0,0,0,0,0,0,1,0
4397a296-ab75-4be3-ab43-3b3b738329ab,1,0,0,0,0,0,0,0,0,0,0
43aee384-7cb8-4658-9e6a-d84421d63df0,0,0,0,0,0,0,0,0,0,1,0
43bb7ace-addc-49d3-ab07-2ab89bddfd0c,0,0,0,0,0,0,0,0,1,0,0
43c2122a-b590-4b87-9b68-783f766d33ed,0,1,0,0,1,0,0,0,0,0,0
43cce104-217b-4fff-b161-f03dbeb96c23,0,0,0,0,1,0,0,0,0,0,0
43cd8f5d-f5b2-43ab-8089-d5282008d625,1,0,0,0,0,0,0,0,0,0,0
43d0719f-dcaf-4c7d-9605-e7572d80c47e,0,0,0,0,1,0,0,0,0,0,0
43d3da2e-bc30-47eb-990e-230d311cade2,0,0,0,0,0,0,1,0,0,0,0
43d512c3-1630-4add-997e-d516ceb9f5e8,0,0,0,0,1,0,0,0,0,0,0
43d993be-a23c-43d3-a839-f90065ecf827,0,0,0,0,0,0,0,0,0,0,1
43dade6c-5c1a-433a-9a7a-3851180c52df,0,0,0,0,0,0,0,0,0,0,1
43dec682-30f7-44ad-a3a9-1032a19839ac,0,0,0,0,0,0,0,0,0,1,0
43e2419b-c3c1-48f3-9c80-4ad1a43b0782,0,0,0,0,0,0,0,0,1,0,0
43ee3c27-bda0-4e2c-b9b6-73723f362e80,0,0,0,1,0,0,0,0,0,0,0
43eff708-fc93-4d13-a0e4-b1beff9edb4f,0,0,0,0,0,1,0,0,0,0,0
43f3c912-b422-4ea4-8f8d-d2e253b50174,0,0,0,0,0,0,0,0,0,0,1
4405ce0a-adb9-4f01-bca6-99b6a5f9c297,0,0,0,1,0,0,0,0,0,0,0
4406bc4a-2359-483f-afe3-c9129cfac9e9,0,0,0,0,0,0,0,0,0,0,1
440b5abc-0532-400f-ac9e-f5bcb1fa8abd,0,0,0,0,0,0,0,0,0,1,0
440f01f3-fe7a-4981-ad6d-59c6aa9191b4,0,0,0,0,1,0,0,0,0,0,0
44180de9-8e6f-4756-bd01-714d6c80dbfd,0,0,1,1,0,0,0,0,1,0,0
441b904a-9284-45c9-9693-694096d0f6a8,0,0,0,0,0,0,0,0,0,1,0
4423341b-a660-4684-88f8-40e6b034cadd,0,0,0,0,1,0,0,0,0,0,0
4427a981-55c5-439d-9d1b-28b7664295ba,0,0,0,0,0,0,0,0,0,1,0
442ee312-40fc-4f1e-a7b5-7a0cb5ee9239,0,0,0,0,1,0,0,0,0,0,0
442fec01-d16c-4553-ada5-124ce94caa68,0,0,0,0,0,0,0,0,0,1,0
4450c07d-05ce-45c5-8cc2-42d5a0b40940,0,0,0,0,0,0,0,0,0,1,0
44577457-82f8-45c1-af14-b46f2506bcb9,0,0,0,0,1,0,0,0,0,0,0
44577a4b-5126-477e-a825-1feeeca26cc0,0,0,0,0,1,0,0,0,0,0,0
4474c7dc-fece-43d4-8b6f-18c0405e96a3,0,0,0,0,0,0,0,0,0,1,0
447e0eb9-7bc0-4970-9c1b-35f0cfae6aaf,0,0,0,0,0,0,0,0,0,0,1
447eff81-8ed0-4400-ae2d-575b947e6ea9,0,0,0,0,1,0,0,0,0,0,0
44802870-7904-4b0d-ab3f-e474666f8a76,0,0,0,1,0,0,0,0,0,0,0
448970fc-42a9-439e-8e26-d2fbbf729d75,0,0,0,0,1,0,0,0,0,0,0
44936ddf-38a3-4139-bd0f-e56e2f7df419,1,0,0,0,0,0,0,0,0,0,0
449653ab-9c69-4e07-834b-36b54c07c403,0,0,0,0,0,0,0,0,0,1,0
449c981c-df4b-4527-9cff-c8cc9a6ba952,0,0,0,0,0,0,0,0,0,1,0
44a06fdf-e882-49c9-8688-302528072754,0,0,0,0,0,0,0,0,0,0,1
44aad422-e533-49cc-81da-3926bffffa12,1,0,0,0,0,0,0,0,0,0,0
44c2b6c8-dc5c-428c-b02b-2f6bb38d92ed,0,0,0,0,0,1,0,0,0,0,0
44d9e791-0183-4b09-ae0e-c524db16936c,0,0,0,0,0,0,1,0,0,0,0
44e06400-5925-4e52-8dbc-79672b795947,0,0,1,0,0,1,1,1,1,0,0
44e49842-81d5-4808-b38b-33d5525d805f,0,0,0,0,1,0,0,0,0,0,0
44e59787-b52d-4eec-a236-cae107da60d1,0,0,0,1,0,0,0,0,0,0,0
44e87229-e4cd-43e0-a3df-3f08178bde57,0,0,0,0,0,0,0,0,0,0,1
44ea2cd5-8132-4ddc-bba1-0cd5d189ba82,0,0,0,0,0,0,0,0,0,1,0
44eff351-770b-4347-9114-14805583efa2,0,0,0,0,0,0,0,0,0,0,1
44f9d32d-fd07-41f3-9113-1a0a1ac04777,0,1,0,0,1,0,0,0,0,0,0
44ff9c57-f925-46a3-b415-deac0c1c527e,0,1,0,0,1,0,0,0,0,0,0
450ed899-14ba-40fc-a1b0-ee709943281f,1,0,0,0,0,0,0,0,0,0,0
4515df0f-c6e6-4e92-9b5f-1e131f637089,0,0,0,0,0,0,0,0,0,1,0
4520707c-12df-4808-9a60-c8fc5e21dafa,0,0,0,0,1,0,0,0,0,0,0
452655ec-30dc-4249-a870-338359d489bb,0,0,0,1,0,0,0,0,0,0,0
452f1d90-2399-4148-9606-0e90d90d6479,0,0,0,0,0,0,0,0,1,0,0
453c12d3-ac3e-4f81-8876-2f3b3fca2276,0,0,0,0,1,0,0,0,0,0,0
4548607e-1bf1-40c0-b2a8-1043b8d7d5d9,0,0,0,0,1,0,0,0,0,0,0
4548ceda-6c16-483b-9171-40390a990a3f,0,0,0,1,0,0,0,0,0,0,0
454d01bf-f59d-4f21-beac-becf8b876f85,0,0,0,0,0,0,0,0,0,0,1
45543527-9902-446a-bf43-14d33c4d3300,0,0,0,0,0,0,0,0,0,0,1
45619aa4-e6a6-492f-9a8a-c1f43d8a5775,1,0,0,0,0,0,0,0,1,0,0
456623bb-73a3-416c-91fd-9a85a2d7105d,1,0,0,0,0,0,0,0,0,0,0
45724e6d-154a-4a1d-bb16-3f7431073545,0,0,0,1,0,0,0,0,0,0,0
457611db-7531-45d4-abd8-baf056920279,1,0,0,0,0,0,0,0,0,0,0
45769102-7070-44c3-9a92-af88a122f0e7,0,0,0,0,1,0,0,0,0,0,0
45873eda-2a47-44da-a61a-7be79e5901c3,0,0,0,1,0,0,0,0,1,1,0
4588f622-10f3-47d3-a014-28705be94ce0,0,0,0,0,0,0,0,0,0,0,1
458e3703-7a9d-4a19-99b3-f40105b8b094,0,0,0,1,1,1,0,0,0,0,0
4590666d-61fe-4da6-adf5-bda8e16f30f8,0,0,0,0,0,0,0,0,0,1,0
4593dba5-f58f-46d4-b65d-592718ac0173,1,0,0,0,0,0,0,0,0,0,0
4594c37c-10c3-4b59-aca0-b02f597e8adc,1,0,0,1,0,0,0,0,0,0,0
4596aa07-5700-4174-a099-c137fc374df0,0,0,0,0,1,0,0,0,0,0,0
45a8f22f-5b17-41b5-8f91-21a535d6d025,1,0,0,0,0,0,0,0,1,0,0
45bf094c-3bd7-4b56-972e-4eb5075a7b0d,0,0,0,0,0,0,0,0,0,1,0
45c08e5a-abbf-4fe7-8813-fb40120b212a,0,0,0,0,1,0,0,0,0,0,0
45c776c2-c1c1-4a07-b5cb-1604f6f1c91b,0,0,0,0,1,0,0,0,0,0,0
45d50a65-381a-49da-857b-214bedb8608c,0,0,0,0,1,0,0,0,0,0,0
45e2ca30-6381-4849-9dd3-c303b2fece65,0,0,0,1,0,0,0,0,0,0,0
45e8ce06-2bff-4c11-809a-466d8fb63d4e,0,0,0,0,0,0,0,0,0,1,0
45ebbb7c-eaff-407d-8b10-95bb580d4c89,1,0,0,0,0,0,0,0,0,0,0
45ecb89a-fadd-431c-8c0b-db303cb5df5e,0,1,0,1,0,0,0,0,0,0,0
45ecc04f-0bac-4f95-b77c-0180f718021c,0,0,0,0,1,0,0,0,0,0,0
45ee9f42-5f38-4788-a0ce-9538f3216f6d,0,0,0,0,0,0,0,0,0,1,0
45fdc059-13c5-4f19-96c0-d24714cc56f0,1,0,0,0,0,1,0,0,0,1,0
45ffc430-f7db-453b-9a89-f2c80c6eca78,0,0,0,0,0,0,0,0,0,0,1
4604bc29-0287-40c5-aced-351979bc13a0,0,0,0,1,0,0,0,0,0,0,0
460df8bd-cf3a-4fb4-95a6-ded66b5faa38,1,0,0,0,0,0,0,0,0,0,0
4612a821-3170-46f1-90f8-9ba9b6784331,0,0,0,1,0,0,0,0,0,0,0
461fed7c-7ab0-42de-b6c8-070f1c3aeca6,0,0,0,0,0,0,0,0,0,0,1
4621d4c8-a28e-49d1-913d-4808c809c6c5,0,0,0,0,1,0,0,0,0,0,0
4626852b-5650-4d60-b597-a97c19bec2fb,0,0,0,1,0,0,0,0,0,1,0
462922b6-e377-4c10-88ef-b5226866ac4e,0,0,0,0,0,0,0,0,0,0,1
4636ed35-5e67-4f66-b498-08822b07041e,0,0,0,0,0,0,0,0,1,0,0
4646532f-beee-4de2-b847-0dfd75e99cbf,0,0,0,0,1,0,0,0,0,0,0
46491ed9-dc0d-4e5c-b056-b48fc9ef2a07,0,0,0,1,0,0,0,0,0,0,0
4649c729-37cc-4b02-9362-86d734e69f8a,0,0,0,0,0,0,0,0,0,0,1
4655136a-0d5e-4f05-9b16-d4f122cfa30c,0,0,0,0,1,0,0,0,0,0,0
465a00c9-ae2d-4655-8d23-860bf968502f,0,0,0,0,0,0,0,0,0,1,0
4664b8da-059a-42bd-a6d5-f3e60ec2ae61,1,0,0,0,0,0,0,0,0,0,0
466ea4e9-8446-4f3a-af16-1601c4b0ba3c,0,0,0,0,1,0,0,0,0,0,0
466f5eba-99cc-4167-93a5-92a6185483ba,1,0,0,0,0,0,0,0,0,0,0
46709ad1-2a86-4b09-a434-af9361885d0e,0,0,0,0,0,0,0,0,0,1,0
467360cb-76df-420c-a602-62b0e6554762,1,0,0,0,0,0,0,0,0,1,0
46741d82-4657-468a-bce7-3275cdf712dd,0,0,0,1,0,1,1,0,0,1,0
4674d4de-e83a-413b-84d6-fc81ffbcb3b5,0,0,0,0,1,0,0,0,0,0,0
467dd9db-c1cf-4ecf-9f52-2044b858e610,0,0,0,0,1,0,0,0,0,0,0
468bc3d1-a05c-4c28-bf47-3b127633e83f,0,0,0,0,0,0,0,0,0,0,1
469d7fd8-9692-4d59-8f14-fd71d3554567,1,0,0,0,0,0,0,0,0,0,0
46c0cb91-bdf9-42c1-9817-f0c15bc1109e,0,0,0,0,1,0,0,0,0,0,0
46cd4b68-a54b-49b8-8b8a-5b317a5f697e,0,0,0,0,0,0,1,0,0,0,0
46fec5e4-797b-4e74-8300-730c0d4fd38f,1,0,0,0,0,0,0,0,0,0,0
4713cd7a-2942-4248-9d2d-4f8ab1a4a9d8,1,0,0,0,0,0,0,0,0,0,0
4714a272-8481-4d79-beef-c1776c573dbb,0,0,0,0,0,0,0,0,0,1,0
471a2bca-cae3-47a8-a7ce-b591696cfa0d,0,0,0,0,0,0,0,0,0,1,0
47209eb5-b0f0-4a11-93af-453da29907f7,0,0,0,1,0,0,0,0,1,0,0
47237e84-b718-4fee-ad07-2bb32bace780,0,0,0,0,0,0,0,0,0,0,1
472c12bf-7a8f-4d6a-97db-1db31433af6d,0,0,0,0,0,0,1,0,0,0,0
47333ef6-3a18-404e-a81a-4dcd84d209a8,0,0,0,1,0,0,0,0,0,0,0
47353ad2-9d84-400c-9b06-a2a3c7dea0fa,0,0,0,0,1,0,0,0,0,0,0
475669a0-4adf-405c-a4cc-4ef3563d3d0a,0,0,0,0,1,0,0,0,0,0,0
47588e98-caf7-41ac-825a-6751bb3ed979,0,0,0,0,1,0,0,0,0,0,0
4786ee0d-3ea3-4cf7-a62a-c69839db8021,0,0,0,0,1,0,0,0,0,0,0
4798e6a0-2aa5-4b72-ad97-573e25605bac,0,0,0,1,0,0,0,0,0,0,0
479c6f2e-b46e-4e40-8778-903779a010cb,0,0,0,0,1,0,0,0,0,0,0
479ee2c4-5b3a-435b-9671-93852c9d47a3,0,0,0,0,0,0,0,0,0,1,0
47a6d8d1-8686-4afa-8cc0-733ab1d194bb,0,0,0,0,0,0,0,0,0,1,0
47a9d016-19f8-4c5e-8283-ff5dc6877091,0,0,0,0,1,0,0,0,0,0,0
47abace8-9cf1-4544-9778-8e2d49b71cd5,1,0,0,0,0,0,0,0,0,1,0
47aea8dd-cb3a-4f1c-9d24-0d5cc4c25a16,0,0,0,0,1,0,0,0,0,0,0
47b0d728-dc1b-4208-99a3-44c193fae952,0,0,0,0,0,0,0,0,0,1,0
47b344b2-811e-4cf1-ab08-795c3124b321,0,0,0,0,0,1,0,0,0,1,0
47bc554f-67e4-481d-88bd-cf370cb1fda1,0,0,0,0,1,0,0,0,0,0,0
47bc6e12-0181-40b7-b270-8a019894023c,0,0,0,0,0,0,0,0,0,1,0
47c1d711-5f93-4883-8ec3-778b640809f2,0,0,0,0,0,0,0,0,0,1,0
47d0efaa-9c75-47f1-9b8e-0e7e2aab807f,0,0,0,0,0,0,0,0,1,0,0
47d2fc4b-95c0-4101-9b2c-f6414adb7a5d,0,0,0,0,0,1,0,0,0,0,0
47d60116-c914-4c4e-ae44-17db95115b95,0,0,0,0,0,0,0,0,0,1,0
47de6215-abd9-418d-b868-84a52d17db19,1,0,0,0,0,0,0,0,0,0,0
47e23407-74d6-47af-adff-2e647204ed2c,0,0,0,0,0,0,0,0,0,0,1
47f9316c-62c0-425b-ae47-f1717e9c80fd,0,0,0,1,0,0,0,0,0,0,0
47fb4965-e92a-48c4-9349-e520f94bf165,0,0,0,0,1,0,0,0,0,0,0
4805f741-c0a4-4566-9a24-1ad53498fa21,0,0,0,0,1,0,0,0,0,0,0
4812bdd0-a646-4263-8302-6ea4d4520503,1,0,0,0,0,0,0,0,0,0,0
48226420-5165-40c5-8250-6e67b3a770e2,0,0,0,0,1,0,0,0,0,0,0
4832a777-142a-472a-845b-bfe0d87936cb,0,0,0,0,0,0,0,0,0,1,0
483fa1de-aaa9-4378-9ddd-9fffc092741a,0,0,0,0,0,0,0,0,0,1,0
485086b0-025b-4c94-9854-a73cfaf2c8c6,1,0,0,0,0,0,0,0,0,0,0
485676fc-55be-4c21-9113-49d1ee62599d,0,0,0,0,0,0,0,0,0,1,0
48577351-985e-43b7-a6b3-467fc17b3cc2,0,0,0,0,0,0,0,0,1,0,0
4866efcf-95aa-467b-b2c3-a144c04047ab,0,0,0,1,0,0,0,0,1,0,0
486d0942-6dba-4fa3-b5e4-afa627e0d850,0,0,0,0,1,0,0,0,0,0,0
4874f054-6d74-4348-b5e3-f66d9b41e014,0,0,0,0,0,0,0,0,0,0,1
48a0ed15-5592-4dcf-8e46-c41b9c1ebddd,1,0,0,0,0,0,0,0,0,0,0
48a6e29c-956f-4af8-aec0-4080119bbcac,0,0,0,0,1,0,0,0,0,0,0
48a8b505-84de-4c15-a695-cb55ba10d10f,0,0,0,0,1,0,0,0,0,0,0
48ae06c2-b206-4673-ae3f-634c6812d0ee,0,0,0,0,1,0,0,0,0,0,0
48b1b308-351b-4089-a02a-0e2b6b70d2c9,0,0,0,0,0,0,0,0,1,0,0
48b6cce1-87bf-41f3-99f0-43c3cc30ff9c,0,0,0,0,0,1,0,0,0,0,0
48c202a4-c520-42ee-91b5-8a609f79b229,0,1,0,0,0,0,0,0,0,0,0
48cfc5d3-3bcb-4f46-ad2f-2b5b39091fda,0,0,0,0,0,0,0,0,0,1,0
48d6d461-e5d7-4d3a-a8f9-1af8f1890a56,1,0,0,0,0,0,0,0,0,0,0
48d6de56-9818-4216-a7c6-d6df99a385b6,1,0,0,0,0,0,0,0,0,0,0
48dc9b55-5ca8-49a7-8ca0-777beabbddf2,0,0,0,0,1,0,0,0,0,0,0
48e88d05-1a5e-4a96-aacf-a7cb3ea2f1dc,0,0,0,0,0,0,0,0,0,1,0
48ee6fb6-c7bc-4a8a-bead-b965942cc234,0,0,0,1,0,0,0,0,0,0,0
48fa0161-abd9-4d0d-9e13-d0ac605cc997,0,0,0,0,0,0,0,0,0,1,0
48fbf612-7dcf-4ab7-be3c-ef272c35bf06,0,0,1,0,0,0,0,0,0,0,0
491562c2-365e-465f-ba4a-7cce45527639,0,0,0,0,0,0,0,0,0,1,0
491e912f-587f-45f1-97c2-4c9954104d8a,0,0,0,0,0,0,0,0,0,0,1
492030c9-030c-46f8-9da2-3d456cac5f05,0,0,0,0,1,0,0,0,0,0,0
492248c2-fe3e-4dda-91cd-dde15bc85707,0,0,0,0,1,0,0,0,0,0,0
492ae40e-d450-4fb8-8752-bd19c53802dc,0,0,0,0,1,0,0,0,0,0,0
492bef2b-507f-43d5-aa05-8fde076ea877,0,0,0,1,0,1,1,1,0,0,0
4933a166-5940-4c23-87b5-9eb26dd1474c,0,0,0,0,0,0,0,0,0,1,0
49427c21-d684-4b41-8dfd-6668beed2f5e,0,0,0,0,0,0,0,0,0,1,0
4943b000-89ec-45bf-b342-9ef88b8c311c,0,0,0,0,0,0,1,0,0,0,0
494fabda-46a4-466a-bd5b-a86092704c13,0,0,0,0,0,0,0,0,0,0,1
495632b6-a81d-474f-bd6f-5372860e0b49,0,0,0,0,0,0,0,0,1,0,0
495d561d-dac9-4c64-8d3a-a341b77a7a39,1,0,0,0,0,0,0,0,0,0,0
49615543-cc04-4b79-9880-5115c9d0f085,0,0,0,0,0,0,0,0,1,0,0
496c2a65-f438-4285-9bd6-b9ec28725408,0,0,0,0,0,0,0,0,0,0,1
496e9e1b-cf28-45a2-8af5-161857922439,0,0,0,0,0,0,0,0,0,0,1
497762df-d00b-4b45-9c00-df58f740e52a,0,0,0,0,0,0,0,0,0,0,1
497c3aa0-6eb5-4f05-89e4-4135778e0a49,0,0,0,0,0,0,0,0,0,0,1
4983d386-9a89-48f5-890a-145a50514a78,0,0,0,0,0,0,0,0,1,0,0
499b4763-d10f-4f7f-8a5c-8cb2d276c3fe,0,0,0,0,1,0,0,0,0,0,0
49a0cc32-b46f-426e-8f51-c2b13b38f5c1,0,0,0,0,0,0,0,0,0,1,0
49c96a31-38bb-4284-b837-df22493782e4,0,0,0,0,1,0,0,0,0,0,0
49dac580-0672-4c4a-b169-5e926614536e,1,0,0,0,0,0,0,0,0,0,0
49eca230-ba2c-4a69-9db3-31e3c91ddeb4,0,0,0,0,1,0,0,0,0,0,0
49f17ad6-16df-482b-8dcb-4329cc79ce9b,0,0,0,0,0,0,0,0,0,1,0
49f1d934-e918-4f7a-9750-dc54581f046e,0,0,0,0,0,0,0,0,0,0,1
49f56a83-a149-437d-98c7-f9ac51e499bb,0,0,0,0,0,1,0,0,0,1,0
49fb9297-19a7-41a8-812b-ab0aa5344742,1,0,0,0,0,0,0,0,0,0,0
4a11d48a-62f2-4027-a525-8b2bdc78d478,0,0,0,0,0,0,0,0,0,0,1
4a15a5d3-935d-4a75-81eb-5ac76d5a539c,0,0,0,0,1,0,0,0,0,0,0
4a15b312-ee01-4ba4-ac8c-a2be9ce7df35,1,0,0,0,0,0,0,0,0,0,0
4a24b683-a3ae-4450-a948-76046a24fdca,1,0,0,0,0,0,0,0,0,1,0
4a2619ad-33d8-46d3-844b-df035f40a57b,0,0,0,0,0,0,0,0,0,0,1
4a2bdd27-0f46-489d-9101-3d816538e5cc,0,0,0,0,0,0,0,0,0,0,1
4a3158cf-657b-47a7-a394-d3686b2b77a5,0,0,0,0,0,0,0,0,1,0,0
4a3cd0d4-afa8-4d7e-98ef-a466d6198fb6,0,0,0,0,1,0,0,0,0,0,0
4a3cd60d-2004-46b2-b6c9-08790b154aa7,0,0,0,0,1,0,0,0,0,0,0
4a465aa4-8951-46ee-a849-c12845df3274,0,0,0,1,0,0,0,0,0,0,0
4a4d3822-a815-4fca-aef2-cd1b2943c5f9,0,1,0,1,0,0,0,0,0,0,0
4a4e5c91-9a31-44ad-8620-9004d8896bd4,0,0,0,0,1,0,0,0,0,0,0
4a547966-ff80-4377-896f-26581a852e83,0,0,0,0,1,0,0,0,0,0,0
4a5e8c3a-c0b5-40f0-ba8f-a2f8b6256c26,0,0,0,0,1,0,0,0,0,0,0
4a5ecd71-bf8f-4671-8aad-cbc03d009e40,0,0,0,0,0,0,0,0,0,0,1
4a627979-5035-4182-84dd-3b96ad6408d5,0,0,0,0,0,0,1,0,0,0,0
4a632c08-f5f8-484f-82d2-1683da0855d8,0,0,0,0,0,0,0,0,0,1,0
4a645d4a-0bba-4f4c-9438-3191b5081b4c,1,0,0,0,0,0,0,0,0,0,0
4a65b502-8de9-413f-a283-81d49ccfca26,0,0,0,0,0,0,1,0,0,0,0
4a68673b-686a-4bfe-8786-3a951f02d8c0,0,0,0,1,0,0,1,0,0,0,0
4a8b99bd-42af-4d9a-9f40-41b43eda2ca0,0,0,0,0,0,0,0,0,0,0,1
4a8d9e5d-3617-49f9-96a7-d9719699ea56,0,0,0,0,1,0,0,0,0,0,0
4a90ffd5-d20b-4314-953f-268b0f0fac05,0,0,0,0,1,0,0,0,0,0,0
4a966ac2-d096-4a75-9121-458d87dddd29,0,0,0,0,0,0,0,0,0,0,1
4aa45e8e-192c-4232-8f07-fbdb36c115e0,0,0,0,0,1,0,0,0,0,0,0
4aa911cf-6e4d-4505-85c3-31743c15104d,0,0,0,0,0,0,0,0,0,1,0
4aafcbc2-5f94-4066-b230-fee6986030a9,1,0,0,0,0,0,0,0,0,1,0
4ab37a22-24e9-4712-a60e-2686699656a5,1,0,0,0,0,0,0,0,0,0,0
4ab9bd48-4866-45eb-a74c-fb83ba8da83c,0,0,0,0,0,0,0,0,0,0,1
4ac2bd8e-d237-4de7-8617-4918060a8d8b,0,0,0,0,0,0,0,0,0,1,0
4add2c9c-9454-4959-96e1-9ac804747938,1,0,0,0,0,0,0,0,0,0,0
4ae4a8ae-ca3a-42cc-9700-66c94768e405,0,0,0,0,1,0,0,0,0,0,0
4ae50a12-a3b2-428d-a610-d83a1fb75cb7,0,0,0,1,0,0,0,0,0,0,0
4afaf411-9861-42e7-b8be-d68cc76cf3e3,0,0,0,0,0,0,0,0,0,0,1
4afe54fe-9acc-4625-9fba-ec439827e741,0,0,0,0,0,0,0,0,0,1,0
4b047464-471d-47b9-aaeb-8b6d7522c7cb,1,0,0,0,0,0,0,0,0,0,0
4b0f2d4b-572b-4e26-aab4-3c28181b4be3,0,0,0,0,0,0,0,0,0,1,0
4b1614d5-4151-437c-a790-ac071b538470,0,0,0,0,1,0,0,0,0,0,0
4b1996c1-2296-4e06-9529-34c075ada450,0,0,0,0,1,0,0,0,0,0,0
4b2794d4-9e9c-4b46-9ac5-d6dd948ece87,1,0,0,0,0,0,0,0,0,0,0
4b2a9946-4d09-49b2-9fdd-4a5f8c1610df,0,0,0,0,0,0,1,0,0,0,0
4b2eb5f9-0da0-4f0a-ae63-f6c41d7cf0ff,0,0,0,0,0,0,0,0,1,0,0
4b3d7dad-9073-4e20-a6a9-1392203ef77d,0,0,0,0,0,0,0,0,1,0,0
4b4be52a-02e3-4cc5-8a0c-20a62b8d4321,0,0,0,0,0,0,0,0,0,0,1
4b4f9f1f-a236-436b-9eee-ee50be8b454e,0,0,0,0,1,0,0,0,0,0,0
4b585c55-cfb1-49b1-8124-3ef7f28768a0,0,0,0,0,1,0,0,0,0,0,0
4b6483c4-67ac-47a4-bf46-58b5134cc2ce,0,0,0,0,1,0,0,0,0,0,0
4b7cff3a-a3bf-452b-b2eb-db0b7a034ea1,0,0,0,0,0,1,0,0,0,1,0
4b7dd764-4c99-4e5c-b6af-83a2553a8b66,0,0,0,0,0,0,0,0,0,1,0
4b7e7dce-2626-448e-a4c2-c33863a3631f,0,1,1,0,1,0,0,0,0,0,0
4b819e65-040e-4fff-ba0a-710452b5208e,0,0,0,0,0,0,0,0,0,1,0
4b8cf357-bcb5-4a43-8f97-568877147ccc,0,0,0,0,1,0,0,0,0,0,0
4b90ba69-a7f8-4b34-85cd-937f4e6de1fd,0,0,0,0,1,0,0,0,0,0,0
4b9ac713-5d94-45b3-bf64-e96b45e42c49,0,0,0,0,0,0,0,0,0,1,0
4ba164a7-9019-43f5-83be-c0ec4e0c6ec8,0,0,0,0,0,0,0,0,0,1,0
4ba56c93-1acf-4435-b542-90cba36768af,0,0,0,0,0,0,0,0,1,0,0
4ba6b216-4cf0-449e-8ba9-c542f97746c4,0,1,1,0,0,0,0,0,0,1,0
4ba8c7ff-0951-43b9-b232-45994e9d8708,0,0,0,0,0,0,1,0,0,0,0
4ba98d2d-10e4-4c58-b09d-f17bfafee267,0,0,0,0,0,0,0,0,0,0,1
4bd25dd2-aef8-47c8-b1ff-f06ea5dbec1c,0,0,0,0,0,0,0,0,0,1,0
4bdbd9c4-daf8-47ee-a319-b724d723095b,0,0,0,0,1,0,0,0,0,0,0
4be5c961-8ab2-472d-a3da-339bd8e7f718,0,0,0,0,0,0,0,0,0,1,0
4bea17b7-e0a0-4341-a727-5642f316ccb4,0,0,0,0,1,0,0,0,0,0,0
4bfac32b-c977-40e3-8624-047705a58a28,1,0,0,0,0,0,0,0,0,0,0
4bfb5177-e7d3-4e13-9dbb-0ac232a3427d,0,1,0,0,1,0,0,0,1,0,0
4c0160ce-d044-4468-bd2d-2e5889f4e317,0,0,0,1,0,0,0,0,0,0,0
4c01c01f-9e05-4c7e-a4ec-535a912594af,0,0,0,0,1,0,0,0,0,0,0
4c11f8c7-67c8-464b-ab08-99d6a0308395,1,0,0,0,0,0,0,0,0,0,0
4c260055-7650-4e0f-b454-2b78284d2ba1,0,0,0,0,1,0,0,0,0,0,0
4c32115e-b3c4-42b1-bd55-6a5be1197046,0,0,0,0,0,0,0,0,0,1,0
4c4b8d56-a135-40ad-8f4e-cd57465c54ae,0,0,0,0,0,1,0,0,0,1,0
4c604261-4ea5-4776-a03f-54285794f6ea,0,0,0,0,0,0,0,0,0,0,1
4c62dc1a-81d2-42dd-a7ac-60f7cc5355f9,0,0,0,0,0,0,0,0,0,1,0
4c6ae6e1-bfb4-4046-8dc9-824650507198,0,0,0,0,0,0,0,0,0,0,1
4c700737-0c09-4fd0-b455-13b26853bd17,0,0,0,0,0,0,1,0,0,0,0
4c842fdc-6150-4b43-9dbd-97182414df97,0,0,0,0,0,0,0,0,0,1,0
4c901719-6138-43ca-9ed8-7327491f732e,1,0,0,0,0,0,0,0,0,0,0
4c92f67e-962c-414e-ad16-59474b5047d3,0,0,0,0,1,0,0,0,0,0,0
4c950c52-5971-442d-87b7-1ddc68e3f2f2,0,0,0,0,1,0,0,0,0,0,0
4c9ae8e0-d685-4c24-8536-ae25a6acce6a,0,0,0,0,1,0,0,0,0,0,0
4ca3f3a2-cb90-4d51-b713-089d4b4fb7e3,0,0,0,1,0,0,0,0,0,0,0
4cb45501-b1ee-4aed-8f51-99a5b02bdf62,1,0,0,0,0,0,0,0,1,0,0
4cb7d742-3fd0-41f3-8bf4-4b4063908b22,0,0,0,0,0,0,0,0,1,0,0
4cc5790f-2626-4a03-b872-fbac9e3a998a,1,0,0,0,0,0,0,0,0,0,0
4cdbfdd9-94aa-410e-a8d1-5887a0e2fbaf,0,0,1,1,0,1,0,1,1,0,0
4ce40dbb-c767-4c4c-bccb-26811b6da76b,0,0,0,0,1,0,0,0,0,0,0
4ce41c26-e138-441d-b857-ad837d1025c4,0,0,0,0,1,0,0,0,0,0,0
4cec2ae2-fe22-437a-ac26-f71afd25717f,0,0,0,0,0,0,0,0,0,0,1
4cec36b7-d1a2-4b7e-8fd2-0c594b792f60,0,0,0,0,1,0,0,0,0,0,0
4cf7a1f3-22dd-4738-b1fe-627c88164d10,0,0,0,0,1,0,0,0,0,0,0
4cfae8f0-0a8e-4358-ad9e-06f92bb1cbd8,0,0,0,1,0,0,0,0,0,0,0
4d003c61-438a-4968-baf0-fe8c3f67434e,0,0,0,1,1,0,0,0,0,1,0
4d017a8c-eacf-4556-80bc-cdf41e581ce5,1,0,0,0,0,0,0,0,0,0,0
4d0bbf8c-47a0-4cb0-bc97-5951966356b1,0,0,0,0,0,0,0,0,0,1,0
4d179a92-501c-43e9-99d4-14a0f15c996a,0,0,0,0,0,0,0,0,0,0,1
4d1fd484-c08c-4bea-9955-1f8c4cf826a4,0,0,0,0,0,0,1,0,0,0,0
4d3fa6ab-6990-4e1d-a634-d9ba186dd3a4,0,0,0,0,0,0,0,0,0,0,1
4d409410-6ce6-48c2-93b8-132f2dca6568,0,0,0,0,0,0,0,0,0,0,1
4d5029ad-512a-4a4c-8010-d4a117aa3b23,0,0,0,0,1,0,0,0,0,1,0
4d50cd58-c395-4b70-8fb6-de2607ff0ed4,0,1,0,1,1,0,0,0,0,0,0
4d54d21f-443a-41da-becb-05e9ae2b24bf,0,0,0,0,1,0,0,0,0,0,0
4d5742eb-df2c-48b7-8bb5-9d56a96f8a1c,0,0,0,0,0,0,1,0,0,0,0
4d6342b3-6bef-471d-bca8-af49fb29161e,0,0,0,0,1,0,0,0,0,0,0
4d66ebda-d3e2-4896-a857-e032d2fef711,0,0,0,0,1,0,0,0,0,0,0
4d84eb5c-481e-421c-b75c-fb4889c28c01,0,0,0,1,0,0,0,0,0,0,0
4d87cfbf-6af6-41bc-bdfb-342bba0e4e25,0,0,0,0,1,0,0,0,0,0,0
4da95fff-0e85-4356-ba07-41fc299d2a9f,0,0,0,0,0,0,0,0,1,0,0
4db56e22-3b4f-458e-919a-c7336d43f77d,0,0,0,0,0,0,0,0,0,1,0
4db77d9f-449e-4157-9160-89a46ac59889,0,0,0,0,0,0,0,0,0,1,0
4dc5a6f6-e4b8-45ba-8861-1f2cb79c75ae,0,0,0,0,0,1,0,0,0,0,0
4dcd3b4e-e327-4f47-80b3-38c9ba53b871,0,0,0,1,1,0,0,0,0,0,0
4dd47f60-5260-4873-bdb8-7d6d94a91a7c,0,0,0,0,0,0,0,0,1,0,0
4de21d9a-9ffa-48f6-8318-bad693a0507a,0,0,0,0,0,0,0,0,1,0,0
4deca500-27de-47f3-958f-847637ae347b,0,0,0,0,0,0,0,0,0,1,0
4df0f4b5-7bdb-4b3a-b84b-fcdbe86bc9d7,0,0,0,0,0,0,0,0,0,1,0
4df42702-4c0f-4b8d-9361-0e3a3ec87a45,0,1,0,1,0,0,0,0,0,0,0
4df4ee33-1ac8-4e94-9b18-63cdfd64558c,0,0,0,0,0,0,0,0,0,1,0
4e02786a-99a4-42c8-b66a-72949d056142,0,1,0,0,0,0,0,0,0,0,0
4e120065-a03d-48a4-a36a-c7f8d03d595a,0,0,0,0,0,0,1,0,0,0,0
4e150ff4-99a1-44dd-9c5c-3475fe3f11a6,0,0,0,0,0,0,0,0,0,0,1
4e233350-3061-445f-adef-12dcdad80891,1,0,0,0,0,0,0,0,0,0,0
4e2623e6-f01c-4a6a-97d9-016f6435be0b,0,0,0,0,0,0,0,0,0,0,1
4e2d4f6f-1bdc-47f8-8c2d-18cff481dd38,0,0,0,0,1,0,0,0,0,0,0
4e334ca1-54e4-4574-9b2e-26a8b88b9885,0,1,0,0,0,0,0,0,0,0,0
4e3606d9-2a6d-476f-bc2a-a2163bcc6d19,0,1,0,1,0,0,0,0,0,0,0
4e40dd43-76e6-46e2-8e52-af9ca97e7cc7,0,0,0,0,0,0,0,0,0,1,0
4e41e5de-0286-47e5-88f6-71277f116117,0,0,0,0,1,0,0,0,0,0,0
4e47aa88-19bc-4ee1-b16d-72fee2fb2a1a,0,0,0,0,0,0,0,0,1,0,0
4e47d4c6-8824-4b15-a8b3-f80d05a793a0,1,0,0,0,0,0,0,0,0,0,0
4e4b079f-3a37-408e-abf5-b46a8d69d725,0,0,0,0,0,0,0,0,1,0,0
4e5018d1-5e52-40dd-a0e8-5756b12f7748,0,0,0,1,0,1,0,0,0,1,0
4e54ee35-148e-4d3d-8ba9-f610b1723678,0,0,0,0,0,0,0,0,1,0,0
4e5a54be-ab87-48e8-bbf7-05afbd61617b,0,0,0,0,1,0,0,0,0,0,0
4e625a9d-970f-429b-942c-5d31e031e896,0,0,0,0,0,0,0,0,0,0,1
4e62e1ee-62a7-4828-b29f-9a658662a574,0,0,0,0,1,0,0,0,0,0,0
4e7ef966-d9d0-47d5-adc3-79aae1279c9e,0,0,0,1,1,0,0,0,0,0,0
4e8435d9-4728-4d78-b0ec-fd435374f0a2,1,0,0,0,0,0,0,0,0,0,0
4e8a5686-369c-41b8-b7ea-305b3d89766c,0,0,0,0,1,0,0,0,0,0,0
4e8bd359-897f-46f4-bc6d-6988ff5a3176,0,0,0,0,1,0,0,0,0,0,0
4e8d9cfc-29cc-4766-aba7-bbbafce4f23e,0,0,0,0,1,0,0,0,0,0,0
4e8f2b57-16dc-438d-b7ec-e08f1d581ad5,0,0,0,0,0,0,0,0,0,1,0
4e9f251d-431e-43b7-aa03-39400a6fde37,0,0,0,0,0,0,0,0,0,0,1
4ea6c237-4194-4b2c-b9d1-bf4d04c165e3,0,0,0,0,1,0,0,0,0,0,0
4eac4897-7367-4631-bf26-393bc6d5e4f2,0,0,0,1,0,0,0,0,0,0,0
4eace218-5740-45cd-8551-55c3037f7401,1,0,0,0,0,0,0,0,0,0,0
4eb57232-3134-4ab0-96cf-02dbc917f255,0,0,0,0,1,0,0,0,0,0,0
4eb7c0b0-75ef-46c5-8958-fa16c2bc0ad8,0,0,0,0,1,0,0,0,0,0,0
4ec9297b-e3ee-48e9-8638-4bb7d63fc3e1,0,0,0,0,0,0,0,0,0,0,1
4ed03224-6ccf-469e-93a8-59517098a436,0,0,0,0,1,0,0,0,0,0,0
4ed92166-f3b1-469c-b736-8cffdbb4a64d,0,0,0,0,0,0,0,0,0,0,1
4ede9bd2-9c2c-4d38-8d06-7bca560cb63b,0,1,0,0,1,0,0,0,0,0,0
4edf5fc3-79ac-4bfa-8e4d-22ed209c08c6,0,0,0,0,0,0,0,0,0,0,1
4ee1b2d4-3dea-45ef-ac49-0301901a0f60,1,0,0,0,0,0,0,0,0,1,0
4ee536a6-8caa-4c2c-b70c-646bc3395017,0,0,0,0,1,0,0,0,0,0,0
4ee8d41d-f29f-4572-bbaf-79a572a2842e,0,0,0,0,1,0,0,0,0,0,0
4ef75e43-d611-404d-b5d1-64a03a14ed39,0,0,0,0,1,0,0,0,0,0,0
4eff4622-fae7-490c-ad35-e26949c79a89,1,0,0,0,0,0,0,0,0,0,0
4f012d16-77d9-4a67-b332-13d91ab5edac,0,0,0,0,1,0,0,0,0,0,0
4f03f1c0-e68b-471c-a976-6979b3bdbd31,0,0,0,1,0,0,0,0,0,0,0
4f143d20-463f-4409-ae81-c30efd749dcb,0,0,0,0,0,0,0,0,0,0,1
4f1ed97d-3254-4f50-8d17-8bd0a9fa42ca,0,0,0,0,1,0,0,0,0,0,0
4f2249e5-e313-40d2-b791-672400eae6b1,0,0,0,0,1,0,0,0,0,0,0
4f2754e3-e7a5-4c7c-99b3-c16358af0f96,1,0,0,0,0,0,0,0,0,0,0
4f37b7d8-14f4-4c6b-9d0d-3a30b2b4c7f0,0,0,0,0,1,0,0,0,0,0,0
4f3b2b43-7931-4e80-9e4c-9ced26e96e4e,0,0,0,0,0,0,0,0,0,0,1
4f3c2d99-24b5-4e20-9d07-2ee172f1c72c,0,0,0,0,0,0,0,0,1,0,0
4f3cceb8-40a2-4d79-8f5a-48ad4764871f,0,0,0,1,0,0,0,0,0,0,0
4f4496e7-102c-49f5-b159-1fb2cc8bcf37,0,0,0,0,1,0,0,0,0,1,0
4f495966-b26e-4bff-a87e-94a0abc120d1,0,0,0,0,1,0,0,0,0,0,0
4f4ac9ed-03a0-4350-86f6-b9adbde40cfb,0,0,0,1,1,0,0,0,0,0,0
4f5260eb-aea4-4a9e-9c9e-30039620f8f6,0,1,1,0,0,1,0,0,0,0,0
4f550272-d5ef-4a36-951f-49d0ff28d024,0,0,0,0,1,0,0,0,0,0,0
4f5b7490-a23b-4e81-9c65-8df30f14c5c3,0,0,0,0,0,0,0,0,0,0,1
4f65f1cb-b5eb-478a-aa02-3e2991049e4f,0,0,0,1,0,0,0,0,0,0,0
4f66c4ba-e938-4c8b-ab78-bdd79c36e098,0,0,0,0,1,0,0,0,0,0,0
4f6a99d1-8cbb-478d-8cfb-bc70bd36b200,1,0,0,0,0,0,0,0,0,0,0
4f764214-700f-4f6e-8520-35f8c0f50c8b,0,0,0,0,0,0,0,0,0,0,1
4f7c8434-7743-4802-aa22-99dbebc44560,0,0,0,0,0,0,0,0,0,0,1
4f809b38-4afd-4aa5-b0dd-4e7e0a656c68,1,0,0,0,0,0,0,0,0,0,0
4f837830-0f1b-4da0-873c-f590099c6cda,0,0,0,0,0,0,0,0,0,0,1
4f8975c2-656f-48af-96ae-6e1b6589fd81,0,0,0,0,0,0,0,0,0,0,1
4f8dc15a-6409-4de6-bcec-529aae02cdbc,0,0,0,0,0,0,0,0,1,0,0
4f8f36bf-2f07-4c87-9994-7c19d8ec9bc5,0,0,0,0,1,0,0,0,0,0,0
4f9d9445-b8df-45ee-9509-0708df240a63,0,0,0,0,0,0,0,0,1,1,0
4fa1a97d-6ded-41e7-a487-c18cf23b3c87,0,0,0,1,0,0,0,0,0,0,0
4fab1d7e-71e5-43e4-9592-82d347ba283a,0,0,0,0,1,0,0,0,0,0,0
4fb8edae-006f-4958-8750-096524b7f649,0,1,0,0,0,0,0,0,0,0,0
4fbf758a-d85a-4776-993d-96e65e99df34,0,0,0,0,1,0,0,0,0,0,0
4fcd5bad-99d4-408d-a898-02ed59506ec4,0,0,0,0,0,0,1,0,0,0,0
4fcfde0f-fc8e-4ab6-96af-9e2bf8266a6c,1,0,0,0,0,0,0,0,0,0,0
4fd0807c-075b-4972-a744-4018345f0acf,0,0,0,0,0,0,0,0,0,1,0
4fd14ee0-e87f-40fa-96be-e5a43c103a3b,0,0,0,0,1,0,0,0,0,0,0
4fd483ed-600d-409e-a1fb-ddd0caa4ba39,1,0,0,0,0,0,0,0,0,0,0
4fd6c32b-4583-49ee-94cf-6d7eda6b8ff4,0,0,0,0,0,0,0,0,0,0,1
4fd9bb8a-d457-4b99-9b86-0e83195c7a7f,1,0,0,0,0,0,0,0,0,0,0
4fdb0e3e-2427-4f7a-afed-ca59a66122ac,0,0,0,0,1,0,0,0,0,0,0
4fe7739d-6226-4e0b-938a-6816bcd1c574,0,0,0,0,0,0,0,0,1,0,0
4ff2b41a-59d8-46a2-93a6-6c7485ec36d0,0,1,0,0,1,0,0,0,0,0,0
4ff8446b-fdbd-4755-a925-598d69f4ac0b,0,0,0,0,0,0,0,0,0,0,1
5009e549-5fdd-4d2c-9a52-ce03712df0a5,1,0,0,0,0,0,0,0,0,0,0
500a4315-8a3b-4812-ba56-5dd396d5b09b,0,0,0,0,1,0,0,0,0,0,0
50119c66-5aba-4e73-b755-9d393bde2f57,1,0,0,0,0,0,0,0,0,0,0
501c9a5b-5947-43e9-b753-7e60b74f50c3,0,0,0,1,0,0,0,0,0,0,0
501f57da-ee50-45dd-a91c-c78d6dc79dc5,0,0,0,0,1,0,0,0,0,0,0
502b1c15-05d8-4cb4-bbd0-7ef04a492c7c,1,0,0,0,0,1,0,0,0,1,0
50328adf-abd1-4d01-8c75-06d7752b34f0,0,0,0,0,1,0,0,0,0,0,0
503f101d-3233-441e-850c-36b1339df36b,0,0,0,1,0,0,0,0,1,0,0
5040ffbd-e4ce-4ee2-bbc2-6c2bb4e93938,0,0,0,0,1,0,0,0,0,0,0
5047ed9d-4ca2-4b90-9f01-8fe19dd229c3,0,0,0,0,1,0,0,0,0,0,0
504c3533-a10a-4b89-b3b7-64c4775355c9,0,0,0,0,1,0,0,0,0,0,0
504df059-eb0d-4318-adb8-e3dc9bbbfb03,1,0,0,0,0,0,0,0,0,0,0
5054f950-fa3b-4e37-b9c5-13d98dd47f16,0,0,0,0,0,0,0,0,1,0,0
5058ed98-58a6-41e3-a948-654738c0ca31,0,0,0,0,1,0,0,0,0,0,0
5059044c-faa5-468d-960b-033c5bb0c54e,0,0,0,0,0,0,0,0,0,1,0
5061d6e7-fac4-4b79-840b-bda5adcbabea,0,0,0,0,0,0,0,0,1,0,0
50635fd1-a9af-420e-aeb0-148a97e2de63,0,0,0,0,1,0,0,0,0,0,0
50654732-409d-4ccb-a74d-c8e982adfbc5,0,0,0,0,0,0,0,0,0,0,1
5069e7ce-f16a-40cb-9529-9a9fd1d58525,1,0,0,0,0,0,0,0,0,1,0
506a999d-ad49-4ca0-bc02-4a7f152930f2,0,0,0,0,0,0,0,0,0,1,0
506b2d05-a716-4a2a-8566-597a5b974066,0,0,0,0,0,0,0,0,0,0,1
506f4f53-d8c3-4a7a-955d-b391bb066516,0,0,0,0,1,0,0,0,0,0,0
5073f7fa-7893-42f4-a7e3-aaceb22cb8ae,0,0,0,0,1,0,0,0,0,0,0
50765b89-cb03-492c-b3b1-551455921754,0,0,0,0,1,0,0,0,0,0,0
507a54a8-1d26-4ae2-9a37-f826f54e0e24,0,0,0,0,1,0,0,0,0,0,0
507e404c-52e6-4ae5-baa8-5a0cdf5731d7,0,0,0,0,0,0,0,0,1,0,0
508f61ea-419f-456d-90a8-5b2810e6b521,0,0,0,0,0,0,0,0,0,0,1
5094da46-2e81-4577-a2d2-68e117867649,1,0,0,0,0,0,0,0,1,0,0
509d6331-a863-484c-8e4b-704f410c1ff1,0,0,0,0,1,0,0,0,0,0,0
50a0c9d4-a613-4586-b764-d82aa4b471e3,1,0,0,0,0,0,0,0,0,0,0
50b10ad0-3735-4c5e-a55f-dd7f00321827,0,0,0,1,0,0,0,0,0,1,0
50b69e37-8b73-437a-be02-9d8f5ad43187,0,0,0,0,0,0,0,0,1,0,0
50b8d256-6257-4cd2-b985-2e1f183d1ef5,0,0,0,0,1,0,0,0,0,0,0
50c97faf-e92c-4a98-8762-28087008e858,0,0,0,0,0,0,0,0,0,1,0
50d41714-5385-4c94-a7d9-8061006034b8,0,0,0,1,0,0,0,0,0,0,0
50dea502-a24e-41dd-b93f-4a0a0d52bc38,0,0,0,0,1,0,0,0,0,0,0
50dee2a9-6565-4c64-8e35-2a5e04881915,0,0,0,0,1,0,0,0,0,0,0
50e30ea3-ff60-4765-abca-957c60bc35cb,1,0,0,0,0,0,0,0,0,0,0
50e59467-365b-4c82-b02c-8f3ae1b839d1,0,0,0,0,1,0,0,0,0,0,0
50e626c7-ab43-42e7-bafc-69bcb5ed1303,0,0,0,0,0,0,0,0,0,1,0
50f24c53-860e-4f35-9251-e2fda4267826,0,0,0,0,1,0,0,0,0,0,0
50f2eae0-85c1-488e-bfe7-eca026d805b1,0,0,0,1,0,0,0,0,0,0,0
50fccd0a-694b-47c2-a231-49c5d0aeb956,0,0,0,0,0,0,0,0,0,1,0
50fe27d5-5fc7-449a-b806-39bc9142b98a,1,0,0,0,0,0,0,0,0,0,0
50ff59d4-a905-48be-af7f-3d6819e4acf5,0,0,0,0,0,0,0,0,0,1,0
51042d95-fb2e-4646-841b-7b2435baf213,0,0,0,0,1,0,0,0,0,0,0
51045a18-a667-4fe1-8eba-71c7dafbc1db,0,0,0,0,0,0,0,0,1,0,0
51160ac8-69c0-4fd8-95c4-ccb886311c1f,0,1,0,0,1,0,1,0,1,0,0
511c0768-59b8-4bc5-8191-2da363c1c2d5,0,0,0,0,1,0,1,0,0,0,0
51256b2c-ac7f-4b03-b486-a0684ba2dfa1,0,0,0,0,0,0,0,0,0,1,0
5127ca37-eeeb-4e20-ab41-01697b54351a,0,0,0,0,0,0,0,0,0,0,1
5127fc7b-8ed9-4477-9f1c-47705ee20a69,1,0,0,0,0,0,0,0,0,0,0
512fa59d-76ae-416f-974a-a7c1925ede5b,0,0,0,0,0,0,0,0,0,0,1
513608ef-0d35-4954-bd98-64b1fb34cb2e,0,0,0,0,0,0,0,0,0,0,1
5144b42d-1937-4343-87e0-a2ad184b8265,0,0,0,0,0,0,0,0,0,0,1
51524ffe-faf3-4c46-8144-e3bd977c9812,0,0,0,1,0,0,0,0,0,0,0
515cb728-8fd5-47bd-8a95-d6bca50f1fa8,0,0,0,0,1,0,0,0,0,0,0
515dbbe9-1623-42bd-aa77-73b75b1ed559,0,0,0,0,1,0,0,0,0,0,0
5163d018-b906-4c76-9238-cd871f8f8185,0,0,0,0,0,1,0,0,0,1,0
51652122-c57e-4130-a8e0-85da15f57e6f,1,0,0,0,0,0,0,0,0,0,0
51659f3d-726a-4538-a3e1-08124b5ed2bd,0,0,0,0,0,0,0,0,0,1,0
5179722e-4de3-4817-862b-8a7547f33fa5,0,0,1,0,0,0,1,0,0,0,0
5182f78f-8ad2-4550-a8d0-45b4b1a8823b,0,0,0,0,1,0,0,0,0,0,0
5183fe57-40e2-49e6-8d01-d6c205841833,0,0,0,0,0,0,0,0,0,0,1
51876015-4da5-44e0-ba32-6c3e1cc4086a,0,0,0,0,1,0,0,0,0,0,0
51b9872f-abab-44fb-95d7-ad016057b9ae,1,0,0,0,0,0,0,0,0,0,0
51bc25c5-0a19-437f-b708-3d67bc33ebeb,1,0,0,0,0,0,0,0,0,0,0
51c11995-b6bc-4614-9439-8dc8279ca54e,0,0,0,0,1,0,0,0,0,0,0
51c4669f-897c-460e-8c77-8cbce4b2af41,0,0,0,0,1,0,0,0,0,0,0
51cf26f0-d638-479e-91b8-6f40c497b2ff,0,0,0,0,0,0,0,0,0,1,0
51d92370-0b24-4823-b189-cfcb658d84ae,0,0,0,0,0,0,0,0,0,0,1
51e5c021-3480-4997-830e-ec0d7453912b,1,0,0,0,0,0,0,0,0,0,0
51e66ff8-2601-40e5-8ce8-1806fe8351f3,1,0,0,0,0,0,0,0,0,0,0
51ed10c9-2d2e-4fab-9515-d83703c365bc,0,0,0,0,1,0,0,0,0,0,0
51ef1f99-b8cf-496a-98e0-9ca917c2e87a,1,0,0,0,0,0,0,0,0,0,0
51f55f51-9f74-451b-9069-5f3c36efbbb7,0,0,0,0,0,0,0,0,0,0,1
51f93019-64fa-431e-ac0c-6dc2f5e1fef5,0,0,0,0,1,0,0,0,0,0,0
521e21d0-37cb-4d57-86fd-5af4febe6d1c,1,0,0,0,0,0,0,0,0,0,0
521f6e0c-d11c-4072-82cf-c10c642b792e,0,0,0,0,1,0,0,0,0,0,0
521fa29e-01cf-457b-bfb4-d9a86cd33210,0,0,0,0,1,0,0,0,0,0,0
5220de8e-2c76-4949-bc69-0eaf0736334f,0,0,0,0,1,0,0,0,0,0,0
5231454e-e865-424c-a028-6ff35ec2a0b5,0,0,0,0,1,0,0,0,0,0,0
5235fdd5-2bc5-4f9f-85d2-c730cc597a03,0,0,0,0,0,0,0,0,0,0,1
523690a5-6014-4d87-a120-6ca3ee6aa6c1,0,0,0,0,1,1,0,0,0,1,0
523698ac-b342-47e0-a83e-49986688788c,0,0,0,1,0,0,0,0,0,0,0
5236f610-02c5-46c9-a40a-381a56a4732a,0,0,0,0,0,0,0,0,0,0,1
5250afd0-f952-492b-b6b1-57259b28c91e,0,0,0,0,1,0,0,0,0,0,0
5256466d-bcb2-428a-a09a-15309fe3b8dc,0,0,0,0,1,0,0,0,0,0,0
525e4495-3363-4193-b78c-56a534c7618d,0,0,0,0,1,0,0,0,0,0,0
526d0383-6d34-4a21-ab9f-3ab7b4355395,0,0,0,0,1,0,0,0,0,0,0
526f6e84-7788-421e-a1c0-6604a04069c6,0,0,0,0,1,0,0,0,0,0,0
52785f7f-40e0-45c1-845f-fee00a445829,0,0,0,0,0,0,0,0,1,0,0
52840b6f-4db3-4486-bbdf-32e9e2d07e41,0,0,0,1,0,0,0,0,0,0,0
5291ba71-a050-440f-8e8a-11542774b67f,0,0,0,0,0,0,0,0,0,1,0
529a778a-90a4-4e53-8a14-cfc332e13d74,0,0,0,0,0,0,0,0,0,0,1
529cfd30-86b7-4149-816f-bfd1111f3a2b,0,0,0,0,0,0,0,0,0,0,1
52af1400-1824-46ea-aff8-0a99d29afa91,0,0,0,0,1,0,0,0,0,0,0
52cdb5b1-22cc-4882-9a14-448705b5125f,0,0,0,0,0,0,0,0,0,1,0
52e4daca-b0b4-4ead-98ed-f226802fd7d0,0,0,0,0,0,1,0,0,0,1,0
52e50bf5-7c71-4ac8-ad8b-11aadc23aca1,0,0,0,0,0,0,0,0,1,0,0
52e77a96-8545-44dc-af77-a970ed39ebc7,0,0,0,0,0,0,0,0,0,1,0
52ef2fdb-0168-41dd-9515-51e10d70850d,1,0,0,0,0,0,0,0,0,0,0
52f8d528-41b1-4e86-9da5-d39c23f02951,0,0,0,0,0,0,0,0,0,0,1
52fdd48f-ce1b-42a3-8cef-0f7b46588bff,0,0,0,1,0,0,0,0,0,0,0
52fe17c5-c9cd-4ee8-a9c6-3d45d3ae6333,0,0,0,0,1,1,0,0,0,0,0
530d20c1-2384-4bf3-a7a0-93b88dc7aa90,0,0,0,0,0,0,0,0,0,0,1
53159fad-b25b-45b1-bf29-89760f38d1cb,0,0,0,0,0,0,0,0,0,1,0
5325af4d-ae81-4804-87d2-951a3aca5fde,0,0,0,0,1,0,0,0,0,1,0
532de29e-89a2-473e-ac82-2f2c868676f9,0,0,0,0,0,0,0,0,0,0,1
532e62f3-49a7-4a12-9d1f-537ff43e46e8,1,0,0,0,0,0,0,0,0,0,0
534d1a5e-e95d-4445-b732-1319b04c1eaf,0,0,0,0,0,0,0,0,0,1,0
535a45db-26b6-41da-9e59-a3d78c2d1f7e,0,0,0,0,0,1,0,0,0,0,0
535ad95d-28cf-4128-b235-580226b5dde3,0,0,0,0,0,0,0,0,0,1,0
5365ec61-1a9a-44e2-8fac-d8a1a8c37275,0,0,0,0,0,0,0,0,0,0,1
53680e08-d83d-4135-b241-d7d949a8cde3,1,0,0,0,0,0,0,0,0,0,0
53809e02-77ee-4f5c-9429-2e899400830b,0,0,0,1,0,0,0,0,0,0,0
538a318a-4d5a-47ab-adfe-4602c9f6eba3,0,0,0,0,0,0,0,0,0,1,0
53b467f2-5a1b-4ab3-b561-4f8c17127e90,1,0,0,0,0,1,0,0,0,1,0
53b74df7-9f62-4af1-8b45-232acf71cb5c,0,0,0,0,0,0,0,0,0,0,1
53c44c35-0cb0-43d9-aa18-0029ab3e0d85,0,0,0,0,0,0,0,0,0,0,1
53d3a521-42fc-4f80-ab65-00170a4c06ad,0,0,0,0,0,1,0,0,0,1,0
53d71a42-7b0a-4332-97eb-b58dd74d3fc0,0,0,0,0,1,0,0,0,0,0,0
53dab795-4390-4d8f-899d-73398f6d78b2,0,0,0,0,0,0,0,0,0,0,1
53e59176-5070-4028-9ac5-4a8915fdebfe,1,1,0,0,1,0,0,0,0,0,0
53f03e80-b375-4e9c-be3e-f5a936cc9b71,1,0,0,0,0,1,0,0,0,0,0
53fb1278-6dcc-4e8c-8230-99e226c584a0,0,1,0,0,0,0,0,0,0,0,0
54088cff-460e-41ba-86de-d17b277873d0,0,0,0,0,1,0,0,0,0,0,0
541149db-99d0-4f42-8704-6bb36f7bda37,0,0,0,0,0,0,0,0,0,1,0
5413cf4e-f8da-4bad-bb7d-167ab486a82e,0,0,0,0,0,0,0,0,0,1,0
54259cd2-cc79-45a1-a26e-bce2b999cbcf,0,0,0,0,1,0,0,0,0,0,0
5425e6a1-5ebe-414e-946f-188131e82294,0,0,0,0,1,0,0,0,0,0,0
5449b113-475f-468f-b85a-755856230315,0,0,0,0,1,0,0,0,0,0,0
544b5f62-e0c6-4eda-ba38-99e4171da424,0,0,0,1,0,0,0,0,0,0,0
5450fcb8-d79c-4092-a46b-5e4e71082dd8,0,0,0,0,0,0,0,0,1,0,0
54515796-8140-4a79-a975-c4005f4d6124,0,0,0,0,0,0,0,0,1,0,0
54589c81-8293-46c0-9f71-d38ea0b46563,0,0,0,1,0,0,0,0,0,0,0
54591fe3-023a-47b3-8726-1e0c842d4dbb,0,0,0,0,0,0,0,0,0,0,1
5459cfbe-a443-4643-a4ed-e4b4dd4fcc67,0,0,0,0,0,0,0,0,1,0,0
547613e6-3851-439c-8940-d75bfd968ab7,0,0,0,0,0,0,0,0,0,1,0
5476292a-3a83-41b4-9a48-67dc3ee14f19,0,0,0,0,0,0,0,0,0,1,0
547a5e6a-a2e7-4790-ad39-c5ae51def285,0,0,0,0,0,0,0,0,0,0,1
54a00cfc-0c91-4e74-9ef2-c1e8ecd7a427,0,0,0,0,0,0,0,0,0,0,1
54ab7a57-8635-4e8c-84ef-f2ed7cd5de4e,0,0,0,0,0,0,0,0,0,0,1
54b215b9-5749-4b30-9968-98da0b90262e,0,0,0,0,0,0,0,0,0,0,1
54b884e5-87b1-4e42-998e-82e17351ccfa,0,0,0,0,1,0,0,0,0,0,0
54b8cf8b-c912-4ca1-8b65-008d2496d860,0,0,0,0,0,0,0,0,1,0,0
54c66d41-b62d-45a9-b7d2-b386e4019b96,0,0,0,0,1,0,0,0,0,0,0
54d7a7a6-a43c-4194-a852-28ec0ada2c68,0,0,0,0,1,0,0,0,0,0,0
54e5bf3e-6116-485c-9174-1864aad836b7,0,0,0,0,1,0,0,0,0,0,0
54e70e30-0a53-48ee-8150-0b34397cba97,0,0,0,0,1,0,0,0,0,0,0
54e8d0b8-dd7b-4236-adcb-f76a6ae8c8f2,0,0,0,0,0,0,1,0,0,0,0
54eb7a73-3a05-4efb-99d2-36be8b59d1b8,0,0,0,0,1,0,0,0,0,0,0
54ef7bf0-793e-4dba-aba8-10c028feef5f,0,0,0,0,0,0,0,0,0,0,1
54f5bf4c-fe51-453f-a38f-84cb8ae9a242,0,0,0,1,0,0,0,0,0,0,0
54f60a8b-ca32-4e38-8b53-6194c88c42f9,1,0,0,0,0,1,0,0,0,1,0
5503e004-898f-418f-bd85-2a47f10259fa,0,0,0,0,1,0,0,0,0,0,0
5506af91-b19b-451c-ab19-2742049b84aa,1,0,0,0,0,0,0,0,0,0,0
550d3ac4-c3b7-4c52-a423-77e0221e3176,0,0,0,0,0,0,0,0,0,0,1
5510a08b-cf21-4f68-beee-c9e1d3364ce4,0,0,0,0,0,1,0,0,0,1,0
5510f2bf-75f3-44aa-866b-3dd2bd94dc13,0,1,0,0,0,0,0,0,0,0,0
5512d81f-84c8-482d-80ea-b3b9d2ff3f53,1,0,0,0,0,0,0,0,0,0,0
551ba0a3-b0b7-4776-923a-e23aaf41f5d7,0,0,0,0,0,0,0,0,0,1,0
552ba0d1-c329-44be-acae-b950f0bc6a1d,0,0,0,0,0,0,0,0,0,0,1
552d01a1-ff18-42d5-a884-15012420344c,1,0,0,0,0,0,0,0,0,1,0
552f9f62-a5ef-4001-b61e-788297f1853a,1,0,0,0,0,0,0,0,0,1,0
555600a9-dac9-41c4-887c-2b614df08113,1,0,0,0,0,0,0,0,0,0,0
55598f84-2a3e-44b4-b555-3cd6e42cac4d,0,0,0,0,0,0,0,0,1,0,0
555e7171-ff44-4894-a8ab-329463b4f98f,1,0,0,0,0,0,0,0,0,0,0
555f8015-6b33-49a4-a7bd-91224df6b87e,0,1,0,0,1,0,0,0,0,0,0
556231d5-e751-4547-8a91-6f22da860cbe,0,0,0,0,1,0,0,0,0,0,0
556356df-3734-44c4-a065-aba47b9cdffc,0,0,0,0,0,1,0,0,0,1,0
556aa709-89cd-44db-8532-0fa2fad2d2e5,0,0,0,0,0,0,0,0,0,0,1
557c31e7-e95c-4777-8384-d9be6012485c,0,0,0,0,0,0,0,0,0,0,1
557c7e40-fb77-4aa5-bc5c-13f9941ae046,1,0,0,0,0,0,0,0,0,0,0
55898e6d-8b05-4ab4-92c1-867cb2674d01,0,1,0,0,1,0,0,0,0,0,0
558e2ea9-3ed3-400e-b023-6df0663eefbe,0,0,0,0,0,1,0,0,1,1,0
5592d6be-d007-4e1e-a2dd-ce8def59e404,0,0,0,0,0,0,0,0,1,0,0
55958fb9-0539-439b-a34f-050f22a30341,1,1,0,1,0,0,0,0,1,1,0
5596e8dc-d11e-4632-a52d-341c8ddb615f,0,0,0,0,0,0,0,0,0,1,0
5598736b-7817-4c7e-ab68-9581bf1a1ce2,0,0,0,0,0,1,0,0,0,1,0
55a3b8e3-6a1d-422f-b343-935bd10d7a96,1,0,0,0,0,0,0,0,0,1,0
55a562a8-925d-4339-aaa4-d487e74e0a83,0,0,0,0,1,0,0,0,0,0,0
55a87670-6265-494f-8b2f-53bedf7e7a51,0,0,0,0,1,0,0,0,0,0,0
55c25a07-dea9-47e2-8194-c7ca3857c2d8,0,0,0,0,0,0,0,0,0,1,0
55c9bd84-938e-4e7b-9021-517e310c331d,0,0,0,0,1,0,0,0,0,0,0
55ca7cb4-933c-4be1-bb0c-4b30f3632c10,0,0,0,0,1,0,0,0,0,0,0
55d17170-2cb6-4bbb-aee5-5369e205fff3,0,0,0,0,1,0,0,0,0,0,0
55d7d74b-6894-4386-80c2-d66d76d77ee5,0,0,0,0,0,0,0,0,0,0,1
55dfa13b-f0ab-44d7-8fb1-64d4b9e1d607,0,0,0,0,0,0,0,0,0,0,1
55ef63b2-4d81-4ba0-935f-d250711efe06,0,0,0,0,0,1,0,0,0,1,0
55f0293f-eba3-40a4-a517-d7011c36650d,0,0,0,0,0,0,0,0,0,0,1
55f9ef59-cbc0-496b-bbf7-ec2360554e4c,0,0,0,0,0,0,0,0,1,0,0
55fcadbd-6845-4520-90da-9750fcb8b872,0,0,0,1,0,0,0,0,0,0,0
55fe5f4a-cbf7-4546-9d78-8f11e2c2b088,0,0,0,0,1,0,0,0,1,0,0
56006949-f0e7-4656-a42a-76b717f4eb23,0,0,0,0,0,0,0,0,0,1,0
56014ca9-1736-4246-821c-7b37b727c0f0,0,0,0,0,0,0,1,1,0,0,0
56077f9f-4a57-48e5-951e-4806a2b4e02e,0,0,0,0,0,0,0,0,0,1,0
560ee5dc-14ee-4c6f-8ca0-acd4be9d37a6,0,0,0,0,0,0,0,0,0,1,0
561d6fdc-be98-47cc-a7ca-447572a34e39,0,0,0,0,1,0,0,0,0,0,0
561f213f-48a4-43e5-a421-09d15f7eefa0,0,0,0,0,0,0,0,0,0,1,0
562a86e5-da00-4215-90d7-21daa9fbf59c,0,0,0,1,0,0,0,0,0,0,0
5638f82f-21c1-4dd1-aecd-75516953e247,1,0,0,0,0,0,0,0,0,1,0
563a59a7-bb7a-4524-8001-61103a97efcd,0,0,0,0,1,0,0,0,0,0,0
563c79c3-d5f7-4406-b70e-f2b59605e862,1,0,0,0,0,0,0,0,1,0,0
563fe176-87f3-49e1-886b-8b07aa3e95a9,0,0,0,0,0,0,0,0,0,0,1
564108dd-e399-45a3-ba58-fca060381b47,0,0,0,0,1,0,1,0,0,0,0
5642e5fd-0a33-4a99-affe-51d0e4774d73,0,0,0,0,0,0,0,0,0,1,0
56444bd6-2e18-4300-b564-c4af8b09c772,0,0,0,0,1,0,0,0,0,0,0
5659f235-1b85-49e1-a44b-470eec3de76c,0,0,0,0,0,0,0,0,0,0,1
565b7925-375a-44df-a118-006edcb7156c,0,0,0,0,1,0,0,0,0,0,0
566f644d-2399-4830-af26-33c3b43ae3a4,0,0,0,1,0,0,0,0,0,0,0
5675a452-2b91-4a73-a3a8-cadfe6d01079,0,0,0,0,0,0,0,0,0,0,1
56760d3e-7521-4f41-9840-34e18e6aead8,0,0,0,0,1,0,0,0,0,0,0
56788fc0-97c8-441d-8f8d-04526c5e1e99,0,0,0,1,0,0,0,0,0,0,0
567a0626-a54e-4c59-838c-868aa55da447,0,0,0,0,0,0,0,0,1,0,0
5683679e-5fa4-45dd-8467-bed3f9819f43,0,0,0,0,0,0,0,0,0,0,1
56844253-1f94-49a2-8e10-1435b3e57f39,0,0,0,0,0,0,0,0,0,0,1
56897bb5-089e-4486-b9f7-c0d14c8cc3e1,0,0,0,0,0,0,0,0,0,0,1
5689c795-f42e-46c6-99d6-e77b63a56e13,0,0,0,0,1,0,0,0,0,0,0
568da5e9-cf21-4ab0-8501-135c9247b4a4,0,0,0,0,0,0,0,0,0,1,0
56a05588-b9ec-4586-893d-811a47b72cb7,0,0,0,1,0,0,0,0,0,0,0
56a390b9-5a66-40e4-9636-8dce317eed89,1,0,0,0,0,0,0,0,0,0,0
56bb6e5b-45a0-4143-896c-ac54d7f52247,0,0,0,1,0,0,0,0,0,0,0
56cadd40-42a1-4032-b166-58d398cd0e10,0,0,0,0,1,0,0,0,0,0,0
56d1ac75-030f-4a4e-9b8d-26cc17ce5342,0,0,0,0,1,0,0,0,0,0,0
56d99409-0814-4808-afa5-4325dcfa8225,0,0,0,0,1,0,0,0,0,0,0
56dd07c9-195d-4cef-8f75-cc457dadbaad,0,0,0,0,0,0,0,0,0,1,0
56ebff1f-c1c5-4590-974b-30f4a9f79eb1,0,0,0,0,0,1,0,0,0,1,0
56ec91f1-0b28-4260-accd-ac072fa1aa3e,1,0,0,0,0,0,0,0,0,0,0
56ed0888-5445-442b-a98b-534f8724c9af,0,0,0,0,0,0,0,0,1,0,0
56f1466a-4b7d-4e54-8f7d-21fdd2ead679,0,0,0,0,0,0,0,0,0,0,1
56f965c7-1920-42ea-ac6b-7b4d05e4e19b,0,0,0,0,0,0,0,0,1,0,0
56faf01e-111e-4e6c-89ae-1e8e825eab58,0,0,0,0,1,0,0,0,0,0,0
5709b5f7-ee45-4756-b1f0-034c0743ef4c,0,0,0,0,1,0,0,0,0,0,0
570b9b33-2776-48a8-b0a8-9f7af197a9e4,0,0,0,0,1,0,0,0,0,1,0
571348ff-4a0f-4d82-9001-33a7128aa724,0,0,0,0,0,1,0,0,0,0,0
571b9f8b-437a-4a83-973e-ba1ff3110870,0,0,0,0,0,0,0,0,0,0,1
57200632-5c09-413a-983b-be84b48cdccc,0,0,0,0,0,0,0,0,0,1,0
57234a8f-431a-43f8-9f4c-f72b0a49dd82,0,0,0,0,0,0,0,0,1,0,0
57238f56-c98f-418f-9553-98cb95534d32,0,0,0,0,1,0,0,0,0,0,0
572cec33-728d-47f9-a421-15eca6c2b4dc,0,0,0,1,0,0,0,0,1,0,0
573475e1-b1b7-49ac-99cd-36c73d8fe33a,0,0,0,0,0,0,0,0,0,0,1
573a2d8b-ee22-4e72-a884-023c6513da88,0,0,1,1,1,1,0,0,1,0,0
574053b8-26e0-4ee0-be61-2d4745ccbd52,0,0,0,0,1,0,0,0,0,0,0
574ef660-6ccd-47a8-9fdb-b11833060e07,0,0,0,0,0,0,0,0,0,0,1
5752cd60-8b09-49f4-b9ba-97fc5ed4a858,0,0,0,0,0,0,1,0,1,0,0
57578cf1-6ed1-4f4b-89c8-c623f5b68397,0,0,0,0,0,0,0,0,0,0,1
57716ce3-ba54-4343-9734-81c9564b801f,0,0,0,0,0,0,0,0,0,0,1
5771df3c-e0b7-4e04-a121-88b1387bb93d,0,0,0,0,0,0,0,0,0,1,0
5772f81b-28d9-49cc-89a3-652232a42850,0,0,0,0,0,0,0,0,0,1,0
577581cb-5bd3-49a7-a036-d1b705c35e82,0,0,0,0,0,0,0,0,0,1,0
577653a7-7838-4dc8-90a9-49e5022ef9ab,0,0,0,0,1,0,0,0,0,0,0
57770a0a-08bd-47da-aa80-9eb5b8fd1186,0,0,0,0,0,0,0,0,0,1,0
577831dd-0cfc-40d2-9abd-07dd743d2299,0,0,0,0,0,0,0,0,1,0,0
5787d8a1-e915-4473-ad6d-d1d6bd248f6a,0,0,0,0,0,0,0,0,0,1,0
578da2d7-319d-42ed-a07c-528cf63f38a3,0,0,0,1,0,0,1,0,0,1,0
578fbfba-ef56-42c3-a924-2ca2f09edd4e,0,0,0,0,0,0,0,0,0,1,0
5791dcc9-a7c6-43c3-b4a9-314a5d3e4627,0,1,0,0,1,0,0,0,0,0,0
579baaa7-b7dd-47c3-a6a4-1e72c92e741c,0,1,0,0,0,0,0,0,0,0,0
579ebe59-5afb-428e-9c5c-647f3834d7e4,1,0,0,0,0,0,1,0,1,0,0
57b27b2f-bd10-47c5-8d3a-a3be4e0d8ce4,1,0,0,0,0,0,0,0,0,0,0
57bd77af-ed5a-4a50-9c0f-826106d4ddb2,1,0,0,0,0,0,0,0,0,0,0
57bd7832-3786-4432-933b-62517bf555bc,0,0,0,1,1,0,0,0,0,1,0
57bf2c95-7bbe-47ca-b6a6-071c7bbef14f,0,0,0,0,1,0,0,0,0,1,0
57c06258-8904-4729-a16a-06d962378cfb,0,0,0,0,0,0,0,0,0,0,1
57c4534e-8efe-468d-af10-f9ab798f73b9,1,0,0,0,0,1,0,0,0,1,0
57c4583f-c80c-49bb-bb4f-02b36253657c,0,0,0,0,0,1,0,0,0,1,0
57d5d816-21a8-447b-8b2c-5d9ce77b2da7,0,0,0,0,1,0,0,0,0,0,0
57da0350-7b1c-47f5-8403-94b77c7c8682,0,0,0,0,1,0,0,0,0,0,0
57e4dfd8-17e4-4f32-a3b3-d147b84533fd,0,0,0,0,0,0,0,0,0,1,0
57e98af5-2764-4e82-aa39-76864317d34b,0,0,0,0,1,0,0,0,0,0,0
57f0642b-1026-422f-b3b9-8bd6d2fcc420,1,0,0,0,0,0,0,0,0,0,0
57fe05a1-974f-4826-8279-8a06d534c717,0,0,0,1,0,0,0,0,0,0,0
57fffacd-2fa7-4c06-ab05-5067761aac35,0,0,0,0,0,0,1,0,0,0,0
58057a2e-693e-42ed-b5a3-4f6b94266a1f,0,0,0,0,0,0,0,0,1,0,0
58065f79-be86-46ff-ac14-018f1a426ac7,0,0,0,0,1,0,0,0,0,0,0
58174dd2-7c8a-46eb-98c4-312d774a7968,1,0,0,0,0,0,0,0,0,0,0
581c559c-972b-42e0-951e-75ae8875c01a,0,0,0,0,1,0,0,0,0,0,0
5828c551-934b-4a6b-a1d1-b0fc89bb117a,0,0,0,0,0,1,0,0,0,0,0
582e2977-8d0b-4715-a3ea-431711565ca6,1,0,0,0,0,0,0,0,0,0,0
58342e9e-fc73-4dd8-8704-ca0081c34652,0,0,0,1,0,0,0,0,0,0,0
58395767-07db-440c-8e35-5c1e312cd713,0,0,0,0,0,0,0,0,0,1,0
58398020-2d1a-400c-b242-c3be7c91a50d,0,0,0,0,1,0,0,0,0,0,0
5845dc1d-1b32-4290-b065-cdc1daf6d919,0,0,0,0,0,0,0,1,1,0,0
584639a7-23fb-43a1-9cf6-10d1605bd81b,0,1,0,0,0,0,0,0,0,0,0
58532604-fcea-4b43-ae44-37095bbfbf2e,0,0,0,0,0,0,0,0,0,0,1
58582833-e949-4514-bbd6-e658b9f6066e,0,0,0,0,0,0,0,0,0,0,1
5859c4a0-f6a8-4369-a29d-f8c441934d6e,0,0,0,0,0,0,0,0,0,0,1
585ff2f7-136a-41da-98c4-6aa1fb4c8312,0,0,0,0,1,0,0,0,0,0,0
5861873a-229e-42d5-9626-26dc3f352c37,0,0,0,0,0,0,0,0,0,1,0
5869df66-8c5b-4b47-9152-9a99ecbd797b,0,0,0,0,0,0,0,0,0,1,0
5877496d-e860-43e7-b26b-7738b788e0b9,0,0,0,0,0,0,0,0,0,0,1
587e26b5-ba0a-4350-b530-edf5b75851d6,1,0,0,0,0,0,0,0,0,0,0
587e8f3b-3dc9-4f93-979c-fe344584f0df,0,0,0,0,0,0,0,0,0,0,1
587eb32e-fbab-486c-b3c1-7a4b845600cc,0,0,0,0,0,0,0,0,0,1,0
588e7b7e-173e-4027-b96f-d975c7b55f10,0,0,0,0,0,0,0,0,1,0,0
589e0289-0fff-4e2a-ae54-d0e5f48076de,0,0,0,0,0,0,0,0,0,1,0
589fbfbf-f1fb-45b6-91b7-f4a3c6a83b1a,1,0,0,0,0,0,0,0,0,1,0
58a4d612-e74d-4152-87bb-6582f261c5ca,1,0,0,0,0,0,0,0,0,0,0
58a76349-54a9-4cbf-b227-1ba45423e19b,0,0,0,0,0,0,0,0,0,1,0
58ae91cb-682c-44e7-971d-4bff942ae198,0,0,0,0,0,1,0,0,0,0,0
58e8b59c-e72e-413a-942e-943da45941c6,1,0,0,0,0,0,0,0,1,0,0
58fc93e0-3771-4513-9074-0fd76a2ef975,0,0,0,0,0,0,0,0,1,0,0
5909c26e-7be4-4dbc-b033-136616903845,0,0,0,0,0,0,0,0,0,1,0
5928e1fd-9724-4403-ae80-c67788f5e80d,0,0,0,0,0,0,0,0,0,1,0
592ec572-c865-4c46-91ea-64ced8e08c70,0,0,0,0,1,1,0,0,0,1,0
5935a40e-e85f-4588-9aa7-42460c35d04b,0,0,0,0,0,0,0,0,1,0,0
5935a7f6-eaba-4460-8a3a-8a94a1ff4e10,0,1,0,0,0,0,1,1,0,0,0
5945f11d-bc24-4c88-bf26-389f49aa07d7,0,0,0,0,0,0,0,0,1,0,0
594c3ca0-1573-42bc-b824-bfb409cbb7d7,0,0,0,0,0,0,1,0,0,0,0
594f4a24-39ef-453b-b478-23eb766d2d81,0,0,0,1,0,0,0,0,0,0,0
5951fdbf-edb3-4ed1-a45c-e61f8fa78a46,0,0,0,0,1,0,0,0,0,0,0
59525958-02c3-441b-8cb3-976bd4a0424f,0,0,0,0,0,0,0,0,0,1,0
595c9e7f-545e-4e0d-a639-9bd0db3a7408,0,0,0,1,0,0,0,0,0,0,0
59612a85-e9a5-4e84-b01a-d0d6507b6fda,0,0,0,1,0,0,0,0,0,0,0
59620dfd-2a5c-4960-ade8-3597e43c8e05,0,0,0,0,1,0,0,0,0,0,0
5964c6f1-b637-497c-a92a-4449f47cd7b8,0,0,0,0,1,0,0,0,0,0,0
597d74d9-4b72-4eae-82b6-3faa2d460049,0,0,0,1,0,0,0,0,0,0,0
598d69a0-efaf-47a8-86e6-75d7654b158f,1,0,0,0,0,0,0,0,0,0,0
598e5548-055d-46d0-8ebf-36dceec96df5,0,0,0,0,0,0,0,0,0,1,0
5990a231-3ea5-43b3-b1cc-6ceb9b2b2fe0,0,0,0,0,0,0,0,0,0,1,0
59935467-e25f-4c67-a264-6b10ac770be3,0,0,0,0,0,0,0,0,0,1,0
599358a8-9ef9-4428-adcb-f58cb362ed6c,0,0,0,0,0,0,1,0,0,0,0
59940879-bdf2-404e-9462-63279b14d6b8,0,0,0,0,0,0,0,0,0,0,1
59a802d1-6f37-423a-b240-f4c4e86d5dc0,0,0,0,0,1,0,0,0,0,0,0
59ae4bea-733f-4c5f-ad9f-6d9d0175dfca,0,0,0,0,0,0,0,0,1,0,0
59b76f8c-1efe-4631-ab5d-a201c425c93d,0,0,0,0,0,0,0,0,1,0,0
59bbeb6d-e4d3-43d4-853c-befcc1bc3ae7,0,0,0,1,0,0,0,0,0,0,0
59bf0996-dd65-4c5a-9698-41acbea07633,0,0,0,0,1,0,0,0,0,0,0
59c5113d-1262-4b01-9237-134722b8a3e8,0,0,0,0,0,0,0,0,0,0,1
59c73d82-3d1f-4f90-a844-99e332d4b679,0,0,0,0,0,0,0,0,0,0,1
59cf0e86-c62f-406f-a0d7-ae385874b407,0,0,0,0,0,0,0,0,0,0,1
59e10112-5f37-4e38-ad25-cf4831f4aa14,0,0,0,0,1,0,0,0,0,0,0
59f14e1d-9f52-4f21-a877-138ee46af29c,1,0,0,0,0,0,0,0,0,0,0
59f860d8-6c17-4815-816c-8a167d3ecc46,0,0,0,0,1,0,0,0,0,0,0
59fdf468-13ed-4e5b-ab67-ba42761e48c0,1,0,0,0,0,0,0,0,0,0,0
5a024958-73da-41de-9938-aa188b3d346f,0,0,0,0,0,0,0,0,1,0,0
5a09c10f-a61d-4eb1-af8b-d6ee13fe0094,0,1,0,0,0,0,0,0,0,0,0
5a0b5f1f-98a5-4032-abf5-d480ce4d2f66,1,0,0,0,0,0,0,1,0,0,0
5a112f5b-2f11-4f00-a810-6d39f5f6e0f2,0,0,0,0,0,0,0,0,0,0,1
5a1c5a70-d5c2-4d79-bc61-7f43bc2e5708,0,0,0,1,0,0,0,0,0,0,0
5a269b85-3fd0-407e-9c83-f63ba9852019,0,0,0,0,0,0,1,0,0,0,0
5a294aed-897a-4614-ac73-360134ab193c,0,0,0,0,1,0,0,0,0,0,0
5a34530f-2dfd-4d1b-ba20-23987f925401,1,0,0,0,0,0,0,0,0,0,0
5a35a52d-291d-4793-95ed-bdf554862499,0,0,0,0,0,0,0,0,0,0,1
5a3cf328-b12d-4b3e-bb2a-84f15bf19a2b,1,0,0,0,0,0,0,0,0,0,0
5a408b1a-83fe-4d5d-af2b-a457dc14a125,0,0,0,0,1,0,0,0,0,0,0
5a40aba9-56bc-480a-bc67-be5d1213e17f,1,0,0,0,0,0,0,0,0,0,0
5a43cdf3-5289-410b-b3c9-ed8909b08cfd,0,0,0,0,0,1,0,0,0,1,0
5a48018b-da15-4e6b-8845-0ea2ef52c0a4,0,0,0,0,1,0,0,1,0,1,0
5a4b71b8-ceaa-43d1-bd76-12e436213838,0,0,0,0,0,0,0,0,0,1,0
5a4c34ae-1ffe-4eee-a88f-ff410e230c8d,0,0,0,0,1,0,0,0,0,0,0
5a4c490f-633c-4d67-9a46-c39fdd3efe23,0,0,0,0,1,0,0,0,0,0,0
5a4d0a2d-f6f5-4c27-9b3a-fde24912ed54,1,0,0,0,0,0,0,0,0,0,0
5a4f8ba7-db8f-4e4f-9231-14b56e074020,0,0,0,0,0,0,0,0,1,0,0
5a54751e-7566-4664-bc40-b5cd66078907,0,0,0,0,0,0,1,0,0,0,0
5a6917b1-c32d-43c6-90e6-ac878725afe0,0,0,0,0,0,0,0,0,1,0,0
5a780c58-e4ad-4e51-8f3c-0998aec654c3,1,0,0,0,0,0,0,0,0,0,0
5a7cbe47-47c3-466c-bac0-9eed5e55c750,0,0,0,0,1,0,0,0,0,0,0
5a7cc450-ebdb-487c-81fc-50208f652fc4,0,0,0,0,1,0,0,0,0,0,0
5a8b0e60-343b-4497-9cc0-6499d526b8ec,0,0,0,0,0,1,0,0,0,1,0
5a903d7c-489c-4c00-8cdc-a5ded11432d4,1,0,0,0,0,0,0,0,0,0,0
5a99cc77-3e04-46aa-b69e-59ddb4a735df,0,0,0,0,0,0,0,0,0,1,0
5a9b0432-6c9e-4d00-9787-f9bc7ea5537c,0,0,0,0,0,0,0,0,0,1,0
5abfb21f-c84b-4b3e-a943-4bf67bfa6b8c,0,0,0,0,1,0,0,0,0,0,0
5ac0c3f3-f170-497c-866e-3aaf929cb409,0,0,0,0,1,0,0,0,0,0,0
5acd6fb8-57f0-4217-aaa2-21c91a12b994,1,0,0,0,0,0,0,0,0,0,0
5ad172ce-15b1-43e6-828d-434a89f905b4,0,0,0,0,0,0,0,0,0,0,1
5ad3d461-d17d-47d9-831a-93be5b86b750,0,0,0,0,1,0,0,0,0,0,0
5ad81b1f-4b0a-4f45-91e2-43f64754689a,0,0,0,0,1,0,0,0,0,0,0
5ad89ceb-a38d-4f22-a5fb-7d2d5aa502a8,0,0,0,0,1,0,0,0,0,0,0
5ae2538f-28e7-44e9-ac33-9afd35b48bd7,0,0,0,1,1,0,0,0,0,0,0
5aee9a39-da4f-45d6-b0bd-9aff0b17198b,0,0,0,0,0,0,0,0,0,0,1
5af76dce-1c6f-4ba8-b4af-11db7ff95e4e,0,0,0,0,0,0,0,0,0,1,0
5aff1f12-fa89-4f01-beb3-ecee38679c55,1,0,0,0,0,0,0,0,0,0,0
5b0133dd-b5b8-4c78-9bb5-3f990a270501,1,0,0,0,0,0,0,0,0,0,0
5b0b802e-7f21-467b-ba7d-7c04b0c2217f,0,0,0,0,0,0,0,0,0,0,1
5b15efe2-5a18-446f-82b1-0387f5e3746d,0,0,0,0,0,0,0,0,0,1,0
5b1b894e-5457-47dc-b0db-3b1fa56b79ac,0,0,0,0,1,0,0,0,0,0,0
5b1eec3d-8dfb-469e-a931-3ec3e5974e1b,1,0,0,0,0,0,0,0,0,0,0
5b200565-fcf0-44a4-9528-551cd91af73e,0,0,0,0,1,0,0,0,0,0,0
5b2961bd-af2c-4f8f-bbf8-ca7b146450ee,0,0,0,0,0,0,0,0,0,0,1
5b316850-95fe-4c37-86d3-c3aab68e0116,0,0,0,0,0,1,0,0,1,1,0
5b3a3a5f-80a4-43e4-827b-0ebadfd6e05b,0,0,0,0,0,0,0,0,0,0,1
5b4980e2-df25-48f4-a7fd-d61730d7bd8a,0,0,0,0,0,0,0,0,0,0,1
5b55d111-8940-4a31-8a03-9af6daf1f8aa,0,0,0,0,0,1,0,0,0,1,0
5b5e8649-0408-423b-89db-f47165d97e24,0,0,0,0,0,0,0,0,0,1,0
5b67c475-95e5-4285-9377-727175a7cd97,0,0,1,0,0,0,0,0,0,0,0
5b6fe84a-4d4b-45b5-b953-198815387d8d,1,0,0,0,0,0,0,0,0,0,0
5b717603-ac3b-43ce-98bd-7d86a55c3751,0,0,0,0,0,0,1,0,0,0,0
5b81a189-13a2-4ef0-904f-61bd71a658c8,0,0,0,0,1,0,0,0,0,0,0
5b8458f1-3139-4fd4-ac19-3bf0bc443f76,0,0,0,0,0,0,0,0,0,1,0
5b9003ca-c964-401b-b241-64258b437922,0,0,0,0,0,0,0,0,1,0,0
5b954939-e01b-4156-b4ae-4707b977dffd,0,0,0,0,0,1,0,0,0,0,0
5ba864d1-ea7e-4993-844a-85bac7537b13,0,0,0,0,1,0,0,0,0,0,0
5bb0c894-8132-4860-a1aa-4850d47f4c8d,0,0,0,0,0,0,0,0,0,1,0
5bb5809e-22f9-491f-9dbf-6d5bba5a4e6f,0,0,0,0,1,0,0,0,0,0,0
5bb74b1b-82c8-4ede-a100-fa2e9709ae6c,0,0,0,0,1,0,0,0,0,0,0
5bbc00f3-d01e-4e09-a41a-cb74d85a1093,0,0,0,0,0,0,0,0,0,1,0
5bc93d53-29a5-4be4-9a87-ce0eb88133d1,0,0,0,0,0,0,0,0,0,0,1
5bcc8834-762a-45b1-b676-367c68401722,0,0,0,0,1,0,0,0,0,0,0
5bd3d472-e1c5-4847-947f-e9c0b7a46a81,0,0,1,0,0,0,0,0,0,0,0
5bd79b65-66b8-4f4d-876e-0f7a2b79196c,0,0,0,0,0,0,0,0,0,0,1
5bd96ee0-4f06-46df-83a8-022fef82faeb,0,0,0,0,0,0,0,0,0,0,1
5bdcbc74-1c04-48e5-af8c-a1dc1f1c5225,0,0,0,0,0,1,0,0,0,0,0
5bdda6c5-ddff-4620-8350-3d5866bda4d6,0,0,0,0,1,0,0,0,0,0,0
5be5b907-476c-434f-8b2f-56c732b11c3a,0,0,0,0,0,0,0,0,0,1,0
5c131631-9b52-4f1e-afd6-f82e6a743d06,0,0,0,0,0,1,0,0,0,0,0
5c28a8c5-88d0-4cf5-ac60-97baf8d444ba,0,0,0,0,0,0,0,0,0,1,0
5c359d53-041c-46ae-b06f-87fd40417368,0,0,0,0,0,0,0,0,0,1,0
5c363240-8c34-42e7-a946-15d424827284,1,0,0,0,0,0,0,0,0,0,0
5c3846ab-37cb-48ec-94e1-91d31017e153,0,0,0,0,0,0,0,0,0,0,1
5c403334-aac0-45aa-bee8-8eefacc491b3,0,0,0,0,0,0,0,0,0,1,0
5c457de6-0db5-4296-b12f-5e295a3f1fcd,0,0,0,0,1,0,0,0,0,0,0
5c597748-32d8-4c34-94df-97c3a6c7ee11,0,0,0,0,1,0,0,0,0,0,0
5c5d1ed2-2ab0-45aa-8361-27e18b605027,0,0,0,0,0,0,0,0,0,1,0
5c65f666-f4a1-4ca0-82f7-61c6095fd072,0,0,0,0,1,0,0,0,1,0,0
5c6e83bb-6371-4788-82a4-09c410417c32,0,0,0,0,0,0,0,0,0,1,0
5c77f135-11f8-47f1-aa04-7f53c612c219,0,0,1,1,0,0,0,0,0,0,0
5c7ec567-4478-402e-8ca5-54ab86b33cec,0,0,0,0,0,0,0,0,0,0,1
5c800523-2a0b-4c8e-ae79-f855e8ed3565,0,0,0,0,0,0,1,0,0,0,0
5c84dac5-4a78-4ab5-9480-9a5218b0bcc8,0,1,0,0,1,0,0,0,0,0,0
5c8b50f3-c2b8-4587-86a9-a2d18363719a,0,0,0,1,0,0,0,0,0,0,0
5c8eebbe-4eaa-4b3b-a84c-9b1d602790ba,0,0,0,0,0,0,0,0,0,1,0
5c8f6556-e323-4971-bcfa-4edf4a7e3b87,0,0,0,0,0,0,1,0,0,0,0
5c9e70c0-803c-4d17-9c04-af6f5c081bc5,1,0,0,0,0,0,0,0,0,1,0
5cae5262-ec21-4554-8e1a-26524b9e0150,0,0,0,0,0,0,0,0,1,0,0
5cb0e159-0a60-4ffc-b8f0-ae6c1be686a5,0,0,0,1,0,0,0,0,0,0,0
5cce6525-d5c2-4942-9677-6ebd791b3ae0,0,0,0,1,0,0,0,0,0,0,0
5ccfb5f3-b9b4-4db7-bb52-ba059922cfca,0,0,0,0,0,0,0,0,0,0,1
5cd03865-a1e7-4462-a8d9-eb4ec071b3a3,0,0,0,0,0,0,0,0,0,1,0
5cd7b634-921d-4c89-83a8-63ebcc7f4f80,0,0,0,0,1,0,0,0,0,0,0
5cd7f0e1-6e74-4b3d-9684-b8dec07def77,0,0,0,0,1,0,0,0,0,0,0
5cd87de2-0399-48d6-ba4a-bc246cde849c,0,0,0,0,0,0,0,0,0,1,0
5cdd217d-8a42-404a-90ae-e396485bd088,0,0,0,0,0,1,0,0,0,0,0
5cdde399-8d01-4286-8e25-355e8603a740,0,0,0,0,1,0,0,0,0,0,0
5ce17b9d-751f-4bc1-aed6-3b00d0fd0b88,0,0,0,0,1,0,0,0,0,0,0
5cf8f21c-5319-49d2-8401-108494735e9d,0,0,0,1,0,0,0,1,1,0,0
5d030fe0-60cf-4468-be04-ff3798dbcdc4,0,0,0,0,0,0,1,0,0,0,0
5d0425cb-1ebc-443c-aae2-6f0f2501234b,0,0,0,0,1,0,0,0,0,0,0
5d15c3ff-2f93-431b-9854-d1ff3c3dd38d,0,0,0,0,0,0,0,0,0,1,0
5d1745ed-9d03-4c9e-8c6d-8a5c5a959a09,0,0,0,0,0,0,0,1,0,0,0
5d2283ef-9c99-4e30-9d67-23b807c7d9e2,0,0,0,0,1,0,0,0,0,0,0
5d28ece5-2ce6-45e3-8e52-1a7fe756a3d1,1,0,0,0,0,0,0,0,0,0,0
5d2a10aa-3ff3-4262-bdd0-9d6845f677ba,0,1,0,0,1,1,0,0,0,0,0
5d2b306c-9726-4feb-acab-58c8340887a9,0,0,0,0,0,0,0,0,0,1,0
5d304d03-24da-41ac-b473-95da6fdfea0e,0,0,0,0,0,0,0,0,1,0,0
5d32e6d6-9a6d-4258-9c1e-ad88bbe462ab,0,0,0,0,0,0,0,0,0,1,0
5d34e2f5-749f-4cc2-87cd-62d47ca5be5a,0,0,0,0,0,0,0,0,0,0,1
5d368a47-bfa8-4f4d-a2e2-36d7fa0290c1,0,0,0,0,0,0,1,0,0,0,0
5d43990e-c7eb-487e-a40e-c703f2238e9c,0,0,0,1,0,0,0,0,0,0,0
5d63ff43-e62e-4a6b-ac18-d0d35cfda3c4,0,0,0,0,0,0,0,0,1,0,0
5d67267b-689f-43d2-b8f1-d1c8662d509d,0,0,0,0,0,0,0,0,0,1,0
5d6e13e1-9dcc-4889-ab3b-fb24e5ee0e66,0,0,0,0,1,0,0,0,0,0,0
5d6ead77-b2cd-48ec-8c7b-78cd904fc435,0,0,0,0,1,0,0,0,0,0,0
5d7134b7-559b-4c46-a22f-770fbf4d383f,0,0,0,1,0,0,0,0,0,0,0
5d7eceb7-0c53-44f3-b0f9-102410be5fed,0,0,0,0,1,0,0,0,0,0,0
5d8edc1e-1065-4bc1-a697-121274964053,0,0,0,0,0,0,0,0,0,0,1
5d90c9cb-275b-4298-ac26-f987494cfaf0,0,1,0,0,0,0,0,0,0,0,0
5d9c2140-0bee-4688-9528-0e7db3987fe5,0,0,0,0,1,0,0,0,0,0,0
5d9ddbce-483b-40d7-a5ad-ded68569fb73,0,0,0,0,0,0,0,0,0,0,1
5dae7a07-29eb-445f-b6d0-abc4f6dc7c1f,0,0,0,0,0,0,0,0,0,0,1
5dbf45fe-c592-453b-b207-dcc23619c4e7,0,0,0,0,0,0,0,0,0,0,1
5dc6fc60-40e2-4f42-b316-045788e19582,0,0,0,0,0,0,0,0,0,1,0
5dcd3173-9bb0-4635-a5d0-885758ce63b6,0,0,0,0,0,0,0,0,0,1,0
5ddf48e9-5582-4528-8d7f-ad1f77efc215,0,0,0,0,1,0,0,0,0,0,0
5de78b17-ad3c-4249-80ac-632e39373a66,0,0,0,0,0,0,0,0,0,1,0
5debfc26-3746-4cdf-83a5-8179d8129b7e,0,0,0,1,0,0,0,0,0,0,0
5defdc1e-5c88-4c8a-a715-6b844f87719d,0,0,0,0,0,0,0,0,0,1,0
5e0764d9-29ef-472f-b6f6-0a0b78505b6f,1,0,0,0,0,0,0,0,0,0,0
5e0b6c01-7035-44d4-a213-ca2e5baecb88,0,0,0,0,0,0,0,0,0,0,1
5e0f6a7c-5d91-40ef-a00f-0df8f67c8bd1,0,0,0,0,0,0,0,0,0,0,1
5e150bff-dcd0-4809-b67f-0c3b8513fe64,0,0,0,0,0,0,0,0,0,0,1
5e1586d0-1fad-4eaf-8166-82b378a721a4,0,0,0,0,1,0,0,0,0,0,0
5e22fb96-3a98-499d-8dcf-0f1d8c9ce4d7,0,0,0,0,0,0,0,0,0,0,1
5e2cc647-018a-44d0-9ec4-1081fd50038b,0,0,0,0,0,0,0,0,0,0,1
5e3823a2-706e-430d-a9eb-cda5874aa74c,0,0,0,0,1,0,0,0,0,0,0
5e38f811-0f7b-43c5-b45a-f43ffc09b8d7,1,0,0,0,0,0,0,0,0,0,0
5e435bbd-bfd2-4689-846d-b7b0700ba014,0,0,0,0,0,0,0,0,0,0,1
5e43ee2f-986b-4cb4-8430-f9272629b724,0,0,0,0,1,0,0,0,0,0,0
5e4a0b50-4f51-4d46-b4da-4378eae6d758,0,0,0,0,0,0,0,0,0,1,0
5e4be737-6f9d-4fe2-8038-83cbc065e950,0,0,0,1,0,0,0,0,0,0,0
5e4e3747-826f-4e40-a31c-c56ca8d33ac7,0,0,0,0,1,0,0,0,0,0,0
5e534c84-17a6-41c4-843f-a5b041725ef6,1,0,0,0,0,0,0,0,0,0,0
5e551bec-d284-4c41-986b-7728b7975ad4,0,0,0,0,1,1,1,0,0,0,0
5e56684c-ff34-424b-bac3-89696130388a,0,0,0,0,0,0,0,0,0,1,0
5e5839d0-f991-4679-b4a5-7e1479c43e45,0,0,0,0,1,0,0,0,0,0,0
5e58cd9b-aef9-4ce4-bca8-8935bcc10d61,0,0,0,0,0,0,0,0,0,1,0
5e5b9e60-7037-4964-b7d2-aecd27ad2740,0,0,0,0,0,0,0,0,1,0,0
5e639e13-c1e8-4f8d-afca-d4a45e671829,0,0,0,0,1,0,0,0,0,0,0
5e6404bc-b5dd-43d1-bee5-37c3123d7db5,0,0,0,0,0,0,0,0,0,1,0
5e6478b0-9b72-4453-ae0c-b5d782943dc5,0,0,0,0,0,0,0,0,0,0,1
5e6e1123-b0ed-495d-b901-5ec216689aab,0,0,0,0,1,0,0,0,0,0,0
5e75a4f9-6f02-4e86-8714-04de16860a80,0,0,0,0,0,0,0,0,1,0,0
5e79281f-e26b-41e2-9243-c1b5300c7125,0,0,0,0,1,0,0,0,0,0,0
5e99c938-ffc4-486f-b006-1e4fce1c6399,0,0,0,0,1,0,0,0,0,0,0
5e9f692f-99b6-4a3f-b16a-67a50776c5e5,0,0,0,0,0,0,0,0,0,1,0
5e9fb32d-1174-44f6-bde0-d3f026b666a9,0,0,0,0,1,0,0,0,0,0,0
5ea9a0da-fb6f-44df-adc8-259a931768ac,1,0,0,1,0,0,0,0,0,0,0
5ecc4d57-0397-48fa-b278-7c1ded6119fa,0,0,0,0,0,0,0,0,0,0,1
5ecd4a79-b687-4e08-b24e-b2bc9f131eb4,0,0,0,0,0,0,1,0,0,0,0
5ee82734-1edc-40ce-95cf-141df3769fde,0,0,0,0,1,0,0,0,0,0,0
5eebb540-35d6-4714-b4e3-f3a5d82b812e,0,0,0,0,0,0,0,0,0,0,1
5eef013c-bdb2-49c7-8038-e0f96d36b25e,1,0,0,0,0,0,0,0,0,0,0
5eefa6dd-37ce-4378-9fa6-7289176cda9f,0,0,0,0,1,0,0,0,0,0,0
5ef041cb-d2a4-415c-982b-8e4cdb54aaf8,0,0,0,0,1,0,0,0,0,0,0
5f081d96-bba3-43c2-99fe-6fa7560b87c3,0,0,0,0,0,1,0,0,0,1,0
5f0b804a-8ff5-488f-8aae-777516d22631,0,1,1,1,0,0,1,0,0,1,0
5f159781-cbe7-4c85-a07a-e0b0e666a52b,0,0,0,0,0,0,0,0,0,0,1
5f1be3b7-7c90-47e5-ad81-bb9565714401,0,0,0,1,0,0,0,0,0,1,0
5f1dce01-ccde-42d5-bf3b-a5e52126a01b,0,0,0,0,1,0,0,0,0,0,0
5f242519-3232-4003-955c-4d37bf1db85a,0,0,0,0,0,0,0,0,0,0,1
5f2fe0b7-f23e-4d34-86f0-182937ea2c4d,0,0,0,0,1,0,0,0,0,0,0
5f2ff7fb-eeb6-4faa-b7ea-bf6a7cb5caa0,0,0,0,0,1,0,0,0,0,0,0
5f3621cf-59a3-424d-b3a2-ef268ed2f592,0,0,0,0,0,0,0,0,0,1,0
5f4df37d-c01e-4f74-8b5b-eeb5c2ca4e28,0,0,0,0,0,0,0,0,1,0,0
5f56a4b6-11a7-45ec-becf-e81f9b013a6f,1,0,0,0,0,0,0,0,0,0,0
5f6c3e09-7e66-429b-8816-e8ed45bb0e89,1,0,0,0,0,0,0,0,0,0,0
5f6fb3ba-4eb8-4b58-9509-c9bdc70dfa1d,1,0,0,0,0,0,0,0,0,0,0
5f74fdb0-385e-45f3-96c0-67c98d10e609,0,0,0,0,1,0,0,0,0,1,0
5f7a5efc-e8ad-48b3-8a6a-5399ebd333ca,1,0,0,0,0,0,0,0,1,0,0
5f7a78f5-9e09-4999-89ac-b9db00fa53c0,0,0,0,0,0,0,0,0,0,1,0
5f7ab456-d9d3-44a9-8dbd-80e54194e384,0,0,0,0,0,0,1,0,0,0,0
5f7cb5fc-f96b-4629-8be9-0d3359e5d836,0,0,0,0,1,0,0,0,0,0,0
5f846b55-0373-4639-b48d-567760928342,0,0,0,0,0,0,1,0,0,0,0
5f91c6ac-d6a5-4916-ad2e-e06b9fa89d4f,1,0,0,0,0,0,0,0,0,0,0
5f96f6d9-65d3-4f38-837c-9490ae9001b2,0,0,0,0,1,0,0,0,0,0,0
5f9d39d8-01a1-4c6a-8df6-54305e158a2a,1,0,0,0,0,0,0,0,0,0,0
5f9f6ed5-4fcf-4959-a468-aec3984bf431,0,0,0,0,1,0,0,0,0,0,0
5fa0a82b-9cde-422d-9e7a-c9efce7caa5c,0,0,0,0,0,1,0,0,0,1,0
5fa0f7ce-0f26-4c8f-8269-4d24b6d8626a,0,0,0,0,0,0,0,1,1,0,0
5faf0430-46f3-4625-9975-43b47f47ee55,0,0,0,0,0,0,0,0,0,1,0
5fb0ec94-a404-45c4-91c7-26a76f64061b,1,0,0,1,0,0,0,0,0,1,0
5fb25d82-37d4-440d-862e-06a979d53460,0,0,0,0,0,0,0,0,1,0,0
5fbe5555-28c5-48c1-8da3-7865561b8fd7,0,0,0,0,0,0,0,0,0,1,0
5fbfe79c-de28-4d14-8cc6-4fe94393f9e7,0,0,0,1,0,0,0,0,0,0,0
5fcb21a3-6223-4ed4-bd39-1ee7c5ad6ea8,0,0,0,0,0,0,0,0,1,0,0
5fcf7379-50c0-47bd-8bc3-37d47b647fc8,0,1,0,1,0,1,0,0,0,0,0
5fd3ccaa-c222-4780-b0c0-cebd6e90b830,0,0,0,1,0,0,0,0,0,0,0
5fd5bdea-486e-4eef-a1af-55253b5be163,0,0,0,0,1,0,0,0,0,0,0
5fd942b9-cb9d-4c66-a786-532ff8752df7,0,0,0,0,0,0,1,0,0,0,0
5fdd8759-76b2-4d68-897b-74fb229e2c7c,0,0,0,1,0,0,0,0,0,0,0
5fe78d3d-a2d6-4b5a-b010-74cf46dfbb33,0,0,0,0,0,0,0,0,0,1,0
5fec7f76-345c-4a1c-8aad-e989af4044b8,0,0,0,0,0,0,0,0,0,1,0
5ff3c3c3-60b2-4440-9db3-392c79d25d7a,0,0,1,1,0,0,0,0,0,0,0
5ff8f295-abcf-4680-84a8-bde8a2254736,0,0,0,0,1,0,0,0,0,0,0
5ffa73e6-1b6b-45dd-8bc3-ce9bc14e9f3f,1,0,0,0,0,0,0,0,0,1,0
60029b12-a6a6-44a0-8910-5eb03f722eb4,0,0,0,0,0,0,0,0,0,0,1
600775e2-82af-4c7b-b1d1-05359fef7de0,0,0,0,0,0,1,0,0,0,1,0
600d5869-b7a8-4741-b148-0c7f29ba04a5,0,0,0,0,0,0,0,0,0,0,1
600d921f-f99c-41fc-9756-56d6965bbc5e,1,0,0,0,0,0,0,0,0,0,0
600ee49f-bdbc-4da1-9ffd-fa18ad417e80,0,0,0,0,0,0,0,0,0,0,1
60121a1f-7f04-4973-bb63-9430096ff87b,0,0,1,0,0,0,0,0,0,0,0
601c3440-fb84-470c-b301-22f4e0f80686,0,0,0,1,0,0,0,0,0,0,0
601f5dc0-71ed-4d43-9d77-c0da82a360ba,1,0,0,0,0,0,0,0,1,0,0
602e9735-864c-4628-ac36-2078a8be2300,0,0,0,0,0,0,0,0,0,0,1
60412440-e6a7-47cf-9985-a53b7b502397,0,0,0,0,0,1,0,0,0,0,0
60421e78-8724-416f-a46c-dcb927c8e152,0,0,0,0,1,0,0,0,0,0,0
60492130-1ed1-41c8-8467-87b22402b0e7,0,0,0,0,0,0,0,0,0,0,1
604a9399-8ee2-4ef5-9453-68ed2255492e,0,1,0,0,1,0,0,0,0,0,0
604d16fb-4622-4eee-a8c8-3162d7e9c662,0,0,0,0,1,0,0,0,0,0,0
604e8737-4f77-44a0-813d-e050a884a336,0,0,0,0,0,0,0,0,0,0,1
60518421-82f2-490c-84d9-29071953ea3a,0,0,0,0,0,0,0,0,0,1,0
6057d8af-0cf0-497e-9c5d-4a9938bb2fa1,0,0,0,0,1,0,0,0,0,0,0
6067b41a-ffbc-4fb9-a499-dbe65b93e531,0,0,0,0,0,1,0,0,0,1,0
60699232-09ed-4ae3-94e7-1327275cb94c,0,0,0,0,1,0,0,0,0,0,0
607357c7-a1fb-4368-95d8-ce28162476f3,0,0,0,0,0,0,0,0,1,0,0
60772eda-a7f0-4a0e-b12d-cbf5927823ec,0,0,0,0,0,0,1,0,0,0,0
607aa446-9c9a-4c26-aae2-dc02233f8d11,0,0,0,0,0,0,0,0,0,0,1
607cf7ee-c585-472a-b1fd-57860c1abaf1,0,0,0,0,0,0,0,0,0,1,0
609ca8c1-4cd2-4a43-b68b-0da1f255a628,0,0,0,0,1,0,0,0,0,0,0
60a9a4f8-25de-4517-b09c-404b202e3f08,0,0,0,0,0,0,0,0,0,1,0
60ad72d2-41db-43a3-ad36-430e5515b0cd,0,0,0,0,0,0,0,0,0,0,1
60ae5452-5b96-4726-8ecd-ace8e2208246,1,0,0,0,0,1,0,0,0,0,0
60af1d83-e5c7-499d-9adf-8fbe6e243f85,0,0,0,1,0,0,0,0,0,1,0
60b1ba1e-c91e-4ea2-bdbb-46627959f82a,0,0,0,0,0,0,1,0,0,1,0
60c00b2d-2090-4f90-b060-77c14c66cfd9,0,1,0,0,1,0,0,0,0,0,0
60c7a76b-1b73-4e2e-afad-9e0deac9f10b,1,0,0,0,0,0,0,0,0,0,0
60c96a5c-9322-4e3b-a84b-91456b0bcb9d,0,0,0,0,0,0,0,0,1,1,0
60db3f9e-b06f-4eee-a31e-5845f42a0f5f,1,0,0,1,0,1,0,0,0,1,0
60e209f9-21fa-4a2e-91b5-a192879573ac,1,0,0,0,0,0,0,0,0,1,0
60ebb353-1014-44b4-84cc-456afe6477b6,0,0,0,0,1,0,0,0,0,0,0
60f51471-57b9-48f6-a33f-874938047c10,0,0,0,0,0,0,0,0,0,0,1
60f8b307-577b-43f4-8343-e493ed7dde8e,0,0,0,0,1,0,0,0,0,0,0
60fbfcc8-1957-4181-961d-b5110bd6fb46,1,0,0,0,0,0,0,0,0,0,0
610b5d64-f3a7-4226-a59d-64ca72c47058,0,0,0,0,1,0,0,0,0,0,0
6112d633-15fb-4406-af66-17e8daaa8603,0,0,0,0,1,0,0,0,0,0,0
611336f7-5106-4741-8b08-6c437fd52432,0,0,0,0,1,0,0,0,0,0,0
61186684-54d6-47cb-a6ea-ba110667bfe1,1,0,0,0,0,0,0,0,0,0,0
611f123a-1ce1-4657-acf8-935238635ba8,0,0,0,0,1,0,0,0,0,0,0
612111b9-9bca-4d56-9d94-bbad3dadf549,0,0,0,0,0,0,0,0,0,1,0
6121cf65-2baa-49e9-beb5-d2fece465829,0,0,0,1,0,0,0,0,0,0,0
613729f6-26f0-4836-a956-67f35b4417a2,0,0,0,0,1,0,1,0,0,0,0
613e8851-2f10-4e16-8428-67919c2d720d,0,0,0,0,0,0,0,0,0,0,1
61442b2f-78c8-4c35-99fd-a698c90a4238,1,0,0,0,0,0,0,0,0,1,0
6146dde4-0390-4a79-9202-7104c1cf20cf,0,1,0,0,1,0,0,0,0,0,0
61482494-60f9-4590-89f9-f54981a51097,0,0,0,0,0,1,0,0,0,1,0
614d1932-8bf6-4134-a968-0f445a62613b,0,0,0,1,0,0,0,0,0,0,0
614ffd97-140a-43c9-a5a4-cf7accd45966,0,0,0,0,0,0,1,0,0,0,0
6153787e-dd97-45b9-aeb8-30e66190de34,0,0,0,0,0,0,0,0,0,1,0
61559b20-7ee0-4ea0-81df-d2433edb8558,0,0,0,0,0,0,0,0,0,0,1
6167a873-3402-4e0c-908b-596bdbaa070a,0,0,0,0,0,0,0,0,0,1,0
6170074c-7506-4c9a-92cb-a8bf66fd0b8f,0,0,0,0,1,0,0,0,0,0,0
61760b9d-fed0-4479-89e1-38edcc71b7a4,1,0,0,0,0,0,0,0,0,0,0
6179882c-3dad-4eb2-aea5-8acf42f0b1ec,0,0,0,0,0,0,0,0,1,0,0
6181a14b-d212-4913-afa4-e2a8ff3c3cce,0,0,0,0,1,0,0,0,0,0,0
61857ac7-ed01-4940-9f49-6e96f3edd654,0,0,0,0,0,0,0,0,0,0,1
61921873-14e9-4063-90fb-ffc662836079,0,0,0,0,0,0,0,0,0,1,0
6196a1c4-a7bc-4909-bb3d-28fba445df8f,0,0,0,0,0,1,0,0,0,0,0
61a924fb-f5d4-451d-a075-7789e99465a9,0,0,0,0,1,0,0,0,0,0,0
61c1b069-50b9-49ff-a1cd-b00cfc6cd1e9,0,0,0,0,1,0,0,0,0,0,0
61cb0868-6ea7-429f-9aef-8f6ed00de6d1,0,0,0,0,1,0,0,0,0,0,0
61cb663b-ec9c-4098-9ba4-6d5824995f84,0,0,0,0,0,0,0,0,1,0,0
61d26967-f9f9-4625-99d0-e2898a67476b,0,1,0,0,0,0,0,0,0,0,0
61eb8276-3e99-48c8-8153-d6d04a50d0ec,0,0,0,0,0,0,0,0,0,0,1
61f70c9c-9204-44d9-8664-c0152ee2fdfe,0,0,0,0,0,0,0,0,0,1,0
61fb4c5d-7861-4633-86e3-52f41050d8c9,0,1,0,0,0,0,0,0,0,0,0
6204372d-5132-4b9d-969e-a930a6915aa0,0,0,0,0,0,0,0,0,1,0,0
6205ad7d-5055-4fbb-9a28-9cdab095ad44,1,0,0,0,0,0,0,0,0,0,0
6209de21-4447-4330-9213-e2a9886d238c,1,0,0,0,0,0,0,0,0,1,0
62160469-bdf9-4731-8a3e-b33be7a88fa6,0,0,0,0,0,0,1,0,0,0,0
6221e469-0713-4bf1-86a2-bdc5acba672c,0,0,0,0,0,0,1,0,0,0,0
62260011-2da0-4076-912a-b9b64e602c56,0,0,0,1,0,0,0,0,0,0,0
625670d1-879c-4823-843a-7eb61dbb895e,0,0,0,0,0,0,0,0,0,1,0
6256889b-b71a-43cd-905e-d641cb453525,0,0,0,0,1,0,0,0,0,0,0
62591ad7-5ed1-46f9-a252-c9da5bce2d9d,1,0,0,0,0,0,0,0,0,0,0
625d449c-d8d2-4a72-b5a0-407a0dd23d9d,0,0,0,0,1,0,0,0,0,0,0
625f4350-8fda-41e1-bdab-9b7074bce5f1,0,0,0,0,1,0,0,0,0,0,0
6269d859-684b-415d-9a08-e9bdfc6fc1e6,0,0,0,0,1,0,0,0,0,0,0
62701f3c-588d-4c20-b4eb-c5df409c564b,0,0,1,1,0,0,1,1,0,0,0
62768084-9c65-4a1c-bd4e-6915cd3acb43,0,0,0,1,0,0,0,0,0,0,0
6286bb39-7384-46d8-b9be-a331ba298801,0,0,0,1,0,0,0,0,0,0,0
628a05c9-dc02-4e07-8b17-387acee4aa95,0,0,0,0,1,0,0,0,0,0,0
62902c68-5d05-48e9-9179-d30cfe564429,0,0,0,0,0,0,0,0,0,0,1
62986ec6-a831-48cd-8764-eafb56d7427b,0,0,0,0,1,0,0,0,0,0,0
629c3ff5-8ecc-4a21-9df5-ce01c6ea8287,0,0,0,0,0,0,1,0,0,0,0
62b1c31a-05a1-4351-85f7-3d4796e62392,0,0,0,1,1,0,0,0,0,0,0
62b6d502-57c2-46d9-a680-67c7e88e979b,0,0,0,0,0,0,0,0,1,0,0
62bb328b-c903-440c-bb8b-b42df2d4f1db,0,0,0,1,0,0,0,0,0,0,0
62c9ac55-9910-4acd-8c08-dd952c0215cc,0,0,0,0,0,1,0,0,0,0,0
62dc0ede-087b-4356-83ef-3324cabe6ef4,0,0,0,0,0,0,0,0,0,1,0
62e02554-52fa-4f6c-b79c-9aa10fe290fd,0,0,0,0,0,0,0,0,0,1,0
62e58fe2-04a6-4cd7-93f0-5cbb8e5f20b2,1,0,0,0,0,0,0,0,0,0,0
62eec800-5cc7-446f-857e-d152ffb62fc4,1,0,0,0,0,0,0,0,0,0,0
62f8f64d-2dc7-4baf-bff0-8fdc848f517c,1,0,0,0,0,0,0,0,0,1,0
630a41a5-f0d1-4e41-a37b-9a884b6ef623,0,0,0,0,0,0,0,0,0,0,1
630f50ff-ca9d-4e84-a4cc-26ae0d9e3579,0,0,0,0,0,0,0,0,0,0,1
631b87e6-16c7-4a42-8745-b1d97e9d3a84,0,0,0,0,0,0,0,0,0,0,1
631cad48-f554-4f2d-b2b0-2b36288ab286,0,0,0,0,0,0,1,1,0,0,0
6322c459-5c59-4131-8c57-c7410552136d,0,0,0,0,0,0,0,0,0,1,0
632a3023-2041-4d86-8fa6-9b1e2093155b,0,0,0,0,0,0,0,0,0,0,1
632d2304-d7ef-49d4-aa28-6433e55094ec,0,0,0,0,0,0,0,0,0,1,0
6330d7b6-fc81-44b0-98ea-3c1e6979f47d,0,0,0,0,1,0,0,0,0,0,0
633de441-4668-4059-bf05-dabb7d6ccc86,0,0,0,0,0,0,0,0,0,1,0
6340d743-2f52-4851-af3f-3d948f1b3079,0,1,0,0,0,0,0,0,0,0,0
63430ae0-b40f-4f88-ab89-30092a0c7bc4,0,0,0,0,1,0,0,0,0,0,0
6351d06f-a748-4f42-a32c-3ffc0965cb43,0,0,0,0,0,0,0,0,0,1,0
6355202b-9728-46a8-96e1-82e492d8230b,1,0,0,0,0,0,0,0,0,0,0
63703dcf-69eb-4944-88ed-4316e8429f00,0,0,0,0,0,0,0,0,0,0,1
63785be8-4fcf-4b42-beb8-2b633f05974d,0,0,0,0,0,1,0,0,0,1,0
6378ee43-4a4f-4bf9-99b9-6ee642b920bf,0,0,0,1,0,0,0,0,0,0,0
637d4c89-d4cf-4c11-b8d1-0084f7ec9509,0,0,0,0,1,0,0,0,0,0,0
6381a0dd-c6eb-4bc6-a81f-e5bfb975fa9c,0,0,0,0,0,0,0,0,0,1,0
6381b04c-052d-4742-bfab-42edf3250836,0,0,0,0,0,0,0,0,0,1,0
638bb56e-3eed-43d1-b7fa-416f0e6caedb,0,0,0,0,0,0,0,0,0,1,0
6394a524-5ce7-43d2-9ae3-4b42b08855c8,0,0,0,1,0,0,0,0,0,0,0
639aea1e-5a65-4090-bed1-edc3b636bab0,0,0,0,0,1,0,0,0,0,0,0
63b0d9c1-6fff-480f-b8d5-5f6540f048c1,0,0,0,0,1,0,0,0,1,0,0
63b17aa4-43d8-4fa5-9e0b-1b549b69feb6,0,0,0,0,0,0,0,0,0,0,1
63b8be9e-b154-41ab-ad41-693864f12b9d,0,0,0,0,0,0,0,0,0,0,1
63c0f8b5-3eba-4977-b25a-6b15e73816ab,0,0,0,0,0,0,0,0,0,0,1
63c14f61-887a-452d-8942-607a9c834eac,0,0,0,0,0,0,0,0,0,1,0
63c2ddef-1906-4c48-9a26-ca9f33744cd6,0,0,0,0,0,0,0,0,0,1,0
63ce1d6f-eba3-4b4f-9a78-838594164091,0,0,0,0,0,0,1,0,0,0,0
63d082c0-cd9f-4255-9cf0-d38a599c7eac,0,0,0,0,1,0,0,0,0,0,0
63d2e837-e886-4bd6-ae2b-5801c0d359c1,0,0,0,0,0,0,0,0,0,1,0
63d984ce-dfbf-48fe-a21c-5f1005af5af1,0,0,0,0,1,0,0,0,0,0,0
63e0dfaa-f820-4365-8b22-02997884098c,0,0,0,0,1,1,0,0,0,0,0
63e67003-ea2e-4971-87a0-479461318865,0,0,0,0,0,1,0,0,0,0,0
63e761ac-6751-4a5c-8864-b539de5082f6,0,0,0,0,1,0,0,0,0,1,0
63edf07d-13ac-4b14-af84-590aebd39996,0,0,0,0,0,0,0,0,0,1,0
63f1c1d5-4cf6-49ec-b66a-577096accda6,1,0,0,0,0,0,0,0,1,0,0
63f28b57-dfec-4201-88ee-c54eb23e2b7e,0,1,0,1,0,0,0,0,0,0,0
63f8f804-c2f3-403e-bc6f-0fc9745fb17e,0,0,0,0,0,0,0,0,1,0,0
63fa27a5-1d1c-4892-89b8-8a48f2ae598a,0,0,0,1,0,0,0,0,0,0,0
63ff4f8f-5a31-440f-a4a3-97b7e2f5fe36,1,0,0,0,0,0,0,0,0,0,0
6401b2d4-562f-4447-9286-bb4665f3f6a7,0,0,0,1,0,0,0,0,1,0,0
6405a587-6de9-45f9-8c74-8cf3b94b7f84,0,0,0,0,0,0,0,0,1,0,0
641a058d-ed75-410b-a0f4-427dfdc8353c,0,0,0,1,0,0,0,0,0,0,0
641f4388-ce37-47f0-8bdd-d9c938257620,0,0,0,1,0,0,0,0,0,0,0
642220c4-6bcc-4367-a27a-11ebc5313af4,0,0,0,0,1,0,0,0,0,0,0
642984c5-3a66-466e-bc33-6d62df37cc6f,0,0,0,0,0,0,0,0,1,0,0
64322f4a-0a00-417b-8c08-8856bc03304b,0,0,0,0,1,0,0,0,0,0,0
64344147-8bf0-4f96-9af4-69245bb1d569,0,0,0,0,1,1,0,0,0,0,0
6434ac81-1902-4804-98be-ca1fa0d3e738,0,0,0,0,1,0,0,0,0,0,0
64353e00-296c-47e0-9391-37a281b2c84e,0,0,0,0,0,0,0,0,0,0,1
64414040-f349-4963-b9ae-4c0038dd4a06,0,0,0,0,0,0,0,0,1,0,0
644913ef-9399-4ef3-8e19-d44fb8d14767,1,0,0,0,0,0,0,0,0,0,0
644ae2a3-ec38-490a-8494-ae011acee5b1,0,0,0,0,0,0,0,0,0,0,1
644af6e4-17d6-406a-8671-3a2cae5e93f1,0,0,0,0,0,1,0,0,0,0,0
64562682-bcfd-4ff3-addf-17f0d101e62b,0,0,0,0,0,0,0,0,0,1,0
6458be2a-58cd-4120-9b08-273182c7574f,0,0,0,0,0,0,0,0,0,1,0
646ba1c9-6ca0-4368-8329-73631d153847,0,0,0,0,0,0,0,0,0,1,0
64735d74-2714-486d-9832-9ca361ffd851,0,0,0,0,0,0,0,0,0,1,0
64738b0e-4c82-4561-9b1f-a9f472131d2e,0,0,0,0,1,0,0,0,0,0,0
6478b2be-6063-484a-abb2-ba602bad784c,0,0,0,0,1,0,0,0,0,0,0
647937d2-ab35-45c9-9660-f9e81cafc557,0,0,0,1,0,0,0,0,0,0,0
6479fa1c-a179-4fe7-8381-a9a4ebd408e4,0,0,0,0,1,0,0,0,0,0,0
647db56e-9e82-4472-8dc9-f0d882531cd3,0,0,0,0,1,0,0,0,0,0,0
648174d5-8e64-41af-bfcc-09250f71e2d5,0,0,0,1,0,0,0,0,0,0,0
64839257-9479-4e05-9479-417f33d7d182,0,0,0,0,0,0,0,0,0,1,0
6491d66b-c520-4b9f-96c2-b778446f4cbc,0,0,0,0,0,0,0,0,0,1,0
64947f44-9a21-4780-90ab-4c42c9acfe7a,0,0,0,0,1,0,0,0,0,0,0
64ab1f57-c72e-4919-9ded-3e9a383dcbee,0,0,0,0,0,0,0,0,1,0,0
64ad2f79-d363-4c5b-a727-8ba6c87afbfa,0,0,0,1,0,0,0,0,0,0,0
64af2017-4bcc-4262-8ab3-6f66b7cf286c,0,0,0,0,1,0,0,0,0,0,0
64b07398-dbb6-44a4-9b27-f2799ba13f7c,0,0,0,0,0,0,1,0,0,0,0
64b3201b-b510-40d1-986a-9ea1d064019f,0,0,0,0,1,0,0,0,0,0,0
64cbfe2f-32f8-4f0b-a70f-0756917c63f6,0,0,0,0,1,0,0,0,0,0,0
64d2fd76-d64d-4661-8748-bb457dfb17fb,0,0,0,0,1,0,0,0,0,0,0
64d579ef-bb45-4f66-bddd-5785cf5a939e,0,0,0,0,0,0,0,0,1,0,0
64d877e9-36fc-4726-9937-429c7266fcee,0,1,0,0,0,0,0,0,0,0,0
64d991c2-1a85-4af6-aa6c-be1767e790ec,0,0,0,0,1,0,0,0,0,0,0
64e12ddc-c9fb-4716-92eb-037574a8fce1,0,0,0,0,0,0,0,0,0,1,0
64ea41ba-1782-4918-b2c3-3252447023d7,0,0,0,0,0,0,0,0,0,0,1
64ea4df6-ad42-4949-aeda-202c76cd6e16,0,0,0,0,1,0,0,0,0,0,0
64f2dc01-557f-489e-8fc4-b38e81ae4a15,1,0,0,0,0,0,0,0,0,1,0
64f3ef9b-e6d5-4dbf-9247-2625676138ee,0,0,0,0,0,0,0,0,1,0,0
64f47780-086d-46f4-a59d-49c8ecdd839f,0,0,0,0,0,0,0,0,0,0,1
64ff87b9-15ba-4789-b6a7-ee8454a4c52f,0,0,0,0,1,0,0,0,0,0,0
64ffb077-b5e1-4981-b420-b6bee5a1abdc,1,0,0,0,0,0,0,0,0,1,0
65080ae6-3347-4f63-be16-9cac2723a8dc,0,0,0,0,0,0,0,0,0,1,0
650afd34-66d2-4d44-84d3-36a8b84bb730,0,0,0,0,0,0,1,0,0,0,0
650bc2c1-c190-4bfe-ab1b-064cb661287b,0,0,0,0,0,0,0,0,0,1,0
652023da-094d-492c-a18f-e86fb92236d5,0,0,0,0,0,0,0,0,0,0,1
652ac3c3-96df-429f-b69a-a29d76582abc,1,0,0,0,0,0,0,0,0,0,0
652b995c-0de3-4ffc-8c38-e535b21e42a2,0,0,0,0,0,0,0,0,0,1,0
65315953-e70e-4465-b8af-0fc704cf7a3f,0,0,0,0,1,0,0,0,0,0,0
65498006-93d3-43a1-b93a-e9ed4f269d14,0,0,0,0,0,0,0,0,0,0,1
654bba8b-5a0d-460e-95fa-8ec2b4a19a5c,0,0,0,0,0,0,1,0,0,0,0
656e6af8-351e-41bd-9248-938c8b5a8af1,0,0,0,1,0,0,0,0,0,0,0
65754b30-477c-4268-9b88-065ac88c346a,1,0,0,0,0,0,0,0,0,0,0
6576ef4d-9d34-4fe6-babe-d0f840e53a1e,0,0,0,0,0,0,1,0,0,0,0
657afb56-2716-4760-85d1-6d0e52755efc,0,0,0,0,0,0,0,0,0,1,0
65885acc-6cca-4718-9f21-8031ba172a41,0,0,0,1,0,0,0,0,0,0,0
658a5e11-b1ed-472a-98a4-13e2ce197ad8,0,0,0,1,0,0,0,0,0,0,0
658b3d73-8343-42de-97c3-e5a420bb5857,0,0,0,0,0,0,0,0,0,0,1
658ce81e-e033-4f8f-91ff-63d0e6fee51c,0,0,0,0,0,0,0,0,0,0,1
6594c2ee-cd45-4523-8d3d-c3c56d531fdd,0,0,0,1,1,1,0,0,0,0,0
6595f21a-096d-42fe-af52-7c69de359dd5,0,0,0,0,1,0,0,0,0,0,0
659e0f3c-df67-4da7-875d-3c1dde685cdb,0,0,0,1,0,0,0,0,1,0,0
65a14303-45a3-403a-ae69-14f5cffef5b7,0,0,0,0,0,0,0,0,1,0,0
65a4058f-8ea7-4460-b5ae-ea1403fbfb8f,0,0,0,0,1,0,0,0,0,0,0
65a6ae38-14e0-45ca-8eeb-43c00c87e1e2,0,0,0,0,0,0,0,0,0,1,0
65afe20c-3b50-414a-81a4-7d4bfc7f8d86,0,0,0,0,0,1,0,0,1,0,0
65b9a40f-5549-4074-9ba4-ae4167c4ae9a,0,0,0,1,0,0,0,0,0,0,0
65c23426-5a78-483a-bc0a-b1576561995b,0,0,0,0,1,0,0,0,0,0,0
65c8cd94-91a3-4c41-8cd9-aba4f2254cf5,0,0,0,0,0,0,0,0,0,1,0
65cb9947-fc50-4beb-8cb6-776adf846a88,1,0,0,0,0,0,0,0,1,0,0
65cd5bad-1e87-4f9f-88f9-5c06e3b8c4db,0,0,0,1,0,0,0,0,0,0,0
65ceca05-75a1-4f3a-8b37-d58deb748786,0,0,0,0,0,1,0,0,0,0,0
65ceef4c-027e-4566-8b34-68ad5e902291,0,0,0,0,0,0,0,0,0,0,1
65d3f7db-6fcb-4fc9-a5c4-848c81ab9bdc,0,0,0,1,0,0,0,0,0,0,0
65d679d4-be08-4e45-bc27-56a019e7887c,0,0,0,0,0,0,0,0,0,1,0
65e792df-8c1b-446a-94f2-abfd6f064d92,0,0,0,0,0,0,0,0,0,0,1
65f71e2b-de18-46fd-9a83-9e03fd05ff37,0,0,0,0,1,0,0,0,0,0,0
65feb7a9-816b-434c-afeb-398795bc886d,0,1,0,0,0,0,0,0,0,0,0
66007f7f-143b-4f27-bf48-fddf5cd766dd,0,0,0,0,0,0,0,0,0,0,1
660a5f3f-d8fb-49d4-85aa-fabfaeaaa6f0,0,0,0,0,1,0,0,0,0,1,0
66157e65-9ca2-445f-bef9-3930fbc1c04c,0,0,0,0,0,0,0,0,1,0,0
6615c49f-4c96-4f3d-8684-b0cbe5d3cbeb,1,0,0,0,0,0,0,0,0,0,0
6618cdd2-4cbc-4abe-8206-b28509804a16,0,0,0,0,0,0,0,0,0,1,0
661e15ae-aae9-4dd4-b37a-037d31e153f4,0,0,0,0,1,0,0,0,0,0,0
66297928-9729-40c3-b32c-9b50a42ea659,0,0,0,0,0,0,0,0,0,1,0
6629efd4-541c-4d71-aa2d-c5a05f06b42d,0,0,0,0,0,0,0,0,0,0,1
663bf940-f59a-4867-845c-59ca71d51134,0,0,0,0,1,0,0,0,0,0,0
6644153d-d9fc-4b14-b7f3-23e8b992c650,0,0,0,0,1,0,0,0,0,0,0
66483555-c820-405f-9665-aea86ee879ba,0,0,0,0,1,0,0,0,0,0,0
66488d9d-4e77-4669-bc86-8ef0d1790fd3,0,0,0,1,0,0,0,0,0,0,0
664cfb3e-e5ee-49a7-b174-9e7e0ac47c51,0,0,0,0,0,0,0,0,0,0,1
6657258f-db4d-4825-b119-0c34b41fd9e9,0,0,0,0,0,0,0,0,0,1,0
6657ad2a-7d91-41b1-8361-f638d270bd7e,0,0,0,0,1,0,0,0,0,0,0
665be6a9-1e6d-414a-8633-290918b29089,0,0,0,0,0,0,0,0,0,0,1
665ec3e8-ea8d-4b53-b1f5-1b7cf71161ef,0,0,0,0,0,0,1,0,0,0,0
66689a6d-7d33-4509-ad3e-087e7d20c38f,0,0,0,0,1,0,0,0,0,0,0
6676ee17-f3fd-436d-811c-4045b9baf869,0,0,0,0,0,0,0,0,0,0,1
6683bf74-c543-4a75-b2c1-75c4bdbde30d,0,0,0,0,1,0,0,0,0,0,0
66859c0b-3497-44aa-ae1f-f37fc37e5165,0,0,0,0,0,1,0,0,0,0,0
66885d63-700f-4795-8bdf-0f0b879ac3bd,0,0,0,0,0,0,0,0,0,1,0
6690a4a0-e2c5-448f-bd1b-d6624ca88893,0,0,0,0,0,0,0,0,1,0,0
6690ffee-4e7e-419d-8820-5d6933feb05f,0,0,0,0,0,0,0,0,1,0,0
66a526c6-a038-4d02-863f-427b24587f54,0,0,0,0,1,0,0,0,0,0,0
66a701d4-1d4a-40eb-a741-d18122e884f0,0,0,0,0,1,0,0,0,0,0,0
66aa4f0f-01d7-4e98-afcb-b8ab6b21de42,0,0,0,0,1,0,0,0,0,0,0
66b0294a-5e50-477d-b2f7-62fee06ee881,0,0,0,0,0,0,0,0,0,1,0
66b17267-ec8f-42b4-bea7-20b82ab99998,0,0,0,0,0,0,0,1,1,0,0
66ba6f24-f6ff-4dbc-96d7-5f7eab077602,0,0,0,0,1,0,0,0,0,0,0
66cc9b2f-0075-4685-bd63-3ab9f60dd0c7,0,0,0,0,0,0,0,0,0,1,0
66d39832-b499-4684-93c4-bb6eac7ffd1d,0,0,0,0,1,0,0,0,0,0,0
66d68047-96d3-42be-9c1b-80a9f9e4f8a2,0,0,0,0,0,0,0,0,0,0,1
66da8571-0c58-48dc-a478-023d688c1d21,1,0,0,0,0,0,0,0,0,0,0
66ded9f1-463c-4576-aecf-770a5e7ba395,0,0,0,0,0,0,0,0,0,1,0
66ded9fe-1b10-4fab-9445-cecd65eaf6a9,1,0,0,0,0,0,0,0,0,0,0
66e2e4e1-5e92-47b7-b7a8-a578fbb01e17,0,0,0,0,0,0,1,0,0,0,0
66e6bd1f-2fdc-4100-8921-c1b1612ec7eb,0,0,0,1,1,0,0,0,0,0,0
66ea342d-81e0-42c5-b67f-6ef36c9c2937,0,0,0,0,1,0,0,0,0,0,0
66edbd7e-7873-44e5-82ee-0c18be639534,0,0,0,0,0,0,0,0,1,0,0
66f6ba58-7cb8-4362-9b04-8bc355e013a7,1,0,1,0,1,1,1,0,0,0,0
66fff88a-203a-42a3-8fb6-8a5138d004ed,0,0,0,0,1,0,0,0,0,0,0
67000754-c2e8-43b3-b692-9adb4d686216,0,0,0,0,1,0,0,0,0,0,0
670260aa-9a16-4636-90b1-05d5d2819e1f,0,0,0,0,0,1,0,0,0,0,0
6702f196-7ef3-4723-b672-9484d5ae7ada,0,0,0,0,0,0,0,0,0,1,0
670df08a-a7d8-41ea-8fa9-7b4fa7c9faab,0,1,0,0,0,0,0,0,0,0,0
6710863b-262d-46d6-836d-dcbc66d17a4e,1,0,0,0,0,0,0,0,0,0,0
67278273-d0ca-441c-a587-163e2d0f23cf,0,0,0,0,0,0,0,0,0,1,0
672fa259-86df-4b14-ae61-b8e09b648fc6,0,0,0,0,0,0,0,0,0,0,1
67312be0-7150-4862-bf3a-443f441a883f,1,0,0,0,0,0,0,0,0,0,0
6734be31-e0bc-47dc-a507-3bbf55caab37,0,0,0,0,0,0,0,0,0,1,0
67359a12-69e3-4dd4-adf2-0e7ee7598d6d,0,0,0,0,0,0,0,0,0,1,0
673988c3-49d4-430d-9c21-9bae238a6d70,0,0,0,0,1,0,0,0,0,0,0
67483a0a-20d3-4a24-a006-ee97ee45a3db,1,0,0,0,0,0,0,0,0,0,0
6749a2ab-7e4e-46ec-8959-0b3ce63f5853,0,0,0,0,0,0,0,0,0,1,0
674c402c-208b-487e-a842-5bdbfa9b464d,0,0,0,0,0,0,0,0,0,1,0
6754438a-ab2e-45bc-aeb6-1f1be25f1763,0,0,0,1,0,0,0,0,0,1,0
675566bf-c5e4-45c7-a4ab-2e478d4a81fb,0,0,0,0,0,0,0,0,0,1,0
675b1d6b-34e6-4626-9620-f73486883bd4,1,0,0,0,0,0,0,0,0,0,0
67603e72-0b7a-4025-8589-8951aa2d5819,0,0,0,0,0,0,0,0,0,1,0
6764799b-5df1-4175-873a-4056e65fbc19,0,1,0,1,0,0,0,0,0,0,0
676fe895-107c-410f-b9a6-097587853743,0,0,0,0,1,0,0,0,0,0,0
6779709f-b823-49f3-96b3-003d04e80928,0,0,0,0,0,0,0,0,1,0,0
677fd8a4-4059-4641-aa7d-43f7991c86cf,0,0,0,0,1,0,0,0,0,0,0
67837bb7-f969-42bc-b352-8f9b66bb01a0,0,0,0,0,0,0,0,0,0,0,1
678eba35-016f-40d5-b74c-82c87a8277c4,0,0,0,0,1,0,0,0,0,0,0
67972841-61eb-429b-a1b9-b55b7a431a3a,0,0,0,0,1,0,0,0,0,0,0
679b6998-1c3e-4e0e-a499-3610023ce09c,1,0,0,0,0,0,0,0,0,0,0
67ac5f38-777a-465a-babb-05dfb4e2e569,0,0,0,1,0,0,0,0,0,0,0
67b340b7-47f3-49a9-9384-5eee010b2fe8,0,0,0,0,0,0,0,0,0,0,1
67b85c95-2aa4-4fd9-baa6-0cd65f742452,0,1,0,0,1,0,0,0,0,0,0
67be52a7-5551-4d8a-b18c-da8dabf7efdc,0,0,0,1,0,0,0,0,0,0,0
67bea269-cf48-49e7-bc1f-5ff67750cdc5,0,0,0,1,0,0,0,0,0,0,0
67c24043-7f20-4d50-867f-549139313437,0,0,0,0,1,0,0,0,0,0,0
67c8c69e-4689-48ee-ac33-87037f65e86c,0,0,0,0,0,0,0,0,0,0,1
67cb63f8-14c5-4833-8da4-776f537d988d,0,0,0,0,1,0,0,0,0,0,0
67cd7309-fd9c-42fb-b30b-0ddae7b59d16,0,0,0,0,0,0,0,0,0,0,1
67d314a6-cf27-4d20-96d7-953468dcb725,0,0,0,0,1,0,0,0,0,0,0
67d4de44-fed0-4403-997a-89a5162e4471,0,0,0,0,0,0,0,0,0,1,0
67d9c0a9-0fab-4fcf-96a0-ee92efb5996b,0,0,0,0,0,0,0,0,0,0,1
67e8095c-914b-49e7-bbb5-9f6203f83a1c,0,0,0,0,0,0,0,0,0,1,0
67edb11a-6fb5-438b-920f-f888f7a71c45,0,0,0,0,0,0,1,0,0,0,0
67f545be-1fc7-4313-a6c6-a3af7836c298,0,0,0,0,1,0,0,0,0,0,0
67f79ae4-7f9f-436e-ad9f-df8537309bf5,0,0,0,0,0,0,0,0,1,0,0
67fb9db5-2a0e-43ab-b215-471275c22ef9,1,0,0,1,0,0,0,0,1,0,0
67fe35d8-2fed-4aeb-a4c6-d1a6ca1f34b0,0,0,0,0,1,0,0,0,0,0,0
680a260b-fde7-4269-9e18-bf5c0ce00a5d,0,0,0,0,1,0,0,0,0,0,0
680cc8da-934e-4b79-9047-4f9acce43a68,0,0,0,1,0,0,0,0,0,0,0
6811e2e9-350d-484a-868d-e14d138b12df,0,0,0,0,1,0,0,0,0,0,0
6816bb12-713e-495c-a1c3-096b22fba5f7,0,1,0,0,0,0,0,0,0,0,0
683e3917-2796-4e90-889c-c7774d29e7f4,0,0,0,1,0,0,0,0,0,0,0
683e79ca-7494-42d8-ae29-8fecf72b7e49,0,0,0,0,0,0,0,0,0,1,0
6845935c-82ec-4122-a54f-5f8189abd9ca,0,0,0,0,0,0,0,0,0,0,1
685ed84a-2929-4705-b8ab-2e3a4213372b,0,0,0,0,0,0,0,0,1,0,0
6860700e-ccc0-4974-9c27-bed32bee08ce,0,0,0,0,0,0,1,0,0,0,0
686de056-d771-4cff-9bf8-f2853269e8ae,0,0,0,1,0,0,0,0,0,0,0
686f4326-02b8-4cf0-92e4-f1ec92e500be,0,0,0,0,1,0,0,0,0,0,0
68773d11-1fab-4cfc-bb4f-c85d87d0dcf0,0,0,0,0,1,0,0,0,0,0,0
68808f73-17d9-4fc6-b714-4990458b3104,0,0,0,0,0,0,0,0,0,0,1
6882ddfa-35ce-4d1f-aa27-8d050b269280,0,0,0,0,0,0,0,0,0,0,1
688d3a6e-0303-4a05-b31c-117be42493cf,0,0,0,1,0,0,0,0,0,0,0
6894873f-5fb5-4ff7-b9f9-fbe7b23f2ded,0,0,0,0,0,0,1,0,0,0,0
68a0a98c-99b7-4e72-ab86-a7fc0858801e,0,0,0,0,1,0,0,0,0,0,0
68a94f38-c59f-4400-8fc1-7113ee3248aa,0,0,0,0,0,0,0,0,0,1,0
68aab881-fe9e-43de-9774-85888f587c30,0,0,0,1,0,1,0,0,0,1,0
68af649b-a413-4c5b-92ef-4d10f9115134,0,1,0,0,0,0,0,0,0,0,0
68b45d2b-3b54-41e8-b6b4-a118d7c5a919,1,0,0,0,0,1,0,0,0,1,0
68b4b228-fd61-4c9f-a9de-96e851e75834,0,0,0,0,1,0,0,0,1,0,0
68b614ba-8149-426f-bb1e-151bbd591220,0,0,0,0,1,0,0,0,0,0,0
68c06ffc-e23e-4d1e-95f2-67a89005e9a6,0,0,0,1,0,0,0,0,0,1,0
68cff206-5638-4e84-a4ac-b948493e2eb3,0,0,0,0,0,0,0,0,0,1,0
68d1a7b2-a2d1-4c86-861b-830c3dfd2ffa,0,0,0,1,0,0,0,0,0,0,0
68dc434a-d62d-4a21-807e-477cf0c3fd49,0,0,0,0,0,1,0,0,0,0,0
68e06678-d042-49a5-8dc6-418707286111,0,0,0,0,1,0,0,0,0,0,0
68e3cb36-10d3-4798-938a-71798c25631c,0,0,0,0,0,0,0,0,0,1,0
68e75211-c5f5-4e26-977f-af856c26b3e6,0,0,0,0,0,0,0,0,0,0,1
68f5cdc2-2602-4cc2-a474-9cc361a0ba3b,0,1,0,1,0,1,0,0,0,0,0
68fd2112-db7b-4f59-88a6-c9cab4a1cd1f,1,0,0,0,1,0,0,0,1,0,0
690ec241-d964-4b78-8704-26c978e74431,0,0,0,0,0,0,0,0,0,0,1
691854dc-0bf4-484f-8145-485bc02de632,0,0,0,0,0,0,0,0,0,0,1
69330172-c6f1-497e-a2f0-b2a5a51f737a,0,0,0,0,0,0,0,0,0,1,0
6936b85a-2223-4da8-9acf-15d638df434a,0,0,0,0,0,0,0,0,0,1,0
694c2316-e5a8-4809-bf28-cec56f6bae8f,0,0,0,0,1,0,0,0,0,0,0
69660d5c-eade-4a67-9d54-31a0aa43ac84,1,0,0,0,0,0,0,0,0,1,0
696e1946-87f7-42aa-ae4a-159a293b947b,0,0,0,0,0,0,0,0,0,1,0
696f7ac7-2999-4ef5-b02d-93c3b0dc8bed,0,0,0,1,0,0,0,0,0,0,0
6974b1e6-b345-4a2c-a59f-92c1c351ef4c,0,0,0,0,0,0,0,0,0,0,1
697d1de6-9136-4318-bfef-5550f536221d,1,0,0,0,0,0,0,0,0,1,0
69854a24-147f-4afa-b3ad-b60c304463f0,0,0,0,0,0,0,0,0,1,0,0
698621d3-0c4d-481a-a0c3-cef91c177894,0,0,0,0,0,0,0,0,0,1,0
698cc167-ed5f-4596-aacd-219715e4c648,0,0,0,0,0,0,0,0,0,1,0
69915422-b2c3-48c1-aa0b-4768e0155b14,0,0,0,0,0,0,0,0,0,0,1
69920842-83fe-44ce-b31b-8217260855ca,0,0,0,0,1,0,0,0,0,0,0
6995fd35-0a56-4659-8752-efd7554a8242,0,0,0,0,0,0,0,0,1,0,0
6997e43b-13b2-4584-ba8b-42e7e9396325,0,0,0,1,0,0,0,0,0,0,0
699d9c8e-f2c9-495f-8c2c-a9cba6f326a3,0,0,0,0,0,0,0,0,0,1,0
69a3359c-00ea-46eb-83cb-87737964baac,0,0,0,0,0,0,0,0,0,0,1
69aa3916-658c-4f61-979b-8c9bf0b733cf,1,0,0,0,0,0,0,0,0,0,0
69b19719-0ae2-4325-9bd7-86d574841a71,0,0,0,0,0,0,0,0,1,0,0
69bb8187-4b97-42c3-83e8-5b6924151445,0,0,0,0,1,0,0,0,0,0,0
69bb95d9-9b3d-40a3-8f3f-b163b9354927,0,0,0,1,0,0,0,0,0,0,0
69c1c42e-a81f-44cb-966e-7ce5d7d2a272,1,0,0,0,0,0,0,0,0,0,0
69d5a95f-9550-48e9-bc18-6e7351ce885f,0,1,0,0,0,0,0,0,0,0,0
69d8100e-8c6a-448a-8c91-d95f9dd82c68,0,0,0,0,0,0,0,0,0,1,0
69db653d-88d7-4c97-b5be-f82cbae661b5,0,0,0,0,1,0,0,0,0,0,0
69f286f2-2cdc-4a6c-9a61-83cb92482c12,0,0,0,0,1,0,0,0,0,0,0
6a04defe-72b7-41e4-9e16-cc9c66372440,1,0,0,0,0,0,0,0,0,0,0
6a187f33-746b-4c78-b778-1ef9592ee0bb,0,0,0,0,1,0,0,0,0,0,0
6a191af9-e5c6-4802-adac-65c84f9d8b58,0,0,0,0,1,0,0,0,0,0,0
6a1b361d-9592-4350-aa40-16f935d27370,0,0,0,0,0,0,0,0,0,1,0
6a1d6097-9ff6-4744-a628-9086755601a3,1,0,0,0,0,0,0,0,0,0,0
6a21cdea-aa34-4dbc-aa8b-643efdedcc22,1,0,0,0,0,0,0,0,0,0,0
6a22b6bc-e221-4017-a8a7-ba85436d8c98,0,1,0,0,1,0,0,0,0,0,0
6a288432-e9b0-4019-8051-4293b41f3a8d,0,0,0,0,0,0,0,0,1,1,0
6a32faee-9ca8-43a6-b56b-1d4b4030de1a,0,0,0,0,0,0,1,0,0,0,0
6a3e2e3a-6309-4b03-b764-f9f7d113cdcc,1,0,0,0,0,0,0,0,0,0,0
6a436d3b-a972-4cfb-9f93-4b9c1569baf0,0,0,0,0,0,0,0,0,0,0,1
6a49bdd9-109c-4d93-afb5-fc9719782ebd,0,0,0,0,1,0,0,0,0,0,0
6a51b6e8-7170-4df1-b0c8-8ecb8203e095,0,1,0,0,1,0,0,0,0,0,0
6a64bfcf-14d3-47bb-bcab-426b2a80f8c8,0,1,0,1,1,0,0,0,0,0,0
6a6dffe8-9f7c-41ce-9aa0-ff1b89a3e692,0,1,0,0,0,0,0,0,0,0,0
6a87ccd8-7473-4816-af3a-23c408b7081d,0,0,0,1,0,0,0,0,0,0,0
6a8c2b26-cc30-46f5-bf8b-9a17a518314c,0,0,0,1,1,0,0,0,0,0,0
6a8f8297-f7c4-47ee-86db-7e0ee433340f,0,0,0,0,0,0,0,0,0,0,1
6a9b3ae3-0449-41be-a353-aee7b7ba0cd5,1,0,0,0,0,0,0,0,0,0,0
6aa1d1a3-da9b-4c0a-b5b1-fef06e065481,0,0,0,0,0,0,0,0,0,1,0
6aadb842-af14-4bc0-a31b-5335b8a75a5b,0,0,0,0,0,0,0,0,0,0,1
6ab08891-94f6-48b9-a87f-8b830c147fd2,0,0,0,0,0,0,0,0,1,0,0
6abd1e43-b26d-4266-8dad-5e29e0e18ef5,0,1,0,0,1,0,0,0,0,0,0
6acd269d-0528-4a48-bfb9-8ae36592c6ad,0,0,0,0,0,0,0,0,0,1,0
6ad089d3-7a79-459c-ac38-19f60ce29d62,0,0,0,0,0,1,0,0,0,1,0
6ae42ff8-0a0a-4dc4-92a4-2846cb5542df,0,0,0,0,0,0,0,0,0,1,0
6ae7a1d1-3abc-4d97-a3fb-cb3354249a5f,0,0,0,1,0,0,0,0,0,0,0
6aec01c8-84fd-492c-9d12-7945ac254c82,0,0,0,0,0,0,0,0,0,1,0
6af0181d-6523-452a-817f-ca090e88c3bb,0,0,0,0,0,0,0,0,0,1,0
6af712ec-3302-43c2-adcd-047330235334,0,1,0,0,1,0,0,0,0,0,0
6afcca7a-c650-4a01-be60-8771d842f212,1,0,0,1,0,0,0,0,0,0,0
6b054014-b0b3-4796-9afd-87930e1809e0,0,0,0,1,0,0,0,0,0,0,0
6b0a6b21-d4ef-4fb3-ad9b-39612b529199,1,0,0,0,0,0,0,0,0,0,0
6b1f94df-8ece-4643-b33a-93fe6be6fe0a,0,0,0,0,1,0,0,0,0,0,0
6b2e4492-5270-4d92-93a7-2ee1ae7c107f,0,0,0,0,1,0,0,0,0,0,0
6b31a181-5285-40cb-8b02-cbe3c9ed1822,0,0,0,1,0,0,0,0,0,0,0
6b3e1c9d-e8dd-41ba-a1e6-5d624f4ebe18,0,0,0,0,0,0,0,0,1,0,0
6b3f2d37-a2b9-4772-b436-381bf5fc39f5,0,0,0,1,0,0,0,0,0,0,0
6b56df2c-0eb7-4c6b-ac92-fb355e09d16a,0,0,0,0,1,0,0,0,0,0,0
6b5c7974-7504-49c0-890c-4363772499ae,0,0,0,0,0,1,0,0,0,1,0
6b73bcb6-2200-43cd-a3bc-2477b26abf64,0,0,0,0,0,0,1,0,0,0,0
6b7bdc69-63c4-4d6e-94a1-8be53ae76e94,0,0,0,0,0,0,0,0,0,1,0
6b8114d7-a60f-4b21-a804-044dc2cc0f4a,0,0,0,0,0,0,0,0,0,1,0
6b85ea4f-428e-460a-9d1f-4effde017784,0,0,0,0,0,0,0,0,0,1,0
6b87e0ac-fb33-4589-a86b-7d22e15001a7,0,0,0,0,1,0,0,0,0,0,0
6b8af6df-6004-4f9e-a9b3-0327a099edd6,0,0,0,0,0,0,0,0,0,1,0
6b943144-e642-4fbf-986c-a21f0f892141,0,0,0,0,1,0,0,0,0,0,0
6bad689c-582f-4426-84c2-f4e4bfa989af,0,0,0,0,0,0,0,0,0,0,1
6bb5e9c8-bc63-4103-b353-b4f762c37e88,0,0,0,0,1,1,0,0,0,0,0
6bc81d8d-98a4-412c-bb21-1e2b9ed9bcdc,0,0,0,0,0,0,0,0,0,1,0
6bcc2641-1e77-49ae-94d4-5ce75820e96e,0,0,0,0,0,0,0,0,0,0,1
6bcec2ef-2568-4506-83c2-78593973c497,0,0,0,0,1,0,0,0,0,0,0
6bd20584-1bab-4de6-9ea0-3869acb63079,0,0,0,0,0,0,0,0,0,1,0
6bd28274-83eb-4789-b09e-9ef8c72c9f2c,0,0,0,0,0,0,0,0,0,0,1
6bd2e3fc-2aac-4daf-b403-347cc9a166f7,0,0,0,0,0,0,0,0,1,0,0
6bd5f34b-8235-468a-a665-bb27c43d2dfa,0,0,0,0,1,0,0,0,0,0,0
6bd81e5d-fd70-420d-a5f4-089ed0581fae,0,0,0,0,1,0,0,0,0,0,0
6bed7ce7-c10b-46dd-80da-dcb1089d0a59,0,0,0,1,0,0,0,0,0,0,0
6bf1d760-4c3d-4f4b-965d-823adf27dc8c,0,0,0,1,0,0,0,0,0,0,0
6bf3dcb2-ff4a-4ea0-9d58-2c5897ba9f09,0,0,0,0,0,0,0,0,0,0,1
6bfa4228-62cd-434b-b97c-53ec6292fb6f,0,0,0,0,0,0,0,0,0,1,0
6bfe7ba0-8794-4689-8690-3f74e37331eb,0,0,0,0,1,0,0,0,0,0,0
6c026ae7-e411-4198-8080-593a51b42ac0,0,0,0,0,1,0,0,0,0,0,0
6c0cd25d-3512-40c2-9962-2768f744b1d1,0,0,0,0,0,1,0,0,0,0,0
6c1ac83e-5c1f-4e17-92a1-428d93d66750,0,0,0,1,0,0,0,0,0,0,0
6c1df906-28a3-4be4-8a56-b44e4fe13fbd,0,0,0,0,0,0,0,0,0,0,1
6c22b632-3266-4b2a-a705-6a70ea8a4963,0,1,0,1,1,0,0,0,0,0,0
6c23123f-e730-4fc8-acbe-4279b6eccbd4,0,0,0,0,0,0,0,0,1,0,0
6c2d775b-b41c-4f18-9c1f-f61cd13065d7,0,0,0,0,0,0,0,0,0,0,1
6c2ff5d6-94d4-4402-bb5b-bd68146082a0,0,0,0,0,0,0,0,0,0,0,1
6c30ebf2-f74c-4809-ac12-02a4d01cb093,0,1,0,0,1,0,0,0,0,0,0
6c31412a-7e03-43d1-9083-0f37738abe79,0,0,0,1,0,0,0,0,0,0,0
6c338c03-1e18-4b00-8ddf-4d4adcd71481,0,0,0,0,0,0,0,0,0,0,1
6c3a43e9-9260-4d75-9c1a-102100ddd31a,0,0,0,0,1,0,0,0,0,0,0
6c43fc31-1e49-4a5f-b3c0-8694d47b027a,0,0,0,0,1,0,0,0,0,0,0
6c4d9da8-7612-4b52-ad29-9ffb66e9e705,0,0,0,0,0,0,0,0,0,1,0
6c5278c6-9ee7-49bb-bc19-fab5c6466e9a,0,0,0,0,0,0,0,0,0,1,0
6c5521ef-495f-4f9e-a3ec-069d59084186,0,0,0,0,1,0,0,0,0,0,0
6c5a65da-9355-4e59-9b1c-15ac1729ef4e,0,0,0,0,0,0,0,0,0,0,1
6c5e9a14-8889-4aab-ab0c-1e57fbe29f81,0,0,0,0,0,0,0,0,0,0,1
6c6e415b-8f23-499e-9cca-41b86d85d98a,0,0,0,0,0,0,0,0,0,0,1
6c719265-4fa6-4fa8-8d0b-3562e4221ebe,0,0,0,0,1,0,0,0,0,0,0
6c739cce-a0f4-4a2e-be58-50344de1997a,0,0,0,0,1,0,0,0,0,0,0
6c8761ab-64cd-4cd9-a1cc-fdbd9f0b3beb,0,0,0,1,0,0,0,0,0,0,0
6c886bf2-881e-4a6b-9e79-bc9606bc6633,0,0,0,0,0,0,0,0,0,0,1
6c88f3c9-8bb0-468f-89d3-7efa68a4078d,0,0,0,0,1,0,0,0,0,0,0
6c8ba725-f529-447f-9a1e-f97f3da430e9,0,0,1,0,0,0,0,0,0,0,0
6c8d1a01-562e-4970-8e69-423e9658e913,0,0,0,0,1,0,0,0,0,0,0
6c90c9f1-d30b-48a1-ba06-d489fa6c9797,0,0,0,0,0,0,0,1,0,0,0
6c9bd462-964a-4e2a-ab9b-604d1873c7cc,0,0,0,1,0,0,0,0,0,0,0
6c9c0eb4-3def-4a11-abe5-ff99b57e27d0,0,0,0,0,0,1,0,0,0,1,0
6cabc680-57d3-4f84-992c-622e02d0087c,0,0,0,0,0,0,0,0,0,1,0
6cc56659-648c-4c2f-9059-bb96a422de66,0,0,0,0,0,0,0,0,0,0,1
6cc9487b-de93-4866-8df5-b86c0dbabbc5,0,0,0,0,0,0,0,0,0,1,0
6cce290f-f8e1-4e5d-9598-7c1c484cfd13,0,0,0,0,0,0,0,0,0,1,0
6cd5861e-1ae7-444f-9e07-bbf5bac67c90,0,0,0,1,0,0,0,0,0,0,0
6cd81791-f0e8-4cd6-adf7-d5afbdbd5d94,0,0,0,0,0,0,0,0,0,1,0
6cd9801a-18d0-414e-8002-f2e6bef80bc5,0,0,0,0,1,0,0,0,0,0,0
6cdb920f-ed80-4989-bff2-4b23084e280c,0,0,0,0,1,1,0,0,1,0,0
6cddfc54-7eb4-430b-b30d-042ddf9e0839,0,0,0,0,0,1,0,0,0,0,0
6cde7b14-39ee-42be-86f5-8bda8158f377,0,0,0,1,0,0,0,0,0,0,0
6ce2a960-1895-45d4-9178-5ac8c512e28c,1,0,0,0,0,0,0,0,0,0,0
6ce3a0c2-cc62-406e-910c-7b4b4a865002,0,0,0,0,1,0,0,0,0,0,0
6ceb5669-3501-48c6-bdb1-4d3213dd5b3e,0,0,0,0,0,0,0,0,0,0,1
6cf03276-4636-4eed-902b-6939a4ae76be,0,0,0,0,0,0,0,0,0,0,1
6cf976f6-d8a4-4906-a140-9f2322681fd3,0,0,0,0,0,0,0,0,0,0,1
6d065f97-2214-46e4-81f9-11b4143a067d,0,1,0,1,1,0,0,0,0,0,0
6d14692b-133a-4444-bec7-7c1fc7943506,0,0,0,0,1,0,0,0,0,0,0
6d17f1d2-7512-41e7-8d1e-d98b57f012a1,0,0,0,0,0,0,0,0,0,1,0
6d21f597-0428-4ee8-9f45-d0d7e53195c3,0,0,0,0,0,0,0,0,0,0,1
6d29121c-02ac-4398-a16e-82971d720457,0,0,0,0,0,0,0,0,0,0,1
6d2de181-34dd-45c9-a320-2543c84c16e0,0,1,0,0,1,0,0,0,0,0,0
6d3c0cf0-3b05-4186-9cda-1c8fff7e01c9,0,0,0,0,0,0,0,0,0,1,0
6d3c4d1f-305d-46ca-8936-be8c931725b9,0,0,0,0,0,0,0,0,1,0,0
6d4574b1-dafe-4375-b96a-86a4b6765cdf,0,0,0,0,0,0,0,0,0,1,0
6d4bc619-5ca0-45aa-a47f-95529acb3620,0,0,0,1,0,0,0,0,0,0,0
6d528ac6-8389-43c7-8dad-1da12c8c7969,0,0,0,0,0,0,0,0,0,1,0
6d537cb1-7aea-49f9-986e-818ecba1c632,1,0,0,0,0,0,0,0,0,0,0
6d5936c9-0133-494c-ba1d-46232fc68446,0,0,0,0,0,0,0,0,0,0,1
6d5c2e77-8fef-4ddd-93de-b3233ad3d19a,0,0,0,1,0,0,0,0,0,0,0
6d626cf8-06ba-4472-97a4-f2707094f0ba,0,0,0,0,1,0,0,0,0,0,0
6d69e5fc-dadd-40de-8b08-75b63e104217,1,0,0,0,0,0,0,0,0,1,0
6d76ada4-8565-4990-a6b1-e9cb3869e97f,0,0,0,0,0,1,0,0,0,0,0
6d76c40b-2ac7-4672-b3a7-1c0ee7936005,0,0,0,0,0,0,0,0,0,1,0
6d7864f9-d96c-4718-b87b-e23e552fbf44,0,0,0,0,1,0,0,0,0,0,0
6d798fd4-cb59-40b4-9b22-04eca469f8e1,0,0,0,0,0,1,0,0,0,0,0
6d7ec027-e89b-4640-a301-0105acae8b34,0,0,0,0,0,0,0,0,0,1,0
6d8381b6-55f7-4b3f-b855-a1295f0d66f2,1,0,0,0,0,0,0,0,0,0,0
6d8ea228-2de9-4765-9c48-781e80319a80,1,0,0,0,0,0,0,0,0,0,0
6d9edcd3-4223-4093-b927-b5864ec8f30d,0,0,0,0,0,0,0,0,0,1,0
6da5df97-227c-4a22-84fc-ad2479139b01,0,0,0,0,1,0,0,0,0,0,0
6dadfe06-e68a-4ae7-b0d9-10c2e2383d87,0,0,0,0,1,0,1,0,0,0,0
6db09ec0-47a4-41cd-b2d3-7afc909b5f16,0,0,0,0,1,0,0,0,0,0,0
6dbb480d-cd0d-4703-9560-8d75da242899,0,0,0,0,0,0,0,0,0,1,0
6dbbae32-3b66-438e-b06f-89e150a27f4e,0,0,0,0,1,0,0,0,0,0,0
6dcc490d-c138-420c-8fc2-2e507843edd7,0,0,0,0,1,0,0,0,0,0,0
6dd1aaba-6dec-4618-afbe-3d2ca28e7b60,0,0,0,0,0,0,0,0,0,0,1
6dd41081-7a2e-404b-b76a-c44921b6afea,0,0,0,0,1,0,0,0,0,0,0
6dd96e09-8f4d-4cfc-91b8-9f4c91976a85,0,0,0,0,0,0,0,0,0,0,1
6dd99b57-c839-4634-9221-830b7ce64e16,0,1,0,0,0,0,0,0,0,0,0
6de5e3bd-88ff-4982-af13-4788942187ec,0,0,0,0,1,0,0,0,0,0,0
6dee2728-9ee1-4dc8-b463-054ed8d7dae4,0,0,0,0,1,0,0,0,0,0,0
6df92c3b-e610-4fa9-a3d6-e09adc52f0e4,0,0,0,0,0,0,0,0,1,0,0
6df9ddfb-f481-4e0c-ae7e-32051863e3e1,0,1,0,0,0,0,0,0,0,0,0
6dfb2761-6595-4f50-9113-289b14f669f3,0,0,0,0,0,0,0,0,0,0,1
6dfd8695-aa5c-40c0-9959-4db0344edb7c,0,1,0,1,0,1,0,0,0,1,0
6dfe4d19-30d4-4f22-875b-fc1358d75b8e,0,0,0,0,1,0,0,0,0,0,0
6dff9109-472e-49dd-a429-ca444acf2cb4,0,0,0,0,1,0,0,0,0,0,0
6e048587-c4f2-4264-b5c3-8d3f0ccdd73c,0,0,0,0,0,0,0,0,0,0,1
6e057bca-673e-45a1-8262-26a21ad0e5c1,0,0,0,1,1,0,0,0,0,0,0
6e071079-1e23-4cb5-90ff-5a95eb99c258,0,0,0,0,1,0,0,0,0,0,0
6e09d171-30c0-44c9-8f9b-d8d9990dc59d,0,0,0,0,1,0,0,0,0,0,0
6e150bab-ea8d-4fa8-8d24-37359bfb8b6b,0,0,0,0,0,0,0,0,0,1,0
6e152ff3-af6f-40c0-a615-0feca1a04ff2,0,0,0,1,1,0,0,0,0,0,0
6e2010ab-6540-439b-a39c-78e552eaca3e,0,0,0,0,0,0,0,0,0,1,0
6e2259a0-0c14-401e-82b7-73af4e0f1e77,0,0,0,0,0,0,0,0,0,0,1
6e2aa6a4-12ea-4b42-9074-131cf7745db6,0,0,0,0,0,0,1,0,0,0,0
6e3399bc-ac9e-476e-af54-698a04082547,0,0,0,0,0,0,0,0,0,1,0
6e3577e5-971a-44f3-9fb7-be5ef6f1b19a,0,0,0,0,1,0,0,0,0,0,0
6e3f3cc7-7345-4f9d-a3a4-f0ea74a18dc3,0,0,0,0,1,0,0,0,0,0,0
6e41da2f-3111-4930-8be1-1bf4ca489c6f,1,0,0,0,0,0,0,0,0,1,0
6e438a29-2e45-44e2-8824-e8d085b57e4f,0,0,0,0,0,1,0,0,0,1,0
6e4c7c0b-1f34-496c-9258-3d065db3a495,0,0,0,0,0,0,1,0,1,0,0
6e576b84-ebd3-457a-bd9d-bdd62a004260,0,0,0,0,1,0,0,0,0,0,0
6e577f15-c45b-4c42-b087-2efcd099c48c,0,0,0,0,0,0,0,0,0,1,0
6e7f436f-201b-40f2-b920-ac74b19779ad,1,0,0,0,0,0,0,0,0,0,0
6e8853ab-f1a3-4900-8bb7-80a6c4d29210,0,0,0,0,0,1,0,0,0,0,0
6e891fa9-97db-44b3-beca-82e2bc158cdd,0,0,0,0,0,0,0,0,0,1,0
6ea3f091-4a71-40ef-b01e-9b7c1aa5ca11,0,0,0,0,0,0,0,0,0,0,1
6ea6d690-7470-4e1b-8124-1dddc9b0f81d,0,0,0,0,0,0,0,0,0,0,1
6eaa8ab0-36df-4d1c-a503-52716442654a,1,0,0,0,0,0,0,0,0,0,0
6eba3a8e-7937-478f-a8bb-9e8c2d2998ac,0,0,0,1,0,0,0,0,0,0,0
6ec2f6b9-8464-4660-8514-2e6806977953,1,0,0,0,0,0,0,0,0,0,0
6ec3bb47-90ba-465f-8f82-622e9e756c1e,0,0,0,1,0,0,0,0,0,0,0
6ec7dfc7-f3a4-458b-a596-158d74004382,0,0,0,0,0,0,0,0,0,1,0
6ed42733-2c0f-48fc-bbf7-f217290a048a,0,0,0,0,0,0,0,0,0,0,1
6ed4ce67-120c-4e65-aeb2-3a7090ae8a50,0,0,0,1,0,0,0,0,0,0,0
6ed5a620-a847-43e0-a570-25fcf94a58b2,0,0,0,0,0,0,0,0,0,0,1
6ed8d844-4e62-48c5-b826-08638783df32,0,0,0,0,0,1,0,0,0,0,0
6ee4c966-933f-4609-a3fb-f7c6a2e78c68,0,0,0,0,0,0,0,0,1,0,0
6ee8d628-41d6-4213-bd7a-d7c4c663d33a,0,0,0,0,0,0,0,0,1,0,0
6ee9491f-941f-4f22-a8c8-df6c0e51d73e,0,0,0,0,1,0,0,0,0,0,0
6eec53eb-e22f-43f9-a977-8ed83cf4bf57,0,0,0,0,0,0,0,0,0,1,0
6f04d12d-633d-45b7-8301-519eebb1200d,0,1,0,1,0,0,0,0,0,1,0
6f084255-a406-4834-8369-494b406eef98,0,0,0,1,0,0,0,0,0,0,0
6f252261-93ea-4f88-8286-e9da5e657c0c,0,0,0,0,0,0,0,0,0,1,0
6f2a604e-a187-474c-8edf-c8afb542381f,0,0,0,0,1,0,0,0,0,0,0
6f2b9df4-90f3-48b5-af3e-ac7f21bebe6d,0,0,0,0,0,1,0,0,0,0,0
6f2e0d80-08a6-476c-b8c3-6e48dfaecd8f,0,1,1,0,0,0,0,1,0,1,0
6f373ffe-4e76-4b75-bc52-e1c3dc15161f,0,0,0,0,0,0,0,0,0,1,0
6f37b6c1-ede7-426a-9284-e364c4f46ec3,0,0,0,0,0,0,0,0,0,1,0
6f3c6009-395e-4ad4-ab49-eaac72ce3580,0,0,0,0,1,0,0,0,0,0,0
6f449120-4b74-4a7d-905e-1921345a6650,0,0,0,0,0,0,0,0,1,0,0
6f44df6c-ed8c-459d-94d2-673872dd2e6a,0,0,0,0,0,0,0,0,1,0,0
6f45df9e-76a4-42bc-a036-fce5a3101f9b,0,0,0,0,0,0,0,0,0,1,0
6f462890-34e6-492b-a981-69e868c745d1,0,0,0,0,1,0,0,0,0,0,0
6f53a903-acfd-4fd4-925c-7a6aad381fa2,0,0,0,0,1,0,0,0,0,0,0
6f7317f8-9151-468f-a362-b569b0ab0e5f,0,0,0,0,0,0,0,0,1,0,0
6f750d6e-e323-4840-afe6-9a5de0a083bb,0,0,0,0,0,0,0,0,0,1,0
6f75ec88-e586-419a-aa4b-037cf16f3829,0,0,0,0,1,0,0,0,0,0,0
6f775040-2237-4422-91ad-e085c8f43ea0,0,0,0,0,0,0,1,0,0,0,0
6f841655-5e30-4c5f-812c-4e3c59dd81e2,1,0,1,0,0,0,0,0,0,0,0
6f889f5b-51a3-4098-8802-9854a299d39c,0,1,0,1,0,0,0,0,1,0,0
6f911ea2-7750-4feb-a7cb-7af633e6d2c7,0,0,0,0,0,0,0,0,0,1,0
6f978634-1534-475b-b3a6-b9e56140b41c,1,0,0,0,0,0,0,0,0,0,0
6f997ba6-0820-410d-a8c5-533da8ff43ba,0,0,0,0,1,0,0,0,0,0,0
6f9a0850-2dcc-47c5-8559-e661ef0e2125,1,0,0,0,0,0,0,0,0,0,0
6f9d1796-ed57-408f-a833-f136d42827c0,0,0,0,0,0,0,0,0,0,0,1
6fa04a0e-6e5d-40ba-bbf6-a61464f7b331,0,0,0,0,0,0,0,0,0,0,1
6fab7518-6dbc-4f50-a3ef-4d9aafee6ca0,0,0,0,0,0,0,0,0,1,0,0
6faf6801-a934-4045-be67-f8a78e9e875d,0,0,0,0,0,0,0,0,0,1,0
6fb0ac33-e5cb-4992-9753-38fa71877d74,0,0,0,0,0,0,0,0,1,0,0
6fb1f848-8a0d-4608-a327-fd1016cf7b7a,0,0,0,0,1,0,0,0,0,0,0
6fb87d9a-a79e-473b-837f-92b7fee3ad76,0,0,0,0,0,1,0,0,0,0,0
6fbefbda-7415-43a0-82cb-4ca31fdb447e,0,0,0,0,0,0,0,0,0,0,1
6fc687c6-d962-4a15-8a6f-359464cdda48,0,0,0,0,1,0,0,0,0,0,0
6fce2a55-1c18-49d6-ae7c-6538209b3d08,0,0,0,0,0,1,0,0,0,0,0
6fe26a5a-149f-47ac-9c7e-014de3b84a75,0,0,0,0,0,0,0,0,1,0,0
6fe8e19b-cf8a-49a0-a911-bef2c97c4171,0,0,0,0,1,0,0,0,0,0,0
6ffeb22d-f88b-47e1-949d-2aef5da15d28,0,0,0,0,1,0,0,0,0,0,0
7001086c-a061-4825-ad14-2725329edc98,0,0,0,0,0,0,0,0,0,1,0
70013111-6961-4095-9016-12fa15025016,0,0,0,0,0,0,0,0,0,0,1
70078d24-bd61-4f16-b201-b68f3e95cbb7,0,0,0,0,0,0,0,0,1,0,0
7013d03a-2c7f-47fc-9dbd-d400b57ee357,0,0,0,0,0,0,0,0,0,0,1
701862fd-c7b7-47b9-b3d7-c5c5c2e7fbe7,0,0,0,1,0,0,0,0,0,0,0
7021bf6a-7353-4e04-8b90-f06d8dc37c01,0,0,0,0,1,0,1,0,0,0,0
702c8915-d2d4-42be-924f-ba56cc266504,0,0,0,0,1,0,0,0,0,0,0
70319873-c192-4955-9d11-a1cc97a59c3c,1,0,0,0,0,0,0,0,0,0,0
704198da-e2d9-4c49-a16f-2e00bc502720,0,0,0,0,0,0,0,0,0,0,1
7045b630-af3d-4d8c-99f2-38459e92abf6,0,0,0,0,0,0,0,0,0,0,1
704b04df-f414-40b5-b551-9b0d25f8b1f2,0,0,0,0,0,0,0,0,0,1,0
705096e7-e202-4dd5-9689-7a86ec08e3ee,1,0,0,0,0,0,0,0,0,0,0
705703c4-7b3f-496a-b3fb-6f005d879e5b,0,0,0,0,1,1,0,0,1,0,0
705d91d0-7b84-43ea-9683-211d5ce5a285,0,0,0,0,1,0,0,0,0,0,0
705e5b5c-705a-4f14-93f4-6f7e0632b8aa,0,0,0,0,1,0,0,1,0,0,0
706568ad-f3eb-403b-a01d-42c5dea5de6d,0,0,0,1,0,0,0,0,0,0,0
7072c6ca-25c4-433f-a946-d1b3710467cc,1,0,0,0,0,1,0,0,0,0,0
708426d9-948c-470a-a1be-64aa4cb218b3,1,0,0,0,0,0,0,0,0,0,0
7085c6d6-c9c5-4907-b5fc-1b461181de8e,0,0,0,0,0,1,0,0,0,1,0
708a282d-b1c1-4ded-a6bd-60970653ef11,0,0,0,0,0,0,1,0,0,0,0
708e384d-39a6-47f2-9608-0f0dd33d8db4,0,0,0,0,0,0,0,0,0,1,0
70994eed-f9ec-4e28-ae72-98a2d19af2c8,0,0,0,1,1,0,0,0,0,0,0
70a6e472-c77e-4084-a4e0-86784efafd03,1,0,1,0,1,0,0,0,1,0,0
70a7cff3-8a2d-4fa9-a55b-f0e72a3aa6e6,0,0,0,0,0,0,0,0,1,0,0
70b2ad09-1170-4a8c-bcd6-aee4ef766db3,0,0,0,0,0,0,0,0,0,1,0
70bd8f95-e462-418f-b69f-2bef311c6e81,0,0,0,0,0,0,0,0,1,0,0
70d0bf27-3494-4553-99f7-6ec996844ef6,0,0,0,0,1,1,0,0,0,0,0
70d1387c-65b2-46c5-9334-98688f2b6be0,0,1,0,0,1,0,0,0,0,0,0
70d53fc2-d73d-4583-aab3-0abb8bdef222,0,0,0,0,0,0,0,0,0,0,1
70e1bbd5-11cc-4c66-92c7-5d9b1366f4a4,0,0,0,0,0,0,0,0,0,1,0
70eb660f-7ce7-4c9c-96b9-23a5b48af384,0,0,0,0,1,0,0,1,1,0,0
70f964cd-7038-4a49-95dd-93b734475e4f,0,0,0,0,0,0,0,0,0,1,0
70fceb92-5800-4954-a0e2-158d8f3115d7,0,0,0,0,0,0,0,0,0,0,1
7112f396-382f-473a-827a-16791f7e1bb5,0,0,1,1,0,0,0,0,0,1,0
7119cccc-b716-4183-9b62-66b71c8ea282,0,0,0,0,1,0,0,0,0,0,0
7121ef38-8b40-49f1-ab9b-1b666e4287ba,0,0,1,0,0,0,0,0,0,0,0
7123d328-a5c4-4e59-a795-6519dd68e2ad,0,0,0,0,0,0,0,0,0,0,1
71252a82-9c69-4ff1-9d8e-a1bd990b440a,0,0,0,1,0,0,0,0,0,0,0
712b8fa6-2649-4826-9d45-d8a6951e43f1,0,0,0,0,0,0,0,0,0,1,0
713b28f4-cc1c-413a-83a4-644eabcf7c20,0,0,0,1,0,0,0,0,0,0,0
713db6a8-5170-4b01-83ce-793596a8f7bc,0,0,0,0,0,0,0,0,1,0,0
714493d2-112f-42eb-b4f4-be76374c7ebc,0,0,0,0,0,0,0,0,0,1,0
7145ee9f-d2d0-4fee-b01e-0732155a8a35,0,0,0,0,0,0,0,0,0,1,0
714b00f3-b681-4f62-b50f-3c1f0b5e2fdc,1,0,0,0,0,0,0,0,0,0,0
714fe9fc-8c10-4fe5-a862-1af439399d9b,0,0,1,1,0,0,0,0,0,0,0
715154be-d3bd-4263-a108-96af4e62499b,0,0,0,0,0,0,0,0,0,1,0
7155e66d-3352-480a-8bcf-900c805b9a50,1,0,0,0,0,0,0,0,0,0,0
715e83f4-6b7b-4794-a2e3-ca7db3486d40,1,0,0,0,0,0,0,0,0,0,0
7160e46c-318b-4e3e-ac25-32095cb6f2ab,1,0,0,0,0,0,0,0,0,0,0
71658c0d-1987-47cc-9d96-c4f654f2a673,0,0,0,0,0,0,1,0,0,0,0
716e494d-1453-4aec-a88a-bc1e6bd13349,0,0,0,0,0,0,0,0,0,1,0
7171dbe5-1665-4e93-bfe8-2552c6f196ce,0,0,0,0,0,0,0,0,1,0,0
71746176-940c-4150-8206-8b9a7c8b348e,0,0,0,1,1,0,0,0,0,0,0
71790f6f-517d-4bf4-beb1-6bb2aa8cb1ac,0,0,0,1,0,0,0,0,0,0,0
717c2555-3175-4331-b192-8b7760f3fc64,0,0,0,0,0,0,0,0,0,1,0
717f09d5-6009-48a3-a782-41f2e32107ff,0,1,0,0,1,0,0,0,0,0,0
71802c56-5969-4b0b-a344-fed0dd6e59b8,0,0,0,0,1,0,0,0,0,0,0
71815e82-35fa-4cb2-a795-5ff956793066,0,0,0,0,0,0,0,0,0,1,0
71856d7a-13e9-499a-a0a5-657ac32401fa,0,0,0,0,1,0,0,0,0,0,0
71935a61-d722-4b3f-be82-92af4d43bd7e,0,0,0,0,1,0,0,0,0,0,0
719896d2-8197-48df-b94e-1fefbb7b5d4b,0,0,0,0,1,0,0,0,0,0,0
71991f01-4093-430d-997a-f54e7b0153cb,0,0,0,0,0,0,0,1,0,0,0
719dd798-307b-4b72-b5b8-b92a630b4c13,0,0,0,0,1,1,0,0,0,0,0
71a486d3-8285-4ef4-96f0-3ff4abf9dcf2,1,0,0,0,0,0,0,0,0,0,0
71b316d2-ae32-4186-a619-77ddaf1f368f,0,0,0,0,1,0,0,0,0,0,0
71c70c5f-2148-42d4-a5f9-f7740b0e4be1,0,0,0,0,1,0,0,0,0,0,0
71c7923b-9466-49b1-a925-7fda37706726,0,0,0,0,0,0,0,0,0,0,1
71c82298-2fb8-492e-8143-18bce7eed11b,0,0,0,0,0,0,0,0,0,1,0
71c99381-cf36-4be7-811a-797935f0de6b,0,0,0,1,0,0,0,0,0,0,0
71ccac43-952a-49dd-be6e-d9b0458e8e66,0,0,0,0,0,1,0,0,0,1,0
71cee10d-3048-4aa1-8b5c-375ebc843e17,0,0,0,0,0,0,0,0,0,1,0
71dbd4a2-18f6-4c55-8230-5558d4c4a1a2,0,0,0,0,0,0,0,0,1,0,0
71dd25e0-f010-4fa6-b6c5-ac0cb58e0566,0,0,0,0,1,0,0,0,0,0,0
71ec40f0-3139-4aec-b3a6-dcce9a987e27,0,0,0,1,0,0,0,1,0,0,0
71ef8873-2bbc-40d9-9345-e90f38b7067c,0,0,0,0,1,0,0,0,0,0,0
720415e1-0e04-45c6-938c-23cd30a12fed,0,0,0,0,0,0,0,0,0,1,0
7209423c-5fed-478b-80d2-13d4d4dffaf5,0,0,0,0,0,0,0,0,0,0,1
720fefa4-ec0c-4b01-932f-2c094539ae55,0,0,0,0,0,1,0,0,0,0,0
72134ca9-c3f0-44cb-a263-36cce72b9f32,0,0,0,0,1,0,0,0,0,0,0
721769f4-6531-47b4-bfd6-72272dbb44e5,1,0,0,0,0,0,0,0,0,0,0
721922fc-65a7-4040-8650-e1525580bf27,0,0,0,1,0,0,0,0,0,0,0
7226dfa2-b01a-4ee0-b884-d14fbd40656d,0,0,0,1,0,0,0,0,0,1,0
72289c06-8296-4f6e-ac0b-7f8bb9de4335,0,0,0,0,1,0,0,0,0,0,0
723a5698-9241-45d7-abeb-a3237de09981,0,0,0,0,1,0,0,0,0,0,0
723b23ad-fa41-4409-bf50-3cab8c5fe640,0,0,0,0,0,0,0,0,1,0,0
723eea5c-0906-4703-8e84-a77d46622413,0,0,0,1,0,0,0,0,0,0,0
72407d86-4ae8-4dd4-904f-dc876cab4df7,0,0,0,0,0,0,0,0,0,1,0
724107b6-7ed5-4086-9248-b9b98eabe0bf,0,0,0,0,0,0,0,0,0,0,1
72414d2f-b9cc-4b68-8a71-9a2eab17d3ed,0,0,0,0,1,0,0,0,0,0,0
72469855-a9db-40d6-947a-d9b169b35600,0,0,0,0,0,0,0,0,1,0,0
724d1e86-a022-4520-aa81-22f8754e7d1d,0,0,0,0,1,0,0,0,0,0,0
724ea801-0655-4e82-919d-82197dafee8d,0,0,0,0,1,0,0,0,0,0,0
725ea94f-58f4-40e0-ac76-4534e3883a2b,1,0,0,0,1,0,0,0,1,1,0
72608b10-6259-4b4d-93eb-62e7292cf2ca,0,0,0,0,1,0,0,0,0,0,0
7260a9bc-c540-4d04-b4c1-cbc93b74310b,0,0,0,0,0,0,0,0,0,1,0
72616589-bfbf-41ec-94dd-9c4172151c16,0,0,0,1,0,0,0,0,0,0,0
727f7971-f179-4533-9f01-b87ab05ed968,0,0,0,0,0,0,0,0,0,0,1
7281e3d2-3dff-4d64-84c4-be3caba6556f,0,0,0,0,1,0,0,0,0,0,0
728981b9-1bec-455e-8cb7-8fa25668c767,0,0,0,0,1,0,0,0,0,0,0
728b6925-46ca-4ba7-b688-2dceeeee8182,0,0,0,0,0,0,1,0,0,0,0
728fd09a-70b9-4a85-acbd-4e6ec808711b,0,0,0,0,0,0,0,0,0,1,0
7292c2a9-3696-429c-8056-3b40dea3ad0d,0,0,0,0,1,0,0,0,0,0,0
729dff18-7116-4f4c-81a6-b60b01ee3db9,0,0,0,0,0,0,0,0,0,1,0
72abeaf6-f74f-4238-adf1-1a9710d0c787,0,0,0,0,0,0,0,0,0,1,0
72ba11ef-f120-440b-9242-e57febbec3c4,0,0,0,0,0,0,0,0,0,1,0
72c72eed-1b8e-4a47-8879-3685a00af1f8,0,0,0,0,1,0,0,0,0,0,0
72cf56e6-ff27-414e-9fde-57688558668f,0,1,0,0,1,0,0,0,0,0,0
72d40e3d-5c4f-4b09-b64f-6dde648453c3,0,0,0,0,0,0,0,0,0,0,1
72dc2d0f-34a6-4f07-88d7-db85c644ec68,0,0,0,0,0,0,0,0,0,0,1
72df519e-aa69-43fb-a9ca-6d9eb6fb51c0,0,0,0,0,1,0,0,0,0,0,0
72df7302-e3eb-4bd5-be98-ecf54c588698,0,0,0,1,0,0,0,0,0,0,0
72f5a321-f971-4e4f-92f7-c6788ada0c69,0,0,0,0,0,0,0,0,0,0,1
72f85508-d5c3-4740-87e1-4087e5b5b285,0,0,0,1,0,0,0,0,0,0,0
730631aa-c9c3-4663-825b-82f1519b6c32,0,0,0,0,0,0,0,0,0,0,1
7306657d-26a5-4cb2-b407-e0c738c353e9,0,0,0,0,0,0,0,0,0,0,1
73177920-3ad1-4217-8a7e-387d41fab2c2,0,0,0,0,1,0,0,0,0,0,0
7333a24e-584d-4464-b1f2-61aa93b71c11,0,0,0,0,0,0,0,0,0,1,0
7333c32b-211d-489f-b40a-9afa2e19d9b1,0,0,0,1,0,0,0,0,0,0,0
733c86c3-dff7-4d08-9989-bba407448ca0,0,0,0,1,0,0,0,0,0,0,0
7341ceed-7a27-478e-b443-3b0a3a2a09c3,1,0,0,0,0,1,0,0,1,0,0
7349fbba-a283-4151-b35c-042931a098ea,0,0,0,1,0,0,0,0,0,0,0
7350827b-b4ad-4320-a068-f64ad9bb33e2,1,0,0,0,0,0,0,0,0,0,0
7365a5e1-6a1a-4231-b55c-8f8922e86717,0,0,0,0,1,0,0,0,0,0,0
73684fd8-e43d-4777-9aad-cfbbe3722c9e,0,0,0,0,1,0,0,0,0,0,0
73771bec-5ce4-4bb5-93cc-5561b002dd27,1,0,0,0,0,0,0,0,0,0,0
7377e102-73a6-4040-9947-178ddb5b74f2,1,0,1,0,0,0,1,0,0,0,0
738015af-91f9-456d-933e-4995741f139d,0,0,0,0,1,0,0,0,0,0,0
7384f177-bf08-42b2-9c5b-8c0d31ae3a42,0,0,0,0,0,0,1,0,0,0,0
73890d17-db0d-4275-b879-f34369252cef,0,0,0,0,1,0,0,0,0,0,0
73b8cd78-a29b-4a6d-90f4-a2a3770e25b6,0,0,0,0,0,0,0,0,0,1,0
73c2d6fc-fba1-4543-9462-9b48d8c8baad,0,0,0,0,0,0,0,0,1,0,0
73cb62b8-9aac-4444-9a7d-608b51908d6b,0,0,0,0,0,0,0,0,0,1,0
73ccdce9-450e-403b-9c83-7d4b329909f6,0,1,0,0,0,0,0,0,0,0,0
73cfe9cb-b0ec-47d8-ad07-750d6c4832ce,0,0,0,0,0,0,1,0,0,0,0
73d41b79-1464-4152-9eeb-1b71de7371dc,0,0,0,0,1,0,0,0,0,0,0
73e57959-ea6c-4acc-9b8a-e86aba7f6e50,0,0,0,0,1,0,0,0,0,0,0
73e9873d-67d4-417c-a5bc-629b09d52746,0,0,0,0,0,0,0,0,1,0,0
73f0fb63-8be5-4dc8-ba4f-9d236b0f54d0,0,0,0,0,0,0,0,0,0,1,0
73f2fce5-680a-4053-888a-390c941edb0d,1,0,0,0,0,0,0,0,0,0,0
74087740-ea39-4191-bcc8-5f964b698f56,0,0,0,0,0,0,1,0,0,0,0
740bb9f8-2a20-49b6-865c-b48f91d7b78d,0,0,0,0,0,0,0,0,1,0,0
74114c73-2c39-4273-be5d-a7ef013b4ce3,0,0,0,0,1,0,0,0,1,0,0
7415629e-bc29-4493-b62b-d149bd1faa60,0,0,0,0,1,0,0,0,0,0,0
741a7d8d-421b-4331-83ef-c67848297050,1,0,0,0,0,0,0,0,0,0,0
7420fb2f-c51c-4a44-b565-1b9728db3565,0,0,0,0,1,0,0,0,0,0,0
7426dc48-8c1a-467d-9d1b-1ba21ef03f41,0,0,0,0,0,0,0,0,1,0,0
74291c43-6a1c-4a5d-baf5-ad3299eeda82,0,1,0,0,0,0,0,0,0,0,0
743abc35-25fd-4fd6-a65d-6612d32e62c4,1,0,0,0,0,0,0,0,0,0,0
7446ac89-4ad5-400d-b0e7-aecde2e0535b,0,0,0,0,0,0,0,0,0,0,1
744e82b7-6453-48fe-9a91-4898ddaa764d,0,0,0,0,1,0,0,0,0,0,0
7450d0e1-2f4e-4973-b09b-6139553aa0be,0,1,0,0,1,0,0,0,0,0,0
7456be6f-cc26-4836-9d64-43fc0efbe288,0,0,0,0,0,0,0,0,0,1,0
7461642b-e752-4cf9-9399-1f72570b88f8,0,0,0,0,1,0,0,0,0,0,0
7461d45b-8098-434b-a73a-0c3a2317be57,0,0,0,0,0,0,0,0,0,1,0
746515c1-e543-40f4-afe8-08fd51e4ed1b,0,0,0,0,1,0,0,0,0,0,0
7468e48b-fdef-4aa6-a4d3-2a62d6c030aa,0,0,0,1,0,0,0,0,0,0,0
746f1f22-2801-467c-ba9b-08724c5bf347,0,0,0,0,0,0,0,0,1,1,0
747024a5-c69d-46d7-bedb-f923a8435802,0,0,0,1,0,0,0,0,0,0,0
747626a6-2d87-4c9f-a7d7-8be49ca7cb65,0,0,0,0,1,0,0,0,0,0,0
74839ed4-26da-429c-8bec-b8fa536ec268,0,0,0,0,0,0,0,0,0,1,0
74967963-90a7-4dbf-8184-5b1d8649ea45,0,0,0,0,1,0,0,0,0,1,0
749b4639-8c9f-4e74-ab62-c4799b1eb2a5,0,0,0,0,1,1,0,0,0,0,0
749c3500-c851-4dc8-aed4-f53825a7329b,0,0,0,1,0,0,0,0,0,0,0
74a1b532-6f34-4a0d-94f8-604c73457bb8,0,0,0,0,1,0,0,0,0,0,0
74a5f282-3402-4bc1-92a3-e722cc469351,1,0,0,0,0,0,0,0,0,0,0
74ad112f-111a-4101-bc72-78a0720f69e9,0,0,0,0,1,0,0,0,0,0,0
74b6248c-b517-4820-a327-b57ae8637709,0,0,0,1,1,0,0,0,0,0,0
74d98ab4-80b2-4a2e-88cf-7d689cb5481e,0,0,0,0,0,0,0,0,1,0,0
74ea5096-6135-46fa-a747-dbdb28b51273,0,0,0,0,1,0,0,0,0,0,0
75040465-c955-43fb-9005-108e771ed88d,0,0,0,0,1,0,0,0,0,0,0
7509476b-de8d-4c2e-8bda-ee0f57520d32,0,0,0,0,1,0,0,0,0,0,0
75229f34-5c49-4018-93fd-33084d9bb4bb,0,0,0,0,0,0,0,0,1,0,0
75358d84-26c4-459a-a746-c523b97f2fbb,0,0,0,0,1,0,0,0,0,0,0
753e0a32-baef-429e-a8af-599c71957a85,0,0,0,0,0,0,0,0,1,0,0
7555e8e3-b48c-43f8-bef9-13afa4871c3d,0,0,0,0,1,0,0,0,0,0,0
756f3137-29fc-4268-b003-40e61e22f07d,0,0,0,0,0,1,0,0,0,1,0
75752a5b-aaa3-4927-85f7-06dd0b7c1108,0,0,0,1,0,0,0,0,0,0,0
7579179e-0b47-411d-b879-0c650c31c214,0,0,0,0,1,0,0,0,0,0,0
757aa8a3-8141-4190-8778-bfc8b137fab0,0,0,0,0,0,0,0,0,1,0,0
758c9e40-dbc4-4e68-9a12-13abf6255d5c,0,0,0,0,0,0,0,0,1,0,0
75a2fcef-5a3b-4ab1-9af9-91f25f142d5f,0,0,0,0,0,0,0,0,0,1,0
75a8f9a4-c1df-4749-b330-b767b11a71a9,0,0,0,0,0,0,0,0,0,1,0
75ab3fed-cb3c-4498-b779-5f5e1a91f8e9,0,0,0,0,0,0,0,0,1,0,0
75ac738c-f928-41ae-b21d-c432fb7b51ef,0,0,0,1,0,0,0,0,1,0,0
75b108c8-6c04-42fc-8182-b7922d219639,0,0,0,0,0,0,0,0,0,1,0
75bdced7-2693-42c6-93f7-b03cbadb0fd4,1,0,0,0,0,1,0,0,0,0,0
75c9091b-7ee5-40df-b7f3-06399e17adc7,0,0,0,0,0,0,0,0,1,0,0
75ca7fee-3359-4c68-8d18-ede704e8aab3,0,0,0,0,1,0,0,0,0,0,0
75cff92b-1be7-4cba-9583-3525217f0e61,0,0,0,1,0,0,0,0,0,0,0
75d1e06e-8e36-492b-b371-1fc271a4f96c,0,0,0,1,0,0,0,0,0,0,0
75f39b67-4c9a-417b-b6f8-b60486d1aa30,0,0,0,0,0,1,0,0,0,1,0
76214f82-255b-4f26-9298-fec958a4bd96,0,0,0,1,0,0,0,0,0,0,0
7622da29-05f6-4d3f-a7ba-859d47b40746,0,0,0,0,0,0,0,0,0,0,1
7631b04d-c534-41cc-b10b-04ff9ee12e21,0,0,0,0,1,0,0,0,0,0,0
7650a06d-4b4b-4a79-925c-55f07c73045b,0,0,0,0,0,0,0,0,0,1,0
76686dd5-3df9-458a-8faf-59ffddebf955,0,0,0,1,0,0,0,0,0,1,0
766bfbfe-ced1-4dfa-9cd2-07ec41564f94,0,0,0,0,0,0,0,0,1,0,0
76719242-4df8-457d-859f-8a6782252d8a,0,0,0,0,0,0,0,0,1,0,0
767d508d-bd75-4bd0-81de-1bb14723bd8a,0,0,0,0,0,0,1,0,0,1,0
7685cbf4-4cbb-410c-9f1d-b0bf83eee0f0,0,0,0,0,0,0,0,0,0,1,0
7686c46b-36c7-4ae9-b548-81d01cabb157,0,0,0,0,1,0,0,0,0,0,0
76875589-78d7-4450-a1ba-8003ea2b6eb3,0,0,0,1,0,0,0,0,0,0,0
7695a81d-cad6-4ce9-b84f-14da81ab84f0,0,0,0,0,0,0,0,0,0,0,1
769da2ba-58a0-4a88-98cf-b0b8a74f73d4,0,0,0,0,0,1,0,0,0,1,0
76acd290-79e5-48af-9d30-713aaa795f83,0,0,0,0,0,0,0,0,0,0,1
76b2df9f-6c60-4e70-8a06-07eedb4809b5,0,0,0,0,1,0,0,0,0,0,0
76b64f26-2c70-49c8-a783-38213da65494,0,0,0,0,1,0,0,0,0,0,0
76c12ae0-9528-4dea-9f11-d21dba9c3a2b,0,0,0,0,0,0,0,0,0,1,0
76e0dbe9-5f91-481f-bda7-13b73b972dd3,0,0,0,0,0,0,1,0,1,0,0
770ff954-4eb7-4baa-82de-cd043c1b2e8a,0,0,0,0,1,0,0,0,0,0,0
77104f7d-7390-424a-bec9-bef83aeebc27,0,0,0,0,0,0,0,0,0,1,0
7711eee6-8854-4e6d-b18a-3b08b0abe6a3,0,0,0,0,0,0,0,0,0,0,1
77136eff-4ef9-4e4e-a905-43bb718ca16e,0,0,0,0,0,0,0,0,0,1,0
7717594c-4489-4acc-bfa6-ea6d9582de04,0,0,0,0,0,0,0,0,1,0,0
771792fd-0c9d-47aa-b87a-b652a7808074,0,0,0,1,0,0,0,0,0,0,0
771dbc30-3ecf-4422-a51c-76ac169ec25d,0,1,0,0,0,0,0,0,0,0,0
7730e51a-82f9-4f67-a43e-16712b5cc87b,1,0,0,0,0,0,0,0,0,0,0
773a3521-4ec8-4cdd-9509-3caf9402d546,0,0,0,0,1,0,0,0,0,0,0
773d2c98-6d76-4bba-8039-59cbcabdf074,0,0,0,0,0,0,1,1,0,0,0
774a6e4a-86c9-4f07-95a9-0f3d1309ccb1,0,0,0,0,1,0,0,0,0,0,0
774ba8db-54fd-42fd-bcae-2d9decd62aeb,1,0,0,0,0,0,0,0,0,0,0
775502cf-666a-4b5f-b992-2c298f99e985,0,0,0,0,0,0,0,0,0,0,1
7758c128-13bb-452b-a34b-0f3938d06460,0,0,0,0,1,0,0,0,0,0,0
7762c423-d0d3-4217-8c91-242ad7c0552c,1,0,0,0,0,0,0,0,0,0,0
776d893a-51a2-47a0-96c5-ce825457516c,0,0,0,0,0,0,0,0,0,1,0
77844a24-8e67-4493-934d-571a6f906642,0,0,0,0,0,0,0,0,0,0,1
77865b64-516f-4f90-a3a0-d0715b104533,0,0,0,0,0,0,0,0,0,0,1
779b6902-035b-4f0f-9450-cdaee8d4ae3a,0,0,0,0,0,0,0,0,0,0,1
77a0cb97-8b36-41cd-995f-18ce33262a22,0,0,0,0,1,0,0,0,0,0,0
77a5f3d6-c614-415e-835a-e17decb4ffbf,0,0,0,0,0,0,0,0,0,0,1
77a6e103-7d3e-45ed-b841-3bf7f603957b,0,0,0,1,0,0,0,0,0,0,0
77a802f2-5ee4-4cd6-a89c-3936c864be9c,0,0,0,0,1,0,1,0,0,0,0
77bf578d-831f-4e6a-800a-6d7edafd6adc,1,0,0,0,0,0,0,0,0,0,0
77c1daa7-edce-446c-9e2a-9e833aeebf25,0,0,0,0,0,0,0,0,0,1,0
77c5b264-7d5b-4076-8d1c-4ca36033fb0d,0,0,0,0,1,0,0,0,0,0,0
77d8ba87-003d-4700-8ef6-19728b495bfa,0,0,0,1,0,0,0,0,0,0,0
77eaac9c-21f2-4fe8-885d-9b5284205b01,0,0,0,0,0,0,0,0,0,1,0
77ee0740-9dc3-4733-96cd-c8576eb5bf2c,1,0,0,0,0,1,0,0,1,0,0
77f73ff3-e529-46e2-8719-c120efc1f482,1,0,0,0,0,0,0,0,0,1,0
77f83287-6f7c-4821-94e3-525d530134c9,1,0,0,0,0,0,0,0,0,0,0
77fa885c-2a7b-425e-9809-546c8c67bc04,0,0,0,0,0,0,0,0,0,0,1
7807e614-b1cc-4818-82f4-9af18b658d24,0,0,0,0,1,0,0,0,0,0,0
78085f30-da80-4205-9c43-ba348497a4cc,0,0,0,0,0,0,0,0,0,0,1
7809a38f-8de8-40fb-bc1f-2db63b495607,0,1,0,0,0,0,0,0,0,0,0
78115292-d250-4d6a-ae6f-b3510848eb77,0,0,0,0,0,1,0,0,1,1,0
78139f3b-1117-4a54-8e5c-bac14fc50c79,0,0,0,0,1,0,0,0,0,0,0
7816fcf5-65fb-4a61-b6a3-53c592c73312,0,0,0,0,1,0,0,0,0,0,0
7817d2e2-b809-4500-9880-9e6e10336ce4,0,0,0,0,0,0,0,0,1,0,0
782f6b54-04d9-4a4b-a312-b356db7e9215,1,0,0,0,0,0,0,0,0,0,0
78350de8-2ea9-4f1d-b081-2ffc03c437fb,0,1,0,0,0,1,0,0,0,0,0
78427cb4-bb13-474e-a635-47da18585580,0,0,0,0,0,0,0,0,0,1,0
78462eba-188a-40f2-967f-a3822ef237c7,0,0,0,1,0,0,0,0,0,0,0
7847b506-d8d5-42f8-9e3d-c425bd5cb8a8,0,0,0,0,1,0,0,0,0,0,0
785d70d7-cc8a-4dc4-9499-d4ba4a02c9ea,0,0,0,0,0,0,1,0,0,0,0
785f9de8-8f7d-441b-8d8b-44dca15faa7c,0,0,0,0,0,0,0,0,0,0,1
7860a8c4-f5aa-4e6c-9b5b-f33b69606c80,0,0,0,0,0,0,0,0,0,0,1
786499cf-f58a-4968-9037-dff3ac2eaeed,0,1,1,0,0,0,0,1,0,0,0
78703d04-b6cb-4f6a-ac7f-d26fcd12511c,0,0,0,0,1,0,0,0,0,0,0
7882c376-f518-417a-8379-c3b345db65de,1,0,0,0,0,0,0,0,0,0,0
78851734-5493-417c-a89c-fe49bdc5c4fd,0,0,0,0,1,0,0,0,0,0,0
78854d0a-0cdf-4766-8918-2adf64bec32b,0,0,0,1,0,0,0,0,0,0,0
788d9eb8-6abd-4a63-ad0c-ffca17dfe303,0,0,0,0,1,0,0,0,0,0,0
7891b5f5-a133-4bd3-9187-de1bedf4941d,0,0,0,1,1,1,0,0,0,0,0
7896adf8-59a0-4d16-9559-24dba663b61d,0,0,0,0,0,0,0,0,0,1,0
789c6ced-fe19-470a-ae03-354f793f1f5c,0,0,0,0,1,0,0,0,0,0,0
78a8eb92-6293-4eb4-ac99-c9e7ae8921ce,0,0,0,0,0,0,0,0,0,1,0
78aa4df5-1c03-4616-9b6c-0f29232ba83b,0,0,0,0,1,0,0,0,0,0,0
78adb6ef-3d00-4936-98cd-ccd59cf4a459,0,0,0,0,0,0,0,0,0,0,1
78adcb3c-a166-4ff0-925d-87faf7cf1f35,0,0,0,1,0,0,1,0,0,0,0
78ba2bdf-d560-42ba-9690-8c39cd307a77,0,0,0,0,0,0,0,0,0,0,1
78bbff31-b185-4561-b33d-7ca8f712901d,1,0,0,0,0,0,0,0,0,0,0
78c23dfb-b5e8-4a68-b204-84a0c041eeec,0,0,0,0,0,0,0,0,0,0,1
78d15098-13ca-462a-8212-f90e5a1472e4,0,0,0,1,0,0,0,0,0,0,0
78dd6e77-87b7-4cae-8ee4-f7a938a2aa58,0,0,0,0,1,0,0,0,0,0,0
78e05270-c345-4bd9-b049-0b07eeea9a60,0,0,0,1,0,1,0,0,1,1,0
78e981e6-292d-4d86-9d44-12ae0acb26f8,0,0,0,0,1,0,0,0,0,0,0
78eb97d4-35d0-47e7-a3a0-35e5abebf7d7,1,0,0,0,0,0,0,0,0,0,0
78f07043-1369-4175-8280-7659c17d018b,0,0,0,0,1,0,0,0,0,0,0
78f344f6-2444-42fa-9120-a166cf741eda,0,0,0,0,0,0,0,0,0,1,0
78f526be-8b6c-46e0-828a-46adb295cda4,0,0,0,1,0,0,0,0,0,1,0
78fdc906-62b9-4864-8b23-662090629d76,1,0,0,0,0,0,0,0,0,0,0
7906390d-a07d-4e79-b44d-83094e70a997,0,0,0,0,0,0,0,0,0,0,1
790c1875-352e-4a42-8384-5d1a7461c4b3,0,0,0,0,1,0,0,0,0,0,0
7915fd8c-92a5-409d-9b9c-21d440fd0f5c,0,0,0,0,1,0,0,0,0,0,0
79178480-7f97-4ff2-b959-ecff9cadf875,0,0,0,0,0,0,0,0,0,1,0
7921bb5d-33d7-41f1-963b-1390b056e73d,0,0,0,0,1,0,0,0,0,0,0
7934018c-eea0-4e9f-94fa-a80570e8dd8a,0,0,0,0,0,0,0,0,0,0,1
793512ee-56a6-481e-bca5-d6bf4153dfed,0,0,0,0,0,0,0,0,0,0,1
79411cb8-5c8b-4f01-8192-cdaac6ea5e9a,0,0,0,0,1,0,0,0,0,1,0
79421703-f4c9-456e-9ccf-d9b3645a96d7,0,0,0,1,0,0,0,0,0,0,0
794ac23d-d800-45fb-ab8c-8a93b2872904,1,0,0,0,0,0,0,0,0,0,0
795a58e4-43a5-4986-b02c-1b25423359d6,0,0,0,1,0,0,0,0,0,0,0
7961d54e-3045-400b-b5a4-32c93a1563d2,0,1,1,0,1,0,0,0,0,0,0
7969c2d3-7b6e-4a90-9fe2-a1e2ecd95432,0,0,0,0,1,0,0,0,0,0,0
7977244d-9e57-4abb-9b05-0c6a73b89ad6,0,0,0,1,0,0,0,0,0,0,0
798f0800-5477-4ac3-9d47-f4a354202974,0,0,0,0,0,0,0,0,1,0,0
7996b44a-87be-41a3-9a28-8e2bd58ecab6,0,0,0,1,0,0,0,0,0,1,0
799aefb1-2e99-4142-9ade-457d6be43315,0,0,0,1,0,0,0,0,0,0,0
79a17f2f-a3cb-497c-995f-6fe40b0af447,0,0,0,0,1,0,0,0,0,0,0
79a5bd58-d6a2-418d-a938-279a77ba95cb,0,0,0,0,1,0,0,0,0,0,0
79ab658b-1af8-44e9-9e04-24e78fca1071,0,0,0,1,0,0,1,0,0,1,0
79af2291-2f64-4b8d-a889-e36a38b4bf0b,0,0,0,0,0,0,1,0,0,0,0
79b2f365-c774-423a-befd-770ca181bad3,0,0,0,0,0,0,0,0,1,0,0
79c1b3cb-82f6-4ad9-8b41-cbe678a06ea0,1,0,0,0,0,1,1,1,1,1,0
79c216a1-0508-4e63-a0a4-9babae57fad4,1,0,1,0,0,0,0,1,0,0,0
79ce2f71-3095-43f3-b8a6-5199711e48ce,0,0,0,0,1,0,0,0,0,0,0
79e2a51d-a779-4f60-a22b-32c8112fcd36,0,0,0,0,1,0,0,0,0,0,0
79e31398-f477-4955-8fc7-f654b6817af8,1,0,0,1,0,0,0,0,1,0,0
79eca548-a41d-4cc4-ae31-89ae4c1644df,0,0,0,0,0,0,0,0,0,1,0
79f3f7ad-a292-418c-9f4f-1db0e6305f93,0,0,0,0,0,0,0,0,0,1,0
79f8c96d-9d2d-443b-96fb-2d9fa3aea3a5,0,0,0,0,1,0,0,0,0,0,0
7a00047b-5cad-4082-9c64-a3b33d370d9f,0,0,0,0,0,0,0,0,0,0,1
7a2629e0-b647-4c3d-a573-72fa3f255e68,0,0,0,0,0,0,0,0,0,0,1
7a2cc13e-60af-4218-b89f-8a0414d7fc66,0,0,0,0,0,0,0,0,0,1,0
7a371e27-d37a-40f2-92e7-f92ce838f060,0,0,0,0,0,1,0,0,0,0,0
7a38ece8-797b-459e-8952-72300e266723,0,0,0,1,1,0,0,0,0,0,0
7a4bbc6d-6f97-441d-ba7d-dbf81e37e8b6,1,0,0,0,0,0,0,0,0,1,0
7a50735a-5931-4bc8-8fa3-049a3a1cc3b7,1,0,0,0,0,0,0,0,0,0,0
7a59090b-fedc-4bd7-90ec-6b5212aa43f5,0,0,0,0,0,0,0,0,1,0,0
7a5c5ebd-13c4-481b-bb37-927d30be4137,0,0,0,0,0,0,0,0,0,0,1
7a6390c3-6a4e-4d1b-9fc6-62930665b289,0,0,0,0,0,0,0,0,1,0,0
7a6e4ea2-b67d-47da-ad3b-7db8027306a3,0,0,0,0,0,0,0,0,0,0,1
7a783470-cbfa-438a-b390-11a479178286,0,0,0,0,0,0,0,0,0,1,0
7a97c907-3f4e-47ff-ae79-6a1e967ce63d,1,0,0,0,0,0,0,0,1,0,0
7a984582-61fb-433e-980f-97085f2f1fdc,0,0,0,0,1,0,0,0,0,0,0
7a990296-977d-418d-8c21-c1e7e2fc846d,0,0,0,0,0,0,0,0,0,0,1
7a9bf083-3550-4af6-9239-3cc6b092dfb2,1,0,0,0,0,0,0,0,0,0,0
7ab163e2-2a5c-4c97-9df6-e54096f4920d,0,0,0,0,1,0,0,0,0,0,0
7abb18cb-645e-4602-95dc-484bd9a4bf91,0,0,0,1,0,0,0,0,0,0,0
7accfe1e-a715-4686-8f64-221b4f91156b,0,0,0,0,1,0,0,0,0,0,0
7ad0aebd-a7e7-4183-b967-c17c16ebfebe,0,0,0,1,0,0,0,0,0,0,0
7ae00fea-076a-449e-b9f1-07a97e2d4196,1,0,0,0,0,0,0,0,0,0,0
7ae62456-e008-40a8-aafd-4322c9875a41,0,0,0,0,1,0,0,0,0,1,0
7ae6fed5-9bec-4e24-9e3e-a210b17da850,1,0,0,0,0,0,0,0,0,0,0
7ae72646-70bc-4191-834f-e82a28228a3b,0,0,0,0,0,0,0,0,0,1,0
7ae9aa0e-a694-494d-b5a2-dd4ac1dd773f,0,0,0,0,0,0,0,0,1,0,0
7aeba75b-2733-4366-ac5a-3eeb76884c82,0,0,0,0,0,0,0,0,1,0,0
7b0a0471-1fb7-460b-b334-5d64d1275245,1,0,0,0,0,0,0,0,0,1,0
7b0d5101-88e5-4e04-ab21-327ba5931ff9,0,0,0,0,1,0,0,0,0,0,0
7b103819-3ea1-463a-a42d-1bd2fe5439e4,1,0,0,0,0,0,0,0,0,0,0
7b137c48-c647-46c4-a09c-702fd52c84fb,0,0,0,0,1,0,0,0,0,0,0
7b1c3a55-577f-4703-b659-91fd8c5bbcbd,0,0,0,0,0,0,0,0,0,1,0
7b1d8a5d-a730-4dad-ab77-64db11e39c68,0,0,0,0,1,0,0,0,0,0,0
7b2ac9b6-6ae9-4649-9863-6d4861175026,0,0,0,0,0,0,0,0,0,1,0
7b31da89-243e-468e-b263-4600670afc2f,0,0,0,0,0,0,0,0,1,0,0
7b354a31-675b-4690-a6a9-35bed6e83b33,1,0,0,0,0,0,0,0,0,0,0
7b3b460e-f7d3-4cfe-8903-f800599d2e98,0,1,0,0,1,0,0,0,0,0,0
7b3e28a4-938f-49ad-825a-efc355fbecf9,0,0,0,0,0,0,0,0,1,0,0
7b435329-2e70-4292-9bbd-995a3802430f,0,0,0,0,0,0,0,0,0,1,0
7b4ef73e-eca7-4c81-8976-bf1d92f28fb6,0,1,0,1,0,0,0,0,0,1,0
7b506080-002d-4d6e-8a8d-44ef090bdb43,0,0,0,0,0,1,0,0,0,1,0
7b611680-830b-4176-8f5a-f413a5d462f2,0,0,0,0,0,0,1,0,0,0,0
7b662439-5207-4cce-a9b3-706824025662,0,0,0,1,0,0,0,0,0,0,0
7b6a16e8-00d3-484e-96cf-8c01003ddb40,1,0,0,0,0,0,0,0,0,0,0
7b713d49-7564-4885-b41f-3049b5e9f0e8,0,0,0,0,0,0,0,0,1,0,0
7b7ed351-ed17-47b3-97a8-770b10648aa3,0,0,0,0,1,0,0,0,0,0,0
7b8040ca-5c39-4005-a2a4-457fcbd37b57,0,0,0,0,0,0,0,0,0,0,1
7b90a612-9819-49f4-800e-42010c1a527f,0,0,0,0,0,0,0,0,1,0,0
7b95210c-a9c8-44bc-934b-beeabde21c53,0,0,0,0,1,0,0,0,0,0,0
7b96a8d4-3606-4df0-a11b-b785c4811ec0,0,0,0,0,0,1,0,0,0,0,0
7badca60-a340-433a-a2c6-54a5e377585f,0,0,0,0,0,0,0,0,0,1,0
7bc73395-f0ca-46c0-a807-a2f5d9288ee4,0,0,0,0,0,1,0,0,0,0,0
7bcc4aba-b1d8-477f-b410-15330f78c622,0,0,0,1,0,0,0,0,0,0,0
7bcec88f-a858-4bd0-b8a5-f7590e5c5a09,0,0,0,0,1,0,0,0,0,0,0
7bd1111c-b6bb-423d-acb2-f132c83e2617,0,0,0,0,0,0,0,0,0,0,1
7bd4eb96-7f30-40be-8dde-4c64d7058167,0,0,0,0,1,0,0,0,0,0,0
7bd7957f-e049-43a9-8e12-37dcecab1e0b,0,0,0,0,0,0,0,0,0,0,1
7bdae549-69b7-4644-8e95-1403f9ac3dc1,1,0,0,0,0,0,0,0,0,0,0
7bf7c367-d4c5-4ce1-9f04-513ed0a81437,0,0,0,0,0,0,0,0,0,1,0
7bfa2d2b-6864-41e6-8c9a-1ed883b08807,0,0,0,0,0,0,0,0,0,1,0
7bfa4854-f9ad-4015-90ad-83e9a89ddd7d,0,0,0,0,1,0,0,0,0,0,0
7c04167b-5091-4877-a149-c87ba5b79e2b,0,0,1,0,1,0,0,0,0,0,0
7c076a3e-f0a0-4f98-9400-2b66241a5ba4,0,0,0,0,0,0,0,0,0,0,1
7c0e3de8-f4e3-4782-9aa1-d02d628a0af0,0,0,0,0,1,0,0,0,0,0,0
7c13861b-b7a0-423a-ab7d-622245383015,0,0,0,0,0,0,0,0,0,0,1
7c18aa34-fd4b-400b-8501-d497606ce9d0,0,0,0,0,0,0,0,0,0,0,1
7c198860-20eb-4f74-9e33-9add5056b4d0,0,0,0,0,0,0,0,0,0,1,0
7c1a88fa-a998-404d-9744-369f9709aab5,0,0,0,0,0,1,0,0,0,1,0
7c210df6-2a6a-4148-9fc5-ff3cf0a9bc13,0,0,0,0,0,0,0,0,1,1,0
7c289eff-64fb-422d-848e-7acad3c717ec,1,0,0,1,0,0,0,0,0,1,0
7c2d3d6f-aa96-4d1a-a020-20db470e8f6f,0,0,0,1,0,0,1,0,0,0,0
7c2d4c84-e681-495b-bf4a-3ea5134b0b80,0,0,0,0,1,0,0,0,0,0,0
7c337edb-8f7e-4db0-8e0c-abbe94a61e8b,0,0,0,0,1,0,0,0,0,0,0
7c340ac6-6f91-4526-a0f0-692c9312a3e4,0,0,0,0,1,0,0,0,0,0,0
7c5c054b-59f9-41ee-aa1d-fe49a353df5d,1,0,0,0,0,0,0,0,0,0,0
7c5c9319-e18c-4b5e-b5e9-59787231b4a0,0,0,0,0,1,0,0,0,0,0,0
7c61f6a2-8f5b-4b2b-a9a2-131fc9d38ac3,0,0,0,0,0,0,0,0,1,0,0
7c671d78-c2a9-408a-b817-38f38bc0586a,0,0,0,0,0,1,0,0,1,1,0
7c6866d6-8b19-46c1-92b6-63ae29e94414,0,0,0,0,0,0,0,0,0,0,1
7c6cb984-1802-49e8-889f-8e65ad344286,0,0,0,0,0,0,0,0,1,0,0
7c6dfbfe-27eb-4936-9062-f51729f83ecb,0,0,0,0,0,0,0,0,0,1,0
7c9a086d-8e10-40e6-b0e5-6e7f3601a86d,0,0,0,0,1,0,0,0,0,0,0
7c9a8930-de1d-4669-9e1c-7f9e744a8638,0,0,0,0,1,0,0,0,0,0,0
7ca5c0d0-96d4-4e54-8376-54911e7f78d0,0,0,0,0,1,0,0,0,0,0,0
7ca6f282-8bbf-4c41-a399-10290d13458b,0,0,0,1,0,0,0,0,0,0,0
7cac3aff-5aba-4783-b6eb-7c1563962c2e,1,0,0,0,0,0,0,0,0,0,0
7caf5e22-e3c8-4ebc-a4c2-4b898b4670a2,0,0,0,0,1,0,0,0,0,0,0
7cb2aec7-13f3-4131-a755-846dd0584f67,1,0,0,0,0,0,0,0,0,0,0
7cb751bc-f458-4d09-866b-8b94d7726530,0,0,0,0,0,0,0,0,0,0,1
7cbd23c7-2a84-4e7c-b472-2b69c4653b35,0,0,0,0,0,0,0,0,0,0,1
7cc7d7d5-0a19-4c41-808a-6d22b2e3a6b8,0,0,0,0,1,0,0,0,0,0,0
7ccafcd7-eece-4e08-847f-8bb9d3ec77cd,0,0,0,0,0,0,0,0,0,0,1
7ccca46b-0eff-43a0-ab78-8bbbe7edbb97,1,0,0,0,0,0,0,0,0,0,0
7cd98f39-1a54-42b4-b512-0e8eb5351b85,0,0,0,0,0,0,0,0,1,0,0
7ceb7842-7ada-4024-bc13-5528421fd742,0,0,0,0,0,0,0,0,0,1,0
7cec11aa-e4cb-412f-8387-a85ddebc47c9,0,0,0,0,0,0,0,0,1,0,0
7cef03eb-9e5e-4665-9f2a-560309fff0fa,0,0,0,0,0,0,0,0,1,0,0
7d13ff26-ab17-4f76-8573-ceedef1f5c39,1,0,0,0,0,0,0,0,0,0,0
7d15688a-407a-47f2-aa89-0af20d2d3bd3,1,0,0,0,0,0,0,0,0,0,0
7d15c824-7ff2-4a06-96c0-5c15d20ffa5d,0,0,0,0,1,0,0,0,0,0,0
7d1d7311-eb30-47a3-a69d-c1f037e99c52,0,0,0,0,0,0,0,0,0,0,1
7d24f3e0-2c4a-407c-9e94-115aa54b0217,0,0,0,0,0,0,0,0,0,1,0
7d2c6830-96fe-446c-a7d0-62acb6bccbc8,0,0,0,0,0,0,0,0,1,0,0
7d359d9f-018d-4bff-9180-1faedb21d0c2,0,0,0,0,1,0,0,0,0,0,0
7d3652f0-54a0-485e-81ac-224b3da00388,1,0,0,0,0,0,0,0,0,0,0
7d47ba15-e596-4728-bc6e-da33cefff55d,0,0,0,0,1,0,0,0,0,0,0
7d48d56e-79d2-418e-882e-1dd4cc909dc8,0,0,0,0,0,0,0,0,0,0,1
7d53fb4f-96a0-4cd8-afc0-e3b4f2d1e6e2,0,0,0,0,0,0,0,0,0,1,0
7d5ad416-7aaf-47ff-8fb0-f40c92b7f288,0,0,0,1,0,0,0,0,0,0,0
7d652931-f518-4ca3-9c32-17ee4342ce55,0,0,0,1,0,0,1,0,0,1,0
7d73d7a8-1dad-467d-a580-da09d4713a69,0,0,0,0,0,0,0,0,0,0,1
7d793136-4277-447c-8483-20fcc77ca666,0,0,0,0,1,0,0,0,0,0,0
7d7a9b60-068c-494e-9061-99e612d235b7,0,0,0,0,0,0,0,0,0,0,1
7d8103d9-e3bb-4db1-9bd0-a2cb94f25ad8,0,0,0,0,1,0,0,0,0,0,0
7d8382c6-e917-4cc4-b2dc-34ec900a9557,0,0,0,0,0,0,0,0,0,0,1
7d889c2a-4357-467c-86e4-96ec6d8ee91e,0,1,0,0,1,1,0,0,0,0,0
7d8a28fb-d063-4799-97ce-730f9b393d13,0,0,0,0,0,0,0,0,1,0,0
7d8ab51e-24dd-40bf-b2d9-d664d0b1aa0f,1,0,0,0,0,0,0,0,0,0,0
7d8efedf-6cc8-45b6-88e2-e0fe30fddfb0,0,0,0,0,1,0,0,0,0,0,0
7d98df4a-19ea-4c40-994c-f3fb6206dd0d,0,0,0,0,0,0,0,0,0,0,1
7d9f5f42-20ee-44b9-b70e-30b176bc10b3,0,0,0,0,1,0,0,0,0,0,0
7da0a922-fb0d-498a-ad15-33f9ab86e03a,0,0,0,0,1,0,0,0,0,0,0
7da0e531-d980-46b3-afdf-f11cad86f54c,0,0,0,0,0,0,0,0,0,1,0
7da489b4-0adf-4a36-8426-65205c2dd620,0,0,0,0,0,0,0,0,1,0,0
7da56251-f2da-4bfa-8ccc-f0e6db91ee48,0,0,0,0,1,0,0,0,0,0,0
7da58e5d-3f92-4439-85ac-79bb8aac5488,0,0,0,0,1,0,0,0,0,0,0
7da86ed2-6817-410d-9d8b-2c2b19eaaf03,0,0,0,1,0,0,0,0,0,0,0
7dad494d-dee8-42f6-b694-1b981f31b169,0,0,0,0,1,0,0,0,0,0,0
7db20d02-c6a0-4dbc-9665-88c97cc0c1b4,1,0,0,0,0,0,0,0,0,0,0
7db2c4a6-d3c2-4aaa-94b1-41a9738d9d0a,0,0,0,0,0,0,0,0,0,0,1
7dc66528-b73f-4bdb-bf88-374f376e2dbf,0,0,0,0,0,0,0,0,0,1,0
7dc9c53d-5aa8-4968-82ba-3ee90b0d6e92,0,0,0,0,1,0,0,0,0,0,0
7dca3149-a5a2-498e-8388-bc009a1b14af,1,0,0,0,0,0,0,0,0,0,0
7dcb58ab-88c1-43f7-a3bb-4817730eb307,0,0,0,0,0,1,0,0,0,0,0
7dcbd152-0419-456a-8f41-0baaeeed82ef,0,0,0,0,0,0,0,0,0,0,1
7dd3fea9-bdd6-417e-95bd-c8921d6f8053,0,0,0,1,0,0,0,0,0,0,0
7dd54027-e210-4202-94f3-2d6c8b0392ca,0,0,0,1,0,0,0,0,1,0,0
7ddcf9e6-da61-4763-b77d-5659c7a03e14,0,0,0,0,0,0,0,0,0,0,1
7de69faf-7cac-4caf-8dd7-f397e4e5de13,0,0,0,0,0,0,0,0,1,0,0
7df1725d-0b7b-45a0-adc2-c2d1ef03dbb8,1,0,0,0,0,0,0,0,0,0,0
7df2d64a-5208-438d-8ea1-6532096088dd,0,0,0,0,1,0,0,0,0,0,0
7df3994b-6298-4be0-8eb4-01d00f3c96af,1,0,0,0,0,0,0,0,0,0,0
7df51195-6d98-45ef-b818-db85dbc5604c,0,0,0,0,1,0,0,0,0,0,0
7df771d5-79a3-474d-94d6-32dbc032b332,0,0,0,0,0,0,0,0,1,0,0
7e0d3cda-5678-49af-81fb-3e7e5e7ba15b,0,0,0,0,1,0,0,0,0,0,0
7e114715-4029-493a-b2b8-a95e5737765f,0,1,0,0,1,0,0,1,0,0,0
7e186a75-cde4-4eda-901f-07a963dc5a38,0,0,0,0,0,0,0,0,0,1,0
7e20fd64-145c-4225-b213-4a9f77159f9e,1,0,0,0,0,0,0,0,0,0,0
7e280d7f-36cc-43d5-8520-6a854bdbc13e,0,0,0,0,0,0,0,0,1,0,0
7e42ad7c-7d6d-4ce1-a426-de589bcf0b05,0,1,0,0,1,0,0,0,0,0,0
7e452732-5acf-41d4-b50a-b8eaf30a2d11,0,0,0,0,0,1,0,0,1,0,0
7e46d355-80ab-4705-b4b7-811a85af13f5,0,0,0,1,0,0,0,0,0,0,0
7e475116-1fa9-4f80-81e2-f2e9ab8eddfd,0,0,0,0,0,0,0,0,1,0,0
7e4a4435-e5ed-41b3-bed8-ac391a57d27d,0,0,0,0,0,0,0,0,0,0,1
7e53028d-b695-4003-acff-14f82edb7d32,0,0,0,0,0,1,0,0,0,0,0
7e5bfd73-add5-4aa7-aa69-563881abe9ab,0,0,0,0,0,0,0,0,0,0,1
7e5e9b96-7468-4135-91fa-f2fcd22d7473,0,0,0,0,0,1,0,0,0,0,0
7e6282cf-a3d0-45bb-ae3f-89b68528958e,0,0,0,0,1,0,0,0,0,0,0
7e6ac5be-750b-4c7d-bb23-978f76c41d93,0,0,0,0,0,0,0,0,0,0,1
7e70c3a4-93ab-4a85-a2b8-26397b469111,0,0,0,0,0,0,0,0,0,0,1
7e75681b-c24d-4718-8e5b-9b90fae6a0e6,0,0,0,0,1,1,0,0,0,1,0
7e809711-d5c3-4d4c-a5e6-1d05c2af67de,0,1,0,1,1,0,0,0,0,0,0
7e8a658c-a3b5-4bc5-933a-c82bf00efe0d,0,0,0,0,0,0,0,0,0,0,1
7e8f6f44-5730-4b28-ab74-55b4b1d792bd,0,0,0,0,0,0,0,0,0,0,1
7e91796c-fe20-48f4-aae7-b2d1f3fa64d7,1,0,0,0,0,0,0,0,0,0,0
7e94b7f9-eb28-4051-9d4c-5c91505285d9,0,0,0,0,0,0,0,0,0,1,0
7e9b8e6c-d328-406b-aa5d-9d22f4a1ee2e,1,0,0,0,0,0,0,0,0,0,0
7ea962b3-1aad-4f1c-bbce-9b552f52bed1,0,0,0,0,1,0,0,0,0,0,0
7eae4ed6-9887-4b53-902a-1388f69b702e,0,0,0,1,1,0,0,0,0,1,0
7eb18178-0469-4af8-9a21-3941ea98e74f,0,0,0,0,0,0,0,0,0,0,1
7eb694d7-a8bc-478a-a688-855cd93e2db9,0,0,0,0,1,0,0,0,0,0,0
7ec7d9bc-9a83-48d8-b610-777066804b98,0,0,0,1,0,0,0,0,0,0,0
7ed79565-396e-4fcd-b56d-42d77dfa81be,0,0,0,0,0,0,0,0,0,0,1
7ee169c0-52c2-4410-ba08-d71d0c4e5fbb,0,0,0,0,0,0,0,0,0,1,0
7ee892d1-66b2-4abc-8be7-ac81e7fe8bed,0,0,0,0,0,0,0,0,0,1,0
7ef834c3-0b27-4133-97f4-84cd2bf053d9,0,1,0,1,0,0,0,0,0,0,0
7efbabeb-ef80-4857-b121-b7d86c52af81,0,0,0,0,0,0,0,0,0,0,1
7efcaa15-648d-47d2-a1a1-c52c014a736f,0,0,0,1,1,0,0,0,0,0,0
7f00e81d-3c8a-4f01-b92e-d7b8bee92dff,0,0,0,1,0,0,0,0,0,0,0
7f0154f3-ca9b-41d2-a778-ce3d2e4218d1,0,0,0,0,0,0,0,0,0,0,1
7f0360b1-2510-4d15-be0e-97ac38535314,1,0,0,0,0,0,0,0,0,0,0
7f073c9d-0439-4ab8-b264-b47ab4bd9c73,0,0,0,0,0,0,0,0,0,0,1
7f206e12-11ea-42b6-92ca-2551b4f200d3,0,0,0,0,0,0,0,0,0,0,1
7f22a75f-5651-421c-a98a-67a69ad35675,0,0,0,1,0,0,0,0,0,0,0
7f278986-69b7-4461-a584-eddc03d81ef0,0,0,0,0,0,0,0,0,0,0,1
7f289490-a96b-42d7-b7f7-31d6dbc9b378,0,0,0,0,1,0,0,0,0,0,0
7f3283e2-62d3-4a2d-9f2b-947cafb2be01,0,0,0,0,0,0,0,0,1,0,0
7f334d9f-0cfd-4ffa-ab9b-dbf0f7e0f289,0,0,0,0,1,0,0,0,0,0,0
7f35b4b4-5efd-4298-9f0a-ae839211ecdf,0,0,0,0,1,0,0,0,0,0,0
7f38425d-9b89-4f80-ab18-6f0fe3707adc,0,0,0,0,0,0,0,0,1,0,0
7f3a5b4d-b489-43dc-9d2d-1c5f91195fae,0,0,0,1,0,0,0,0,0,0,0
7f3ec7b2-9b18-4244-a2bf-2e8185e82cba,1,0,0,0,0,0,0,0,0,0,0
7f433ddc-714f-4dad-a9d2-fd3d8ca15a4d,0,0,0,0,0,0,0,0,0,1,0
7f439e2f-bf62-4a52-b6ef-b84d6c6b562b,0,0,0,1,0,0,0,0,0,0,0
7f46ca93-afaa-4987-93f5-efafa60f4268,0,0,0,0,0,0,0,0,0,0,1
7f4988ab-5854-4e32-9f00-17e1a33594b0,0,1,0,0,1,0,0,0,0,1,0
7f613608-268a-47de-bab2-15af7d965b1d,1,0,0,0,0,0,0,0,0,0,0
7f64fba9-900a-4557-abf6-da475a31adbd,0,0,0,0,0,0,0,0,0,1,0
7f656644-4195-4b17-bc84-87bf8d1c620a,0,0,0,0,0,0,0,0,0,0,1
7f66f149-8420-414d-aca9-e63eaf867d76,0,0,0,0,0,0,0,0,1,0,0
7f67e4cf-5f4b-4b4a-9dad-755735bd71ec,1,0,0,0,0,0,0,0,0,0,0
7f692bc5-245b-42a0-adf6-45b18c195636,0,0,0,0,0,0,0,0,0,1,0
7f6a803e-f860-4ed6-8a09-319e3525b7ba,0,0,0,0,0,0,1,0,0,0,0
7f6dec38-94e2-4d35-b694-1963fbbe8c57,0,0,0,0,0,0,0,0,0,1,0
7f7249ab-c935-4ce4-aac5-3b08bfb25dea,0,0,0,0,1,0,0,0,1,0,0
7f9734d0-61d3-4f7a-b106-b009b1a2e919,0,0,0,0,0,0,0,0,0,1,0
7fa25fbc-4f4a-414a-bf28-1693b7063251,0,0,0,0,1,0,0,0,0,0,0
7fa509ca-b0b4-4560-8655-a06143e6d06d,0,0,0,0,1,0,0,0,0,0,0
7fa64dfe-342f-45d9-aceb-0f313faf0689,0,0,0,0,0,0,0,0,0,0,1
7fafb6fa-791e-48b3-9152-292c3fad1a02,1,0,0,0,0,0,0,0,0,1,0
7fb9eb8b-5406-421c-a6b1-136d56f4aa02,0,0,0,0,1,0,0,0,0,0,0
7fbcbd0f-a795-40c9-b694-a878e033f243,0,0,0,1,0,0,0,0,0,1,0
7fceec1a-b1ef-4ecc-96f3-7647120dec23,0,0,0,0,0,0,0,0,0,0,1
7fd3e729-8d6c-4b28-bf41-514987d3490e,0,0,0,0,1,0,0,0,0,0,0
7fd7f67a-3019-414f-90c9-af3b67d33211,0,0,0,0,0,0,0,0,0,0,1
7fdb417d-ef09-4c65-95fb-460ef695543c,0,0,0,0,1,0,0,0,0,0,0
7fe32405-f0d6-4c37-a023-ce44a2e5234a,0,0,0,0,1,0,0,0,0,0,0
7fe448b0-d08e-4ecd-9cc5-26d532038cd7,0,0,0,0,1,0,0,0,0,0,0
7fe536d9-5b3d-4847-9d1e-a22e8227e4b2,0,0,0,0,0,0,1,0,0,0,0
800265b5-8a29-44c2-b8d6-02d16420e4ef,0,0,0,0,1,0,0,0,0,0,0
800a3ca0-f169-4312-bbbe-c80582a2b35e,0,0,0,0,0,0,0,0,0,0,1
800a3e02-58a5-41e6-a3f4-92762b25aa38,0,0,0,0,0,0,0,0,0,1,0
80108f4f-00ab-41af-9a25-9d069f9b71e0,0,0,0,0,1,0,0,0,0,0,0
801193c4-2902-479c-8822-1b730a64ff61,0,0,0,0,0,0,0,0,0,0,1
80120f7a-b719-4449-8e2b-2cfdb49a5dc6,1,0,0,0,0,0,0,0,0,0,0
801761f4-e8f3-4106-bbc1-35615b7181cb,1,0,0,0,0,0,0,0,0,1,0
801c827c-4a39-4da6-a1f6-312ffc483c48,0,0,0,0,0,0,0,0,0,1,0
802a40df-3b04-4a11-bac1-6944b7a3dd8a,0,0,0,1,0,0,0,0,0,0,0
8035136d-0fe7-42e4-a834-3c9916be929f,0,0,0,0,0,0,0,0,0,1,0
80366c23-7dd4-48e4-b25a-26d00bdd84bb,0,0,0,0,0,0,0,0,0,1,0
804d4c62-99aa-4ec2-9890-b52f117f5949,0,0,0,0,1,0,0,0,0,0,0
8055a6f7-9e6d-4e6e-9b1d-2d3ea1b25c90,0,0,0,1,1,1,0,0,0,1,0
80638362-bad8-4c78-89d4-d5da702e5ddf,1,0,0,0,0,0,0,0,0,0,0
8069a612-713e-49d6-8849-d3ef748cdd02,0,0,0,1,0,0,0,0,0,0,0
80872a67-4a12-420e-920d-d2eb593c4203,0,0,0,0,1,0,0,0,0,0,0
8090a806-1939-450f-ac23-eed06b4be09a,0,0,0,0,0,0,0,0,0,1,0
809606ba-e161-4750-9ed8-57a68b8f4602,0,0,0,0,0,0,0,0,1,0,0
809d56ba-c9f7-4e37-9313-5fe99a7d8280,0,1,0,0,0,0,0,0,0,0,0
80a7f12c-9184-4188-b6c2-e91587342c5c,0,0,0,0,1,0,0,0,0,0,0
80ad894f-c52e-4b6f-a41c-6de0742bd110,0,0,0,0,1,0,0,0,0,0,0
80aea145-c4ce-4663-94d7-b8a031d250de,0,0,0,0,1,0,0,0,0,0,0
80bd9a4d-01aa-41c1-967e-67d520929041,1,0,0,0,0,0,0,0,0,1,0
80c0d1f9-1d03-4d04-bf9f-011ff4deb1d3,0,1,0,0,1,0,0,0,0,0,0
80c462c2-eb63-4511-af85-62be14db204c,0,0,0,0,1,0,0,0,0,0,0
80d1fb53-d759-4236-8b8d-cc5a389079cd,0,0,0,0,0,0,0,0,0,0,1
80de1afc-9a59-4021-a23d-c4f5bfb3bc12,0,0,0,0,1,0,0,0,0,0,0
80df0dae-a561-4797-948a-257a8c1bb599,1,0,0,0,0,0,0,0,0,1,0
80f2f39c-0aee-48e6-acaa-73076b29180f,1,0,0,0,0,0,0,0,0,1,0
80f738c8-1f37-4125-8542-6dac9f70f6ad,0,0,0,0,1,0,0,0,0,0,0
8101ae21-8074-46aa-afed-be2bf2a3fc2a,1,0,0,0,0,0,0,0,1,0,0
8104a1b2-a050-4d12-bcf7-1711e04fa025,0,0,0,1,0,0,0,0,0,0,0
810ddc0a-1626-405e-95df-a3081ba50cc6,0,0,0,0,1,0,0,0,0,0,0
811545a8-543e-4787-93d0-1839db06139b,0,0,0,0,0,0,0,0,0,0,1
8120fee2-c526-4570-ad54-c0f0a089c1d8,0,0,0,1,0,0,0,0,1,0,0
8123e892-c60d-4484-8a9a-c49605423506,0,0,0,0,1,0,0,0,0,0,0
812e8719-73cf-4eb3-ac3b-758cab81c9b7,0,0,0,0,0,0,0,0,0,1,0
812f6a81-7dc6-4a30-a961-d18428ba9952,0,0,0,0,1,0,0,0,0,0,0
813657f4-c65c-4570-b716-1dbef78a0391,0,0,0,0,1,0,0,0,0,0,0
8137aff3-84e8-43ef-bb7f-eae997c69904,0,0,0,0,1,0,0,0,0,0,0
813d42ef-cbec-41af-9270-29bcbfa11923,0,0,0,0,0,0,1,0,0,0,0
81401464-b69c-441f-b04c-5052d331b195,0,0,0,0,0,0,0,0,0,0,1
8141644d-0761-4929-9c69-aa722475863e,0,0,0,0,0,0,0,0,0,0,1
814552bb-4387-4bc3-9117-9932dc17b0c7,1,0,0,0,0,0,0,0,0,1,0
814d56e1-2c27-48e1-b984-629ea755ce49,0,0,0,0,1,0,0,0,0,0,0
8157868a-0e6f-45b3-b65a-aa6c178e8cf1,0,0,0,0,0,0,0,0,0,0,1
81607aa8-e517-4944-a2da-304a720fb3d9,0,0,0,0,0,0,1,0,0,0,0
8165851b-c274-4600-9502-d94dabd798e7,0,0,0,0,1,0,0,0,0,0,0
81692383-1d0f-4256-952b-cb5ba762c647,0,0,0,0,0,0,0,0,0,0,1
817559e1-f469-4a04-82a4-64fe967453ed,0,0,0,0,0,0,0,0,0,1,0
8180641f-893a-426b-8317-13c60445384b,0,0,0,0,1,0,0,0,0,0,0
81811797-8396-4515-a27d-d75e21f7cbfb,0,0,0,0,0,0,0,0,0,0,1
818303d4-80d3-416b-bcdf-1d6f33eedb53,0,0,0,0,0,0,0,0,0,1,0
8186708c-4d66-46ec-977d-38ffd71b08ed,0,0,0,0,1,0,0,0,1,0,0
81876736-d55a-480e-801b-5de0d5a4f0bd,0,0,0,0,1,0,0,0,0,0,0
81977d73-77aa-4b57-9134-56e17f6149a4,0,0,0,0,0,0,0,0,0,1,0
8197bb04-1481-4388-9582-55e00f704be2,0,0,0,0,0,0,0,0,1,0,0
81981b0d-2e5e-40c1-a8a3-fb1c834e9dad,0,0,0,1,0,0,0,0,0,0,0
8199f2c8-e4e2-460f-b238-a27215beaa62,1,0,0,0,0,0,0,0,0,0,0
81a3a413-a7c4-4991-9f20-ffc724c9f707,0,1,0,0,1,0,0,0,0,0,0
81b44274-b974-4ba3-b580-425f076a24e3,0,0,0,0,1,0,0,0,0,0,0
81b72b28-f8ac-4217-a669-2ab8bf1d9fee,0,0,0,0,0,0,0,0,0,0,1
81bdf441-b654-464d-a476-7abef5869152,0,0,0,0,0,0,0,0,0,0,1
81c375e5-58ac-42eb-98d1-869b41728e2a,0,0,0,0,0,0,0,0,0,0,1
81cac3b8-409c-4e6d-8627-6f14807784ef,0,0,0,0,1,0,0,0,0,0,0
81cde7dc-d031-4743-a99f-1502e3cbeb04,0,0,0,0,0,0,1,0,0,0,0
81d07672-f742-48d3-99ca-7eec1896e8df,0,0,0,0,1,0,0,0,0,0,0
81e02ae3-c4b6-4813-9472-09bf33ca403a,0,0,0,0,0,0,0,0,0,0,1
81e3a610-7702-4e70-a950-f12a00b23bef,0,0,0,0,0,0,0,0,0,1,0
81e7e045-1deb-403d-9be2-2fb097801da1,0,0,0,0,1,0,0,0,0,0,0
81ea8e67-619c-47d1-aac7-9a187f567b77,0,0,0,0,0,0,0,0,0,1,0
81edb3ed-8d4d-4f6d-ade7-4292260741fb,0,1,0,0,0,0,0,0,0,0,0
8209f124-254f-4e14-8502-262f5ba05887,1,0,0,0,0,0,0,0,0,0,0
820e2082-49d3-4d3d-bbd7-4c75773a24e5,0,0,0,0,1,0,0,0,0,0,0
8212b74a-bd02-4c96-8e51-5cdb83fda1b0,0,0,0,0,1,0,0,0,0,0,0
82173d74-fcea-4511-a093-d7c348ef8169,1,0,0,0,0,0,0,0,0,0,0
8229259a-01e3-4c1b-b8b8-e989d07aea3c,0,0,0,0,0,0,0,0,0,1,0
822df1f4-c8cd-4922-b245-cd90babdae1a,0,0,0,0,1,0,0,0,0,0,0
823240a1-2f72-498e-b2a4-3159b6da0e11,1,1,0,0,0,0,0,0,0,0,0
82399347-f2ae-42a2-8512-96fc98a54b3b,0,0,0,0,0,0,0,0,0,1,0
823cf65e-d9dc-4c25-ab6f-8e8b045e5f1b,1,0,0,0,0,0,0,0,0,0,0
82469195-e89b-4b45-b386-646aa846c6a5,0,0,0,0,1,0,0,0,0,0,0
8250264e-e009-429f-9684-655daa00b22f,0,0,0,0,1,0,0,0,0,0,0
8252235a-0c86-4494-9dbe-7c4b751b7cde,0,0,0,0,0,0,0,0,0,1,0
82526025-a217-4530-af0a-2a2c6ae06700,0,0,0,1,0,0,0,0,0,0,0
825a9cab-68a4-477f-aec0-bdb6802ab622,0,0,0,1,0,0,0,0,0,0,0
825e7a91-6c7f-4a0f-81ea-0bf046ceed9b,1,0,0,0,0,0,0,0,0,0,0
825e7bc8-613e-4e36-9c95-914b54406938,0,0,0,0,1,0,0,0,0,0,0
825f1813-e2e9-4ab0-9ec3-13eacbf4d1df,0,0,0,1,0,0,0,0,0,0,0
827c1366-20b0-4eeb-8837-7111399bdf40,1,0,0,0,0,0,0,0,0,0,0
8287487e-9a7e-4b08-bec3-1e01864f9ded,0,0,0,0,0,1,0,0,0,0,0
8289ce07-e826-4b2c-a40e-23b7ca31659d,1,0,0,0,0,0,0,0,0,0,0
828a6fe1-f5e1-49df-85d9-7fcceeb7f1a7,0,1,0,0,1,0,0,0,0,0,0
828ce865-ad55-4a04-9883-6d9ee52e31ee,0,0,0,0,0,1,0,0,0,0,0
82905563-77de-49bb-a407-c26f2cbd0f6b,0,0,0,0,1,0,0,0,0,0,0
82985d02-dce8-4582-a7c1-30d931030ea3,0,0,1,0,1,1,0,0,0,0,0
82a46f73-9897-456c-8b4a-eaa7db7b5745,0,1,0,0,0,0,0,0,0,0,0
82a85e8c-cced-4116-b28f-d5896b13c1af,0,0,0,0,0,0,0,0,0,0,1
82ace3cf-dfee-41ad-be97-395e550d0bf9,0,0,0,0,0,0,0,0,1,1,0
82adb326-675f-42a2-98d9-11579b12be37,0,0,0,1,1,0,0,0,0,0,0
82af25c6-ab16-4ade-bd3e-965dfd90ab7c,0,0,0,0,1,0,0,0,0,0,0
82b7245b-757e-4d6d-b9d4-bd8665fe0181,0,0,0,0,0,0,0,0,1,0,0
82c24ccb-d803-4fc5-a72a-64e20e479b48,0,0,0,1,0,0,1,0,0,0,0
82c75255-8630-4e59-88f3-50df7f304c49,0,0,0,0,0,0,0,0,0,1,0
82cb8702-52c5-4cdc-a45b-0ecbb906034a,0,0,0,0,0,0,0,0,0,1,0
82cce88b-526d-4a0f-823b-bb7ab3cd39ea,0,0,0,0,1,0,0,0,1,0,0
82d61cda-33a8-401f-9f60-d28a233abed1,0,0,0,0,0,0,0,0,0,1,0
82d73601-23ce-4fad-bb0d-e747cbea8e13,1,0,0,0,0,0,0,0,0,0,0
82e5459f-7737-4189-8e4e-82f524e4dc27,0,0,0,0,1,0,0,0,0,0,0
82e5987a-769d-4d2c-bdbe-7453d12d8450,0,0,0,0,1,0,0,0,0,0,0
82ec53d2-4cf7-4234-a5ca-b1410cf3b1e8,1,0,1,1,0,1,0,0,0,1,0
82ed5485-65ed-4924-b107-84de0fc78a0a,0,0,0,0,0,0,0,0,0,0,1
82f17332-3bb8-464e-bbc6-c97c384f5e9f,0,0,0,0,0,0,0,0,0,1,0
82f9ca3d-6f82-45b6-a7a4-2ade0e967a26,1,0,0,0,0,0,0,0,0,0,0
82f9f4bd-cb17-4f97-b562-08aa888922d5,0,0,0,0,1,0,0,0,0,0,0
82ff1a38-a967-4195-8201-beeab60ae380,0,0,0,0,0,0,0,0,0,1,0
83105727-e067-44e6-ae0d-2dc6bcd491dc,0,0,0,0,0,0,0,0,0,0,1
83172893-6608-44c8-9bc9-82fbb55b3826,0,0,0,1,0,0,0,0,0,1,0
8322475a-d0bf-44d9-aca6-0b66f940bbdd,0,0,0,0,0,1,0,0,0,0,0
833f0bf0-b4aa-4e7e-9191-1788c293ae3e,0,0,0,0,0,0,0,0,0,1,0
833f2b55-7d91-4f73-a018-d1f776c75ced,0,0,0,0,0,0,0,0,0,1,0
8344f735-df51-40c7-880c-0a60cf25ae26,1,0,0,0,0,0,0,0,0,0,0
8348dfb7-ddd5-497e-9dd0-912e09b9e80b,0,0,0,0,0,0,0,0,1,0,0
8365f49f-7ab9-405f-ad0c-d50da1fa0e07,0,0,0,0,0,0,0,0,0,1,0
836ab9c0-7973-4a85-912a-32fd8d45bae2,0,0,0,0,0,0,0,0,0,0,1
8377a8a3-87b2-4c7a-a074-be5c99fae5b3,0,1,0,0,1,0,0,0,0,0,0
837d7f7c-86c7-43d4-ab40-bdd1acbdc427,1,0,0,0,0,0,0,0,1,0,0
83a0005d-d1de-4c57-a115-e2e1a2555265,0,0,0,0,1,0,0,0,0,0,0
83a57be6-0d2d-4813-8577-d6779f6e3dbc,0,0,0,1,0,0,0,0,0,0,0
83a650a7-7b59-47ec-8716-56e061b8a23d,0,0,0,0,0,0,0,0,1,0,0
83ae5992-976c-42af-a348-061e762f46e4,0,0,0,0,0,0,0,0,1,0,0
83b61fda-ea6e-4ba6-9a0f-65cb4c031921,1,0,0,0,0,0,0,0,0,0,0
83b81829-dd2a-492f-9637-2649eb1d90fc,0,0,0,1,0,0,0,0,0,0,0
83c64a33-da52-44a3-a0be-810df60a9c14,0,0,0,1,0,0,0,0,0,0,0
83d6a4ae-d1cb-4db6-8847-34bcc2255425,1,0,0,0,0,0,0,0,0,0,0
83d703f6-a519-4e31-9f06-7137c60e29b4,0,0,0,0,1,0,0,0,0,0,0
83d85646-8861-44e7-a126-bd39a1a34266,0,0,0,0,1,0,0,0,0,0,0
83e279f3-74b6-4804-9d36-fc7b6d845b3b,1,0,0,0,0,0,0,0,0,0,0
83e5fbf2-6a4c-4168-85b9-c2d8621b6207,1,0,0,0,0,0,0,0,0,0,0
83e9911b-63f4-4bd8-bdb3-b6f477e39174,0,0,0,0,0,0,0,0,0,1,0
83ebd2aa-4f2a-48a2-b8d8-e461e7e02956,1,0,0,0,0,0,0,1,0,1,0
83edb633-4fba-4595-83ac-8fd0b011e412,0,0,0,0,1,0,0,0,0,0,0
83f4edd4-8be6-4c89-9746-d8b2e2709d15,0,0,0,0,1,0,0,0,0,0,0
83f753dd-f908-4f6c-89ba-54c0cc9f5cf0,0,0,0,1,0,0,0,0,0,0,0
83fc215a-b9a3-41bf-b23a-c17d973da25b,0,0,0,0,1,0,0,0,0,0,0
8405aa54-e0b8-4c35-85be-c628b9e63c2f,0,0,0,0,1,0,0,0,0,0,0
841a3670-3a1d-4f59-a5be-a8672580e4ac,0,0,0,0,0,0,0,0,0,1,0
8422ef1a-02c0-4178-bef5-0630770571fc,0,0,0,0,0,0,0,0,1,0,0
84231986-6e10-4b80-8fd2-88efae44fa1b,1,0,0,0,0,0,0,0,0,0,0
8426cb2a-9ff4-4907-8cc2-a4eec20d71d1,1,0,0,0,0,0,0,0,0,0,0
8431840c-660c-4cf9-bd98-531d00656970,1,0,0,0,0,0,0,0,0,0,0
84319575-6dc4-4fb6-958f-705974ab9e3e,0,0,0,1,1,0,1,0,0,0,0
8433776c-ed3d-4304-b862-d36f9bf83958,0,0,0,0,0,0,0,0,1,0,0
843967d4-9301-4c35-a5a3-96074aeb3795,1,0,0,0,0,0,0,0,0,0,0
843c3377-6a2a-41c4-b336-aea6c9420c88,0,0,0,0,0,0,0,0,1,0,0
844c8984-2797-4aae-9837-1bcce875210b,0,0,0,0,1,0,0,0,0,0,0
8453bbdb-5354-40af-a965-6c30fea2d23e,0,0,0,0,0,0,0,0,1,0,0
845487ed-7e03-4c18-ba8f-067968af5e69,0,0,0,0,0,0,0,0,0,1,0
8456dc2e-7ab1-4650-b407-084019b16488,0,0,0,0,0,0,0,0,1,0,0
845c1da0-5920-4b8d-a838-c451f15265a3,0,0,0,0,0,1,0,0,0,1,0
845e1d11-61bc-4463-b491-40428174927d,0,0,0,1,0,0,0,0,0,0,0
84683fd1-740b-446c-978f-8d66ffbb1a33,0,0,0,0,1,1,0,0,0,0,0
8468d652-57f1-439e-b90b-65e5c1349351,0,1,0,0,0,0,0,0,0,0,0
84768c30-5f86-4e75-afc5-5dd3ed00a778,0,0,0,0,1,0,0,0,0,0,0
847dc2f8-88d8-4921-baf1-964ad2da2cdb,0,0,0,0,0,0,0,0,1,0,0
84823968-f908-4f81-9f17-11a544705783,1,0,0,0,0,0,0,0,0,0,0
848c2c6d-d88e-4732-b8bf-51fbc2adb5d8,1,0,0,0,0,0,0,0,0,0,0
848ef536-e376-4b5f-b8c2-5d8ec751daca,0,0,0,0,1,0,0,0,0,0,0
84970996-a9b5-4b2b-8ab7-bd2e31b83765,0,0,0,0,1,0,0,0,0,0,0
84accecf-cccb-4bd5-8d68-dc752e07b848,0,0,0,0,1,0,0,0,0,0,0
84b8340a-ef11-49ba-bf5c-f66ccdec2c30,0,0,0,0,0,0,0,0,1,0,0
84be478f-ef4e-4aa0-962c-c1d3ab32c1cd,1,0,0,0,0,0,0,0,0,0,0
84c73edc-55a3-4cfd-8c35-6fd382476571,0,0,0,0,1,0,0,0,0,0,0
84cb939b-45bd-4d7f-a509-70cc1144c23d,0,0,0,0,0,0,0,0,0,1,0
84cbe695-6c7b-4fb3-a8a4-bb136f7bdcc2,1,0,0,0,0,0,0,0,0,0,0
84ceac8d-366b-4782-b04a-15fb27f85778,1,0,0,0,0,0,0,0,0,0,0
84d132d7-2b07-4a2b-b8aa-f1c94b97db3f,1,0,0,0,0,0,0,0,0,0,0
84de5a72-74ca-4af4-8ebd-65225b9712b3,0,1,1,0,1,0,0,0,0,0,0
84ef7a5d-cb68-4132-b681-dc9027b980ea,0,0,0,1,0,0,0,0,0,0,0
84f6b5c8-92e6-41d6-a533-0640616de64a,0,0,0,1,0,0,0,0,0,0,0
84fbbdd9-0965-4388-ba84-f12b635ed7d4,0,0,0,0,1,0,0,0,0,0,0
84fe54e3-f5ff-4e8b-88a6-ab4b6ac10bf0,0,0,0,0,1,0,0,0,0,0,0
8500b619-c3ad-4cb0-a4af-6845b9619268,0,0,0,0,1,0,0,0,0,0,0
85021f16-27ab-48ca-9172-5b41fb02e511,0,0,0,0,0,0,0,0,1,0,0
850fe69b-556c-48bd-ae44-fab8293a8a36,0,1,0,0,0,0,0,0,0,0,0
85107a7c-96f7-40e2-b9f1-4ba77740b63c,0,0,0,0,1,0,0,0,0,0,0
851467b4-4fb7-4f6d-98ff-6ec4b47aa9fc,0,0,0,0,0,0,0,0,0,1,0
851962eb-1033-4281-aa5a-611c0a61fb74,0,0,0,0,1,0,0,0,0,0,0
851a266b-f2dc-49c8-8d89-7735ecc95dac,0,0,0,0,0,1,0,0,0,0,0
851da0f7-24a4-462a-8789-deb7c7accdfb,0,0,0,0,0,0,0,0,0,0,1
85244f1c-ce3e-46af-86de-b156aab41280,0,0,0,0,0,0,0,0,0,1,0
85268b62-5a23-4f7a-adca-e24a88e38600,0,0,0,0,1,0,0,0,0,0,0
852a3c84-ab22-41f9-93ed-c3a91164fed0,0,0,0,0,0,0,0,0,0,1,0
852ab157-82f9-4cea-82d5-4d6648a6d0d3,0,0,0,0,1,0,0,0,0,0,0
85364775-c937-4c1d-8974-5fce56b314e9,0,0,0,0,0,0,0,0,0,0,1
8538e294-a7f7-4718-90ab-966c316156b9,0,0,0,0,0,0,1,0,0,0,0
853e06bb-9af2-468a-a34e-151f1abf6ca4,0,0,0,0,0,0,0,0,0,0,1
85434452-2a5f-411b-b1cd-9bac01cb150e,1,0,0,0,0,0,0,0,0,0,0
855810e3-9422-4c17-90ea-d7b10818cd8f,0,0,0,0,0,0,0,0,1,0,0
85581d90-24f0-4d31-9518-873774650b6b,0,0,0,0,0,0,0,0,0,0,1
855ceea7-4aef-455e-9af8-138e6c8f69aa,0,0,0,0,1,0,0,0,0,0,0
855db1bb-6417-4817-9708-4c90a2c75dc5,0,0,0,0,1,1,0,0,0,0,0
85604bc4-0c6c-40a0-8bd8-c6908d126e9b,0,0,0,0,1,0,0,0,0,0,0
8568130f-6d07-4ee9-82ee-1b7f6ccf4aa8,1,0,0,0,0,0,0,0,1,0,0
856ad516-900e-4ca9-b96d-918f7fcf45b8,0,1,0,0,1,0,0,0,0,0,0
857b1122-dc3f-4fcb-970e-a092576d81a4,1,0,0,0,0,0,0,0,0,0,0
85800437-2c21-47e7-a9ef-8c5639e90237,0,0,0,0,1,0,0,0,0,0,0
8581ff98-efff-4c53-aa1c-ef8098a5524c,0,0,0,0,1,0,1,0,0,0,0
85871de1-8d55-499c-8fde-b43e34ce76f8,0,0,0,0,1,0,0,0,0,0,0
85883981-0e30-4cd3-83d4-2e7ca11ac683,0,0,0,1,0,0,0,0,0,0,0
8590328f-fb94-491b-ab4f-547190f72248,1,0,0,1,0,1,0,0,0,0,0
85a7e4e1-718d-48e9-b7b4-d9b61f39a562,0,0,0,0,0,0,0,0,0,1,0
85a928cd-400b-4c39-a9c3-c89e0990db90,0,0,0,0,1,0,0,0,0,0,0
85ac6be3-0ef9-4670-a93a-87a78f31a790,0,0,0,0,1,0,0,0,0,0,0
85af534d-dea3-40bd-8c53-f33eafabd925,1,0,0,0,0,0,0,0,0,0,0
85b4f86b-c008-48bd-8a24-a28bb5d1dc9f,0,0,0,0,0,0,0,0,0,1,0
85d7a528-70aa-4b21-9238-32d9aee55b7c,0,0,0,0,0,0,0,0,0,1,0
85def293-33f1-4ddc-b71b-d9db4d495558,0,0,0,0,0,0,0,0,0,0,1
85e9dc36-1ab0-4e6f-9a86-c8d023be8adc,0,0,0,0,1,0,0,0,0,0,0
85eac076-3a73-4ac9-a4a7-13ee88f141d2,0,1,0,0,1,0,0,0,0,0,0
85f200c8-b4d8-4c33-a472-acab35f7893d,0,0,0,0,1,0,1,0,1,0,0
85f3acee-bdf4-445a-8428-2527db470079,0,0,0,0,0,0,0,0,0,1,0
85f6875c-cfc8-4fb0-8790-485c8806a304,0,0,0,0,0,0,0,0,0,0,1
85fbbef6-4e3b-43ed-a7de-29e03721fcfa,0,0,0,0,0,0,0,0,0,0,1
85fef121-069c-4371-8670-8faa7fa7e210,1,0,0,0,0,0,0,0,0,0,0
86009113-a9cd-4707-9b94-bb148632765b,1,0,0,0,0,0,0,0,0,0,0
86292227-ce9e-419a-9e20-10a1b434b149,0,0,0,0,1,0,0,0,0,0,0
86358393-ddac-411b-b606-0e2e6a86fdb6,0,0,0,0,1,0,0,0,0,0,0
863a1c7a-18ec-4710-8916-54773d50e5b7,0,0,0,1,0,0,0,0,0,0,0
864096bb-301c-4563-89d5-6ce2ab555aba,0,0,0,0,1,0,0,0,0,0,0
864220b1-3cd3-46d8-bd57-6dcf99d65692,0,0,0,1,0,0,0,0,0,0,0
8649eaf5-b741-41d0-ad55-b6332b50df68,0,0,0,0,0,0,1,0,1,0,0
864a9c7f-2954-43f7-8ffb-757fd0331ca2,0,0,0,0,1,0,0,0,0,0,0
865895c7-79da-463f-b44c-70051a24e108,0,0,0,0,0,0,1,0,0,0,0
86687819-d2f4-409a-a750-3d8dfa933f5e,0,0,0,0,0,0,0,0,0,0,1
8669ee21-15dd-4193-b7d4-c00e23c3d2be,0,0,0,0,0,0,0,0,0,0,1
866d8d2f-ccdb-4581-91f6-e64cb71c9fbf,1,0,0,0,0,0,0,0,0,0,0
866ee1c2-26f3-4cbb-b01e-2d8e886e383d,0,0,0,0,0,0,0,0,0,0,1
86700ff0-eefb-4e75-92ae-4cc971305822,0,0,0,0,0,0,1,0,1,0,0
8674a69b-4e73-4f71-a541-f3f6ab6bfbf3,0,0,0,0,1,0,0,0,0,0,0
868314e7-e051-4190-9657-e3b71bfc35bb,0,0,0,0,1,0,0,0,0,0,0
86832542-693a-46c9-a31f-5283cd814451,0,1,0,0,0,0,0,0,0,0,0
868af828-4c74-43f1-a6d4-3c2f5f086d35,0,0,0,0,0,1,0,0,0,1,0
8692eb65-9a19-4203-b8e6-b38c7372050e,0,0,0,0,0,0,0,0,0,1,0
8693df97-d5cb-4d2a-bd38-f101a58ddf69,1,0,0,0,1,0,0,0,0,0,0
869734af-a750-445a-accd-d805d3f24ff8,0,0,0,0,1,0,0,0,0,0,0
8698ea66-c3fd-4241-aa2d-bc0533ab942f,1,0,0,0,0,0,0,0,0,0,0
86a0b725-34fe-440b-8df9-56dfd320beef,1,0,0,0,1,1,0,0,0,1,0
86a90b8d-ffc9-49e2-a0f7-13dd68bf9275,0,0,0,0,0,0,0,0,0,1,0
86b92e5a-4323-40cd-9a57-73d39411b331,0,0,0,0,0,0,0,0,0,0,1
86bd5cc7-ddf0-4fc4-8c64-ff602256d036,0,0,0,0,0,0,0,0,0,1,0
86e085e5-5855-44f6-aef7-3e6da1f9f2da,0,0,0,0,0,0,0,0,0,0,1
86e3a439-2ade-4c29-85fa-4fd894b353c5,1,0,0,0,0,0,0,0,0,0,0
86ea0224-db2a-4803-b440-2bbab0322577,0,0,0,0,0,0,0,0,0,1,0
86ecd91c-8ecc-4d68-9b80-54a695fe59da,0,0,0,0,1,0,0,0,0,0,0
86ed71f7-0d31-4687-96c8-2bc6c6c66473,0,0,0,0,1,0,0,0,0,0,0
8701b7bc-876a-4bd3-93da-9265686e6e49,0,0,0,0,1,0,0,0,0,0,0
87038100-74a7-4f33-ad8c-389abf9feadf,0,0,0,0,0,0,0,0,0,1,0
870431bf-52c3-4846-aa5c-8a83a7147fef,1,0,0,0,0,0,0,0,0,0,0
870d3ff1-ede2-4020-b948-7d71249298aa,0,0,0,0,0,0,0,0,0,1,0
8710c908-e9b8-4b5a-8586-7e4bfd7bfa3c,1,0,0,0,0,0,0,0,0,0,0
8713870b-4898-4e53-90db-f17e4829c8c3,0,0,0,1,0,0,0,0,0,0,0
8722e033-9cef-43d0-ba7f-89871730a62d,0,0,0,1,0,0,0,0,0,0,0
87256eaa-455d-4449-8b0d-0da18288ffbe,0,0,0,0,1,0,0,0,0,0,0
8729b255-9a28-4484-92ca-dcbc87a9ba99,0,0,0,0,1,0,0,0,0,0,0
8730737b-675e-4d67-9b8d-61d0cc62710a,0,0,0,0,1,0,0,0,0,0,0
873553e9-fda8-44f0-a476-3f4d09e7d5bf,1,0,0,0,0,0,0,0,0,0,0
873df763-056e-46ac-8ee6-9a6eb73cd2d1,0,0,0,0,0,0,1,0,0,0,0
873f9630-750b-4873-aea3-2edd5db5bbed,0,0,0,0,1,0,0,0,0,0,0
874a18a1-3128-450c-8a70-da46475c29c2,0,0,0,0,0,0,0,0,1,0,0
874d2449-856a-4463-8ccf-7082800a2ae4,0,0,0,0,1,0,0,0,0,0,0
8758a933-7f07-4036-acf1-4c04d4739c1e,0,0,0,0,0,0,0,1,0,0,0
87711d42-952f-45dd-8e3a-5e8d9b05dc72,1,0,0,0,0,0,0,0,0,1,0
8771ed83-827e-4ca7-af4d-2fa463577db5,0,0,0,1,0,0,0,0,0,0,0
87770fb8-c273-44a8-ade6-6a6713a01a4c,0,0,0,0,0,1,1,0,0,0,0
877c3da3-ad16-4f29-ba91-37f33772084a,0,0,0,0,0,0,0,0,1,0,0
87868ced-6787-435c-bd4c-27b854b6c26e,0,0,0,0,1,0,0,0,0,0,0
8789f661-9bf3-406e-92ae-b07afa632991,1,0,0,0,0,0,0,0,0,1,0
87929d52-bde9-4411-b61a-ec140e14eade,0,0,0,1,0,0,0,0,0,0,0
879e4ca3-0dc6-4ee0-b70a-c4444a7de2c4,1,0,0,0,0,0,0,0,0,1,0
87aeeefe-9cef-452c-85bd-6f52f3c90ab9,0,0,0,0,0,0,0,0,0,0,1
87b1f5b8-497e-4534-b2b5-85a20287c072,1,0,0,0,0,0,0,0,0,0,0
87b37401-0780-405e-9f0a-b133233e6ed0,0,0,0,0,1,0,0,0,0,0,0
87b47435-435a-4dd6-800f-3d2738820024,0,0,0,0,1,0,0,0,0,0,0
87bc6fbe-c5b4-420f-b21f-e737e96061cb,0,0,0,0,0,0,0,0,0,1,0
87c13d23-6be6-4fb9-90bf-c058086abfff,0,0,0,0,0,0,0,1,0,0,0
87c14529-c296-48db-8a64-25c09a64305d,0,0,0,0,0,0,0,0,0,1,0
87c2d683-e65f-4e99-9579-f66384259966,0,0,0,0,0,0,0,0,0,0,1
87d8bb6d-b0d3-4f19-ad40-b20c4e950623,0,1,0,0,1,0,0,0,0,0,0
87e6e075-1d1b-41c4-b372-1ba6794421e6,0,0,0,1,0,0,0,0,0,0,0
87e918e3-6b3d-44b9-be00-1099597c8274,0,0,0,1,0,0,0,0,0,0,0
87ef6863-653e-42e6-b1c7-a2d1b1f2af71,0,0,0,0,1,0,0,0,0,0,0
87f271ef-76a5-4395-8bd8-d5bd3761b830,0,0,0,0,0,0,0,0,0,0,1
87f50c5e-68fc-4b28-afd7-b9eda7700a0f,1,0,0,0,0,0,0,0,0,0,0
8807cb8c-763c-4715-9084-503f3be49637,0,0,0,0,1,0,0,0,0,0,0
88083399-83e0-47f4-8536-1215f17468a8,0,0,0,0,1,0,0,0,0,0,0
880d2954-b30b-47cd-b4d4-03feeaa9d667,0,0,0,0,0,0,0,0,0,0,1
88159393-22b0-4bf9-88af-f591cccb8e0d,0,0,0,0,0,0,0,0,0,1,0
881b07d2-179a-4202-990f-2a10cd90227f,0,0,0,1,0,0,0,0,0,0,0
88202e4d-ccab-430b-a4b6-cd3f48cb648d,0,1,0,0,0,0,0,0,0,0,0
8820f330-d644-4f6b-847c-e93d51c23b9c,0,0,0,0,1,0,0,0,0,0,0
88246005-f2b6-4ec5-8bb4-653cace736f5,0,0,0,0,1,0,0,0,0,0,0
882ec0a7-df6d-4ab0-b919-e97faf411150,0,0,0,0,0,0,1,0,0,0,0
882f9813-63cd-4a35-bc28-42d7399d4959,0,0,0,0,0,0,1,0,0,0,0
883ab051-0796-4829-9f82-6f140edc0546,0,1,0,1,0,0,0,0,0,0,0
883ced01-e8c8-42aa-87de-0741b2066285,0,0,0,1,0,0,0,0,0,0,0
883e70ff-77cb-4e94-99fd-76efa678b206,0,0,0,0,0,1,0,0,0,0,0
8845519a-303d-461b-bed5-deea31e5a968,0,0,0,0,0,0,0,0,0,1,0
88567ee4-74b6-4e68-833b-00e6181efb9d,0,0,0,0,1,0,0,0,0,0,0
88578500-3beb-48fa-9e6d-017ad8bd46df,0,0,0,0,0,0,0,0,0,1,0
8858a735-c738-490d-a4a1-9e8430985903,0,0,1,0,0,0,0,0,0,0,0
885ff401-750f-4d18-974d-c4ce9db4f434,1,0,0,0,0,0,0,0,0,0,0
886279df-fc6a-4fb8-a4d0-c888bebf210e,0,0,0,0,1,0,0,0,0,0,0
8873afdc-c12a-4462-b952-50b1a3c22008,0,0,0,0,0,0,0,0,1,0,0
88867a85-841c-43a4-9ed7-973dd322fbb9,0,0,0,0,1,0,0,0,0,0,0
8891edf6-37cc-4948-8cdf-126511e5c1fe,0,0,0,1,0,0,0,0,0,0,0
889a6008-8533-47cb-927d-b91a536fef37,0,0,0,0,0,0,0,0,0,1,0
88a730f3-676d-4d64-a829-9515ddc51ee2,0,0,0,0,1,0,0,0,0,0,0
88bc79a6-302f-4039-9d61-5d76631d7d1b,0,0,0,0,0,0,0,0,0,1,0
88bfb0f6-ca4c-4542-8ce1-8fdbe4db509e,0,0,0,0,1,0,0,0,0,0,0
88cb523e-8442-4d8d-b5bc-6fc3eb37fa9a,0,0,0,0,0,0,1,0,0,0,0
88e41a6e-205a-472b-8df8-3e8cb6166eff,1,0,0,0,0,0,0,0,0,0,0
8900ee65-1362-4fb6-8f3c-74dafbefefa9,0,0,0,0,0,1,0,0,0,0,0
8910b0d2-db43-4c1e-adb8-8fd0b9d93538,0,0,0,0,0,0,0,0,0,1,0
891182ce-d3ad-4ac9-b4a6-9bab0d65546a,1,0,0,0,0,0,0,0,0,1,0
89120a2e-8ff6-4622-b2ca-daa938fc813c,0,0,0,0,0,0,0,0,0,1,0
891355f2-ff47-4b78-9c95-39c04c8590c2,0,0,0,0,0,0,0,0,0,1,0
89159cb0-93d5-49a8-9c18-ea2771bc2107,0,0,0,0,0,0,0,0,1,0,0
89163cef-b302-4a24-aa21-86f0dec58db9,0,0,0,0,1,0,0,0,0,0,0
89232325-90ad-4b44-8afe-4cd0035cde13,0,0,0,0,0,0,0,0,0,0,1
892703c1-c050-4f2e-b280-8818f4800c5e,0,0,0,0,1,0,0,0,0,0,0
8932e5bf-d6be-45e7-bc34-c4a45125ce7a,0,0,0,0,0,0,0,0,1,0,0
893e74ae-226d-4485-863c-8663f1dd268d,0,0,0,0,0,0,0,0,0,0,1
894a2717-8108-48ec-b968-96ae712ccdbc,1,0,0,1,0,0,0,0,1,1,0
89552ce3-569f-4a97-bf6e-9274aae826cc,1,0,0,0,0,0,0,0,0,0,0
8962e667-b01c-4bae-98f0-b2f3dabb08f7,0,0,0,0,0,0,0,0,0,1,0
897531c2-fb4f-49be-ab29-05b61c8cb92b,0,0,0,0,1,0,0,0,0,0,0
8987fc26-cc86-4a6b-a3ac-521100b872fe,0,0,0,0,0,0,0,0,0,0,1
898b03e8-510f-49ae-8049-c19e1ddc851c,1,0,0,0,0,0,0,0,0,1,0
8990f211-2f35-4023-a06a-13c60acf7bc7,1,0,0,0,0,0,0,0,0,0,0
899e6f54-57fc-41a3-a629-4c3014ac0f46,0,0,0,0,0,0,0,0,0,1,0
89a1d861-825e-4820-a220-97955fddd952,1,0,0,0,0,0,0,0,0,0,0
89abece2-ed17-4eac-9d6a-9834621aca5b,0,0,0,0,0,0,0,0,0,0,1
89afe57d-b7cb-4e31-b21c-1e6a4d8dff78,0,0,0,0,0,0,0,0,0,0,1
89b415ff-2a8d-410d-aba4-543620c8659b,0,0,0,1,0,0,0,0,0,0,0
89beb9f7-06ac-4b8e-a16d-99ae99abafba,0,0,0,0,0,0,0,0,1,0,0
89c92816-bdf4-45bb-8d76-fc8a2262bfdf,0,0,0,0,1,0,0,0,0,0,0
89cb946c-da7a-4016-a2a9-9fbfc8fab4be,0,0,0,0,1,0,0,0,0,0,0
89ce82cc-c0aa-4c55-b0d3-a5dd8e746a55,0,0,0,0,0,0,0,0,1,0,0
89d0c44b-ab81-47f2-b442-4c5d50242e12,0,0,0,0,0,0,1,0,0,0,0
89d406f2-7ed0-4a43-a508-ba9de00ce305,1,0,0,0,0,0,0,0,0,0,0
89d652df-25b9-4616-aad4-4730b7fd39ee,0,0,0,0,1,0,0,0,0,0,0
89d93606-0af6-410d-bdfb-855036a446cf,0,0,0,0,0,0,0,0,0,1,0
89dca62c-f012-4489-bd23-10abdf441ed1,0,0,0,1,0,0,0,0,0,0,0
89ddc29b-a77d-4670-9704-a92d278360ef,0,0,0,0,0,0,0,0,1,0,0
89ea2f33-4563-479f-9fa4-7157109ca51a,0,0,0,0,0,0,0,0,0,1,0
89ee46d7-6982-479b-86e9-d9b34ec69939,0,0,0,0,1,0,0,0,0,0,0
89f07483-7d31-419a-9384-d8e03c12c4ac,0,0,0,1,0,0,0,0,0,0,0
89f76b31-75fa-4a91-899f-dcd495b63834,1,0,0,0,0,0,0,0,0,0,0
89f8a6da-a60b-42a5-8f99-cb1879e1430d,0,0,0,0,0,0,0,0,0,0,1
89f9884a-ec05-4180-8207-e16e1036508f,0,0,0,0,0,0,0,0,0,1,0
8a0df685-9bbe-459d-bb5e-196f640bbf16,0,0,0,0,1,0,0,0,0,0,0
8a1f5365-c587-4522-816e-b2ae8b5b06cb,0,0,0,0,0,0,0,0,0,1,0
8a1fe34f-9a87-414b-a065-6f979f4b730a,0,0,0,1,0,0,0,0,0,0,0
8a2926de-01ed-4945-b9cf-8bbd106a734e,0,0,0,1,0,0,0,0,0,1,0
8a2bc95e-1c43-425e-937a-a87f2bf2559d,0,0,0,0,1,0,0,0,0,0,0
8a337c14-5240-4498-8c42-2b2a5ca0c260,0,0,0,0,1,0,0,0,0,0,0
8a36d9ae-7e46-4519-8dcf-b79088708fa0,0,0,0,0,0,0,0,0,0,0,1
8a40d822-0704-4353-b106-e0b072e1dbb3,0,0,0,0,1,0,0,0,1,0,0
8a43c5e4-fe6a-4bb3-b0cc-9958d33e1da9,0,0,0,0,0,0,0,1,1,1,0
8a52e233-9155-49ed-91ce-4ccea332c384,0,0,0,0,0,0,0,0,0,0,1
8a5336c2-5e41-4bc7-a802-b8035787795a,0,0,0,1,0,0,0,0,0,0,0
8a5703e6-fb7f-4c1f-9e46-655a0241a361,1,0,0,0,0,0,0,0,1,0,0
8a5aef22-c2c2-46c5-b277-92e0e107210c,1,0,0,0,0,0,0,0,0,0,0
8a5eebd0-5227-451c-9380-dc24add07ec3,1,0,0,0,0,0,0,0,0,1,0
8a74a454-0447-4171-8eaf-f5f89e6dc160,0,0,0,1,0,0,0,0,0,0,0
8a79c727-a971-4484-aadd-5146ddf43b91,0,0,0,0,0,0,0,0,0,0,1
8aa4404b-5274-4c68-9a64-f70d06611b55,1,0,0,0,0,0,0,0,0,0,0
8aae6165-9a2c-497f-af23-4f8de9187065,0,0,0,0,1,0,0,0,0,0,0
8ab6ccde-8491-45a4-82ed-a8c7b0364a5b,0,0,0,0,0,0,0,0,0,1,0
8ac21f10-2d73-42af-bee8-1bd052b886c3,1,0,0,0,0,0,0,0,0,0,0
8ac9b949-ef9a-4bce-b97d-81ec9d890010,0,0,0,1,0,0,0,0,0,1,0
8ad3b1d3-3c4b-40d0-953e-942a34d970d3,0,0,0,0,1,0,0,0,0,0,0
8ae74414-c469-48dd-b797-4729fd08ba93,0,0,0,0,0,0,0,0,0,0,1
8aec236c-9f21-4967-8b82-9b387b8a71a8,0,0,0,0,0,0,1,0,0,0,0
8aec40f2-d7b4-46fa-af16-57faf7a9274a,0,1,0,0,0,0,0,1,0,0,0
8aed2ac0-2ebe-4fc0-a7a1-32f3ee1fe699,0,0,0,0,1,0,0,0,0,0,0
8af59d3b-a422-492c-b642-bc2c70bf0861,0,0,0,0,0,0,0,0,0,0,1
8afd8ded-22cf-4cd8-b6bf-57f042fe4528,0,1,0,0,0,0,0,0,0,0,0
8afdf1a5-bd1c-4045-a8ab-077ee32842bb,0,0,0,0,0,0,0,0,1,0,0
8b0d808c-bb47-465a-8551-b834b58fcc13,0,0,0,1,0,0,0,0,0,0,0
8b0dcece-c99e-40c0-8b1a-71ba941efa57,0,0,0,0,0,0,0,0,0,1,0
8b1619ff-789c-4cc9-b479-b1b3833920d7,0,1,0,0,1,0,0,0,0,1,0
8b1cca1e-756a-4506-a04d-74349b9c9fca,1,0,0,0,0,0,0,0,0,0,0
8b1eab43-b437-41f7-af56-12e51bb08f49,0,0,0,0,0,0,0,0,0,0,1
8b246532-6e2a-47d0-bb1c-3eeaade5ac88,0,0,0,0,1,0,0,0,0,0,0
8b2a97c4-026e-4042-a9d2-2b9f49f0133a,0,0,0,1,0,0,0,0,0,0,0
8b2d1122-9763-4b68-8a35-c8f69d4a9e55,0,0,0,0,0,0,0,0,0,0,1
8b2e8984-3d6e-4ff0-a19d-d6e582520646,0,0,0,0,0,0,0,0,0,1,0
8b34d8c0-6d61-46b0-9f96-29516a0f3aba,1,0,0,0,0,0,0,0,1,0,0
8b371b26-2cf0-461e-ae18-5d5e5786cde7,0,0,0,0,0,0,0,0,1,0,0
8b3fcfb0-a3b9-412a-b297-ea7b3e7f2dba,0,1,0,0,0,0,0,0,0,0,0
8b4deae7-835a-4eb1-85a8-8acd53fb7d1e,0,0,0,1,0,0,0,0,0,0,0
8b535e15-d815-4d2e-9438-91c0a7fff6e4,0,0,0,0,1,0,0,0,0,0,0
8b5d18e0-47a6-471f-9903-42223c02f3ca,0,0,0,1,0,0,0,0,0,0,0
8b5ed420-80ee-41eb-9727-d63274a30a76,0,0,0,0,0,0,0,0,0,1,0
8b61dff6-552e-417f-9155-37419991e1c1,0,0,0,0,1,0,0,0,0,0,0
8b67ae8a-d7da-40dc-9969-d3b4d0c33182,0,0,0,0,0,0,0,0,0,1,0
8b691ab5-8d75-4f5f-9245-8c13825090e9,0,0,0,0,1,0,0,0,0,0,0
8b7150af-44a6-4568-be34-576333dd5e47,0,0,0,0,1,0,0,0,0,0,0
8b739768-f397-4ae0-9c99-41b694e821b0,0,0,0,0,0,0,0,0,0,1,0
8b8586e6-227e-4a79-9783-249ccc59b9eb,0,0,0,0,0,0,0,0,0,0,1
8b895f4d-dc25-44b7-8017-7c65dceb2161,0,0,0,0,0,0,0,0,0,1,0
8b9d7205-2810-480a-b50b-6667baaa6d52,0,0,0,0,1,0,0,0,0,0,0
8ba5c3f4-a98a-4d08-8c38-b6ce140388d9,0,0,0,0,0,1,0,0,0,0,0
8ba7d322-b4f0-464e-b034-dbb3d6a81012,0,0,0,0,0,0,0,0,0,0,1
8bab2722-3562-4b93-944e-4dfc0ce5ed89,0,0,0,0,1,0,0,0,0,0,0
8bab40e5-9d59-4242-9bd6-78e30ce0186e,0,0,0,0,0,0,1,0,0,0,0
8bb2ddf8-32fe-492f-bbbe-ed847be5afdb,0,0,0,0,0,0,0,0,1,0,0
8bb51084-75d4-4b3a-a3ec-8f6573a42e53,0,0,0,0,0,0,0,0,0,1,0
8bbfb52c-7c2c-48f3-9b2c-88a671ccb15f,0,1,0,1,0,0,0,0,0,0,0
8bc125ec-489c-4b4c-a169-fb185674ced6,0,1,0,0,0,0,0,0,0,0,0
8bc3ac32-876f-48ed-b3ad-5ce7cbc07dc8,0,0,0,0,1,0,0,0,0,0,0
8bd1d682-7992-42ab-a2fc-a874a181e80d,0,0,0,0,0,0,1,0,0,0,0
8be07fe9-4dca-445a-a1c7-28ae50a908df,0,0,0,0,0,0,1,0,0,0,0
8bea90ff-c7f9-4593-ae52-621ca0511f9c,0,0,0,0,0,0,0,0,0,0,1
8bee4581-35eb-47f0-9b66-805a6e9c8767,0,0,0,0,0,0,0,0,0,1,0
8bf87c39-982c-4f36-b1d3-3c0e452118a3,0,1,0,0,1,1,0,0,0,0,0
8bf94678-1931-4672-b13c-fa4ed2960be9,1,0,0,0,0,0,0,0,0,0,0
8c0890f2-d686-4370-a3e5-c07e30d40ed7,0,0,0,0,0,1,0,0,0,1,0
8c1db569-ba00-42e8-8f83-90630bf8f625,0,0,0,0,0,0,0,0,0,1,0
8c2bfb4e-dc56-492d-8439-21cc080ca739,1,0,0,0,0,0,0,0,0,0,0
8c2d5c8f-910c-4e49-8b3d-a3d3011c75cc,0,0,0,0,0,0,0,0,0,0,1
8c44267d-168d-4bc4-869b-2d14b5dd5780,0,0,0,0,1,0,0,0,0,0,0
8c4793cf-4fe9-4206-a23c-8f19b6d4a46d,0,0,0,0,0,0,0,0,0,0,1
8c58118d-38f1-4770-86cd-f4339ef89d8a,0,0,0,0,1,0,0,0,0,0,0
8c595999-3245-4187-a617-d1d75cf72106,0,0,0,0,1,0,0,0,0,0,0
8c65ccbc-b6a6-43dc-bf45-b54067116308,0,0,0,0,0,0,0,0,0,1,0
8c75da50-cee8-406a-97cb-a1406dde4a43,0,1,0,0,1,0,0,0,0,0,0
8c7abd82-f271-4207-b1a7-0afd0ba64678,0,0,0,0,1,0,0,0,0,0,0
8c7c3e75-bcc6-49a9-8053-4be86335a373,0,0,0,0,0,0,0,0,0,0,1
8c7f1eb8-207c-4fa1-a2a8-743784e479ed,0,0,0,0,0,0,0,0,0,1,0
8c806d63-c1f3-479c-becd-1e04c24eb288,0,0,0,0,1,0,0,0,0,0,0
8c8aee13-af0e-4dd8-870b-29a3396ef948,0,0,0,0,0,0,0,0,1,0,0
8c91d18a-20e9-43d4-8131-f2d2fe0541d6,0,0,0,0,0,0,0,0,0,0,1
8c9510b0-48ee-4eca-adcb-93bc9071025e,0,0,0,0,1,0,0,0,0,0,0
8c9669f9-55bc-4e2c-8261-156c9c7bf8cd,0,0,0,0,0,0,0,1,0,0,0
8c96725b-3b1b-4924-8a81-be06edbdfc81,0,0,0,0,1,0,0,0,0,0,0
8c9d91c3-3cf3-4965-bf6d-2714506cfde4,0,0,0,0,1,0,0,0,0,0,0
8cab8dc7-5cf5-407e-a406-00ea0641fd72,0,0,0,1,0,0,0,0,0,0,0
8caf27f1-da4f-4b43-9664-f702a82fd930,0,0,0,0,0,0,0,0,1,0,0
8cb2f2ad-9f77-457d-a90f-4c8e0c18f2c7,0,0,0,0,1,0,0,0,0,0,0
8cb328f0-9544-4c2a-b746-2f73c2cd7263,0,0,0,0,0,0,0,0,0,1,0
8cb847ae-ac10-46c8-80be-dfeaaff8de50,0,0,0,1,0,0,0,0,0,0,0
8cb8b79e-13c1-49fc-98ff-e2c5cf706512,1,0,0,0,0,1,0,0,0,1,0
8cc32dcb-d496-4bde-92a4-a3fef473913b,0,0,0,0,0,0,0,0,0,0,1
8cc9d6ec-1a5e-44ac-952f-2ac41e1de3a7,1,0,0,0,0,0,0,0,0,0,0
8cdd7406-7cbe-4de2-875c-d35c6289917d,0,0,0,1,0,0,0,0,0,0,0
8ce335fc-604f-499b-ae6d-e096871a6e58,0,0,0,0,0,0,0,0,0,1,0
8ce78cff-4491-4e23-b06d-1a5ac12542d1,0,0,0,0,0,0,0,0,1,0,0
8cf369bd-60e0-4496-b363-99e6cb63aaca,0,0,0,0,0,0,0,0,0,0,1
8cf7d820-15af-491e-9b85-bb4af5191241,0,0,0,0,0,0,0,0,0,0,1
8d0d8e80-b823-412a-8661-2394dd09a803,1,0,0,0,0,0,0,0,0,1,0
8d29af50-7711-4074-aa8b-3237bde79418,0,0,0,0,0,0,0,0,0,1,0
8d2f2841-17f5-4a4d-8de7-5e4ebd009746,0,0,0,0,1,0,0,0,0,0,0
8d337b46-3b17-4a7c-b112-76b06bc5a180,0,0,0,0,0,0,0,0,0,0,1
8d34714d-f80e-4432-9afb-6713c64fb126,0,0,0,0,0,0,0,0,0,0,1
8d3fc76c-6d59-49a2-a50f-907a80a6ff82,0,1,1,1,0,0,1,0,0,0,0
8d423fe0-b899-4cdf-aa6f-f639c3576a3f,0,0,0,0,0,0,0,0,0,1,0
8d4541d5-41ae-4a79-88c8-2361298c3ccf,1,0,0,0,0,0,0,0,0,0,0
8d4b7cdc-2c26-46a2-8c35-b4100f6b7057,0,0,0,0,0,0,0,0,0,1,0
8d4e13fb-bba2-4459-92ba-de8dfbf6868e,0,0,0,0,0,0,0,0,1,0,0
8d5341ca-3e98-469c-929d-4660b7d8bcad,0,0,0,0,0,0,0,0,0,1,0
8d69a3b8-2323-4c92-ba4a-111410c6ae52,0,0,0,0,0,0,0,0,0,0,1
8d6f6a87-30cf-460f-b060-a78061134826,0,0,0,1,0,0,0,0,0,0,0
8d704789-015e-4ccb-ac01-97c4e3762421,0,0,0,1,0,0,0,0,0,0,0
8d71028d-740c-4faf-9426-479e1caa7f4f,0,0,0,0,1,0,0,0,0,0,0
8d739386-45fb-4c05-857c-32f21c296566,0,0,0,0,0,0,0,0,0,1,0
8d73b1f0-be16-4ff1-939b-85833c1df90d,0,0,0,0,1,0,0,0,0,0,0
8d76a0f9-e346-4620-89a5-cc880720cf89,1,0,0,0,1,0,0,0,0,0,0
8d8eaef3-43f8-4ef6-ac5e-9f05af7be4a1,0,0,0,0,0,0,0,0,0,0,1
8d9e17a3-aa43-463b-a241-6314451f823b,0,0,0,0,0,0,0,0,0,1,0
8dad7bc2-65d6-49fd-b7d5-dc56acb7355c,0,0,0,0,0,0,0,0,0,1,0
8db2a435-b347-44f0-9dc0-9d862d36234d,0,0,0,1,0,0,0,0,0,0,0
8dbffc43-f846-4e38-8a1b-73ae081cb934,0,0,0,0,0,0,0,0,0,0,1
8dc27b45-ef23-426f-9109-d6dcd704c357,0,0,0,0,0,0,0,0,0,0,1
8dcaccce-1eec-4157-a813-4e1544ed22b9,0,0,0,0,1,0,0,0,0,0,0
8dcb679d-0415-42e4-9bf0-d98590722e1a,0,0,0,0,0,0,1,0,0,0,0
8df0b126-6de4-4f1d-b3fa-42714b6e64ea,0,0,0,0,0,1,0,0,0,1,0
8dfada0d-46d9-4c89-8da7-83067ccb2b31,0,0,0,1,0,0,0,0,0,0,0
8e03e903-4314-42ba-883c-61c0bbff6b57,0,0,0,0,1,0,0,0,0,0,0
8e1ac730-4ed5-4e84-8daa-cae9994c5a84,0,0,0,0,0,0,0,0,0,0,1
8e1c1eca-5286-4b1d-a0fc-b57b20fc7852,0,0,0,0,0,0,0,0,0,0,1
8e1f7781-f7d2-4408-b7dd-06020b2fa9b3,0,0,0,0,0,0,0,0,0,1,0
8e25e6c1-26b1-46ae-9714-a094826fa5ca,0,0,0,0,0,0,0,0,0,1,0
8e2d9441-7292-44bc-96c1-77646298d646,0,0,0,0,1,0,0,0,0,0,0
8e2f79e2-7d2c-470a-aadb-8a954a64607f,0,0,0,0,0,0,0,0,0,0,1
8e305f51-f490-4d63-8390-73636d5b752d,0,0,0,0,0,1,0,0,0,0,0
8e31cb72-85cc-48a5-807f-503d1ab96181,1,0,0,0,0,0,0,0,0,0,0
8e37b745-d6d2-41d9-aa7a-4c27b68e4054,0,1,0,0,0,0,1,0,0,0,0
8e42c68d-aa8f-4505-b0ba-82368987db61,0,0,0,0,1,0,0,0,0,0,0
8e44f54f-7e2e-4cfd-b670-68f8b7cb2656,1,0,0,0,0,0,0,0,1,0,0
8e454578-af10-49b0-99c7-27ccf075666a,0,0,1,0,0,0,0,0,0,0,0
8e496429-63d8-452d-8524-5ee7fcaeced1,0,1,0,0,1,0,0,0,0,0,0
8e513926-ec54-4ad2-9b72-da6e2f7b34bd,0,0,0,0,0,0,0,0,0,0,1
8e5ce74c-ea30-4597-8e52-5dad6e9bbfe9,1,0,0,0,0,0,0,0,0,0,0
8e5edafd-f8e0-4b76-8778-f98203ea1568,0,0,0,0,0,0,0,0,0,1,0
8e65224b-47e5-4ea9-b22f-809896ec3e43,0,0,0,0,1,0,0,0,0,0,0
8e68ec6b-da00-4eaa-a623-c5de7ffae01c,0,0,0,0,0,0,0,0,1,0,0
8e6ac706-544f-40b2-b1c9-f7f85dd7699c,0,1,0,0,0,0,0,0,0,0,0
8e75f905-cf19-4f5a-b7d7-5d0fa967ac30,0,0,0,0,0,0,0,0,1,0,0
8e7e0e1e-f8a5-42fb-aaa5-b432a9fae4c4,0,0,0,0,0,0,0,1,0,0,0
8e83bf31-7968-4c21-9251-9ef430f99f49,0,0,0,0,1,1,0,0,0,0,0
8e845b3c-2645-4f3e-8529-b2094e561cc7,0,0,0,0,0,0,0,0,0,0,1
8e878a1c-2ed9-4c1c-8df9-6dd7ce1f04f7,1,0,0,0,0,0,0,0,0,0,0
8e8aba23-06af-433d-841e-5a22b545c783,0,0,0,0,1,0,0,0,0,0,0
8e905ab5-9d52-472d-84b4-f474be8ead9d,0,0,0,0,1,0,0,0,0,0,0
8e99f438-1455-4071-ac65-3b8ba6425db9,0,0,0,0,0,0,0,0,0,1,0
8ea39738-ab0c-46a0-a5be-52c644be876a,0,0,0,0,1,0,0,0,0,0,0
8eac9209-508c-4001-8a2d-780286aa499a,1,0,0,0,0,0,0,0,0,0,0
8ead6800-d86b-494b-a2a8-f379f8510d14,0,0,0,0,1,0,0,0,0,0,0
8ebecb79-6fbd-45f9-b00c-9dd0c3297319,0,0,0,0,0,0,0,0,0,0,1
8ec95a8f-31d2-496e-9bdd-19ad30b45262,0,0,0,1,1,0,0,0,0,0,0
8ecdc55e-0f6e-4f9a-8a27-bbacaadc094e,0,0,0,0,1,0,0,0,0,0,0
8ed54e9c-f578-44ad-a7e0-fcb91ecc4345,0,0,0,0,0,0,0,0,0,1,0
8ee6d3f7-ad3e-405d-bd70-cafe4a26b40f,0,0,0,0,1,0,0,0,0,1,0
8ee71317-d68c-4f71-8d1e-b5411865a6cc,0,0,0,0,1,0,0,0,0,1,0
8eea9a9f-a33f-4296-9bce-53a7d9007baf,0,0,0,0,0,0,0,0,0,0,1
8eec6e9b-98ab-43c4-ac69-efb0005e17b1,0,1,0,0,1,0,0,0,0,0,0
8efdfb6f-fc1a-4197-93e4-849939186911,0,0,0,0,0,0,1,0,0,0,0
8f011e97-3b64-45dc-994f-6a8fe290f1e0,0,0,0,0,0,0,0,0,0,0,1
8f093dfd-d0da-4283-a1a4-88c607fedc04,0,0,1,0,0,0,0,0,0,0,0
8f1caacb-98c0-489c-9502-4b317810bb2b,0,0,0,0,1,0,0,0,0,0,0
8f2d1a5f-57f7-4bec-afc2-6e85cece8b4d,0,0,0,0,0,0,0,0,0,1,0
8f36ac4e-e090-41e2-a6c8-bb8f002621cd,0,0,0,0,0,0,0,0,1,0,0
8f38a8b9-757d-48d1-b057-93f811121088,0,0,0,0,0,0,0,0,0,1,0
8f4efae3-5bc3-41b1-8159-052430e6c97a,1,0,0,0,0,0,0,0,0,0,0
8f64fad0-09a9-47cb-9caf-618ca7e5d939,1,0,0,0,0,0,0,0,0,0,0
8f66aa61-db01-4bb3-9743-3882252a3d07,0,0,0,0,1,0,0,0,0,0,0
8f78b3ad-1c72-4940-984a-94044ffc08cc,0,0,0,0,0,0,0,0,1,0,0
8f7f312f-297c-4467-8ed1-726021853590,0,1,0,0,0,0,0,0,0,0,0
8f86438e-1235-49f5-9aed-c2de2348b175,0,0,0,0,0,0,1,0,0,0,0
8f8c483f-7f9b-4595-a33f-d135845a39a1,0,0,0,1,0,0,0,0,0,0,0
8f915fc2-eb29-4eab-be0b-8cb7509adc10,0,0,0,0,1,0,0,0,0,0,0
8f91e382-6e9c-4e48-8467-27019ebb6fc0,0,0,0,0,1,0,0,0,0,0,0
8f984aef-2cd4-4b6c-bba5-0775923053bc,0,0,0,1,0,0,0,0,0,0,0
8f9c6329-36fd-4522-b507-7c6b2b540860,0,0,0,0,0,0,0,0,0,1,0
8fa32c1e-98a0-401e-87a6-d27563cb888f,0,0,0,1,0,0,0,0,0,0,0
8fb6e0ab-576c-49b5-b24f-8082d5410ac4,0,0,0,0,1,0,0,0,0,0,0
8fc576ec-d61f-44e0-8112-4096c07074ce,0,0,0,0,0,0,0,0,0,0,1
8fc6036b-0bd9-4842-8443-67a32ec7b7ac,0,1,0,0,1,0,0,0,0,0,0
8fc93716-2486-46e7-867d-84a8578ef234,0,0,0,0,0,0,0,0,0,0,1
8fcc7af4-bed7-46fc-9ea8-eeefb05e74b5,0,0,0,0,0,0,0,0,0,1,0
8fd007b5-07f1-4c63-b027-0299aeab1a82,0,0,0,0,0,1,0,0,0,1,0
8fd759a1-25ff-461d-8eca-de1349aaa6cf,0,0,0,0,0,0,0,0,0,1,0
8fd930a0-d871-41c7-8c12-4867bf4142e0,0,0,0,0,0,0,0,0,1,0,0
8fdeaf5c-a3d6-45df-9c9d-1a0410b193e4,0,0,0,0,0,0,0,0,1,0,0
8fe3f255-b796-47aa-866b-5554b55807f9,0,0,0,0,0,0,0,0,0,1,0
8fe87b2f-aa56-411e-be78-304e152b9eb2,0,1,0,0,0,0,0,0,0,0,0
8fe89237-64cd-447c-bb22-83063d6ad717,0,0,0,1,0,0,0,0,0,0,0
8fe8f254-6a25-4b17-a892-1f55018ceeba,0,0,0,0,1,0,0,0,0,0,0
8feb6dd7-817b-4551-94bb-5dfdbc70e41b,0,0,0,0,1,0,0,0,1,0,0
8ff04d5a-5459-4c30-8ba6-d794106469c7,0,0,0,0,0,0,0,0,0,0,1
8ffb87ab-48d1-4628-b643-b7a4ec2529d1,0,0,0,0,0,0,0,0,0,0,1
8fff2cd2-2596-45e7-8bc1-4934360bd8e1,1,0,0,0,0,0,0,0,0,0,0
9010274f-ef4c-411e-a0d1-2e7d44bbc964,0,0,0,0,1,0,0,0,0,0,0
9021a5d3-bfc3-4f7f-8502-a0f36ac43cee,0,0,0,0,0,0,0,0,0,0,1
90243e25-1f64-4e17-bcc4-f30c6904cd2a,0,0,0,0,0,0,0,1,0,0,0
90258988-5fce-4aae-a92d-255bdd7e56ad,0,0,0,0,0,0,0,0,0,0,1
90436076-91d5-4b58-abca-d36c381c3ab8,0,0,0,1,0,0,0,0,0,0,0
9048f70b-6b41-4d6e-a240-fddf1beb86a4,0,1,0,0,0,0,0,0,0,0,0
90582693-f300-4325-9171-a519b0b0060b,0,0,0,0,0,0,0,0,1,0,0
90612044-672b-438e-adcc-9e22fae65de7,0,0,0,0,0,0,0,0,0,0,1
906b78ba-17b3-4618-8406-1011d72b774f,0,0,0,1,1,0,0,0,0,0,0
906ded06-3bca-4062-9024-09aebb4f6447,0,0,0,0,0,0,0,0,1,0,0
906ec083-6913-4669-afc4-d0d270b4b1bc,1,0,0,0,0,0,0,0,0,0,0
9075addd-1503-4a2e-9f12-91b26397cb06,0,0,0,0,1,0,0,0,0,0,0
9075c1d7-6600-4583-929c-f1e3c21b7f57,0,0,0,0,0,0,0,0,0,0,1
9088bfc3-355e-4d78-9559-d0c3ad16af3e,1,0,0,0,0,0,1,0,0,0,0
9099a9d3-a09f-4e51-85f6-ee1993afdfd3,0,0,0,0,1,0,0,0,0,0,0
909a373c-9cd3-4c55-b966-7e9efba15c3e,0,0,0,0,0,1,0,0,0,0,0
909bf7ac-3fe8-4a34-a35e-ad79bcb08422,0,0,0,0,0,0,0,0,0,0,1
909ce0e4-3bfc-4a7d-9da2-7715e72265f6,0,0,0,0,1,0,0,0,0,0,0
90a990b3-f742-40cf-a6f0-b10a44bebbe9,0,0,0,1,0,0,0,0,0,0,0
90b22f18-9fd9-49b6-b467-b8cad4d1a874,0,0,0,0,0,0,0,0,0,0,1
90c86cee-b59a-457b-9f71-c257bf1e23a0,0,0,0,0,0,0,0,0,0,0,1
90c96957-df20-43b5-a43e-d8ebc9d30dd3,0,0,0,0,1,0,0,0,0,0,0
90e1b663-04a2-4541-80b5-7d7f1af52252,0,0,0,1,0,1,0,0,0,0,0
90eabcf7-cfda-4231-9437-b2905c8dd4a5,1,0,0,0,0,0,0,0,0,0,0
90f78a5c-675e-4bf0-8ef5-7492a5d2a58f,0,0,0,0,0,0,0,0,0,0,1
90fabf59-da2f-4a31-8e37-7d57c09974a9,1,0,0,0,0,0,0,0,0,0,0
90fb1bdf-7356-4b67-afc8-418df7156df3,0,0,0,0,0,0,0,0,0,1,0
90fde6cd-1ea0-4479-be4c-9e7a5739418d,0,0,0,0,1,0,0,0,0,0,0
9100cf63-c217-4e62-9c6a-60aa4736aa9f,0,0,0,1,0,0,0,0,0,0,0
9103d6cd-4e9f-40a7-af33-b942465e4ba7,0,0,0,0,0,0,0,0,0,1,0
91076a07-e2cf-48ad-9ba5-0470fd395167,0,0,0,0,0,0,0,0,0,0,1
91101e2c-847c-41ec-a968-f68a6aa722d0,1,0,0,0,0,0,0,0,0,0,0
9112d9c6-2453-420b-8874-6d32fbf13acb,0,1,0,0,1,0,0,0,0,0,0
912664bc-9aae-4a90-a315-199691931bbb,0,0,0,0,1,0,0,0,0,0,0
912e6968-26cd-4d02-9fbd-69d1d8e3c957,0,0,0,0,0,0,0,0,0,0,1
9139190e-45f3-453c-aaa4-80ffc10e5e81,0,0,0,0,0,0,0,0,0,0,1
913be01f-8797-4181-a70e-c58d6bc8d279,1,0,0,0,1,0,0,0,0,0,0
913c2369-4ffa-4a21-bb2a-358ad754f896,0,0,0,0,0,0,0,0,0,1,0
913dc9e5-efc8-4af5-b94e-202928ad80d6,1,0,0,0,0,0,0,0,0,1,0
914395fa-c7da-4029-8e57-db8de5698906,0,0,0,0,1,0,0,0,0,0,0
91574597-fe12-4b6a-a7f5-c9482996b4ce,0,1,0,0,0,0,0,0,0,0,0
916822f3-2778-4a5e-a637-40be4f8f995d,0,1,0,0,1,1,0,0,0,0,0
917167fe-0f3e-48d6-92f9-25681645e93e,0,0,0,0,1,0,0,0,0,0,0
9183775b-bc0b-4d8b-9e61-e29007ecf87e,1,0,0,0,0,0,0,0,0,0,0
918645e9-3105-4c6f-9fac-58fc918fc792,0,0,0,0,0,0,0,0,0,1,0
9186cfdb-08f6-46d7-a62f-4fbe42411af1,0,0,0,0,1,0,0,0,0,0,0
9186f3ee-24c0-49bf-8637-f958e5c41dfc,0,0,0,1,0,0,0,0,0,0,0
918bee61-d5f3-4f72-810d-a50fed8902ec,0,0,0,0,0,0,0,0,0,1,0
918c4022-9a63-4515-be86-975d3741c275,0,0,0,0,0,0,0,0,0,1,0
918d4630-a067-41c9-b079-c13c25f6f7d1,1,0,0,0,0,0,0,0,0,0,0
91914cf1-a51e-4a5d-bdf3-f3bd1ddc5b31,0,0,0,0,0,0,0,0,0,1,0
919db414-543e-4974-ab55-118ab28448a5,0,0,0,0,0,0,0,0,0,0,1
91a11b07-86e4-418b-b462-d148ac1362ab,0,0,0,0,1,0,0,0,0,0,0
91a16ae4-1d81-46e4-9d0f-dafd770d9a29,0,0,0,0,1,0,0,0,0,0,0
91a2dce2-d305-47c6-add1-6913be1aacae,0,0,0,0,1,0,0,0,0,0,0
91b40b76-6845-4051-8336-75d018d80d23,1,0,0,1,1,1,1,0,1,0,0
91ba00b5-2f49-4795-810c-8cbce4355bb1,0,1,0,0,0,0,0,0,1,0,0
91bb3806-b09c-4be9-bb20-fd213c8aa009,1,0,0,0,0,0,0,0,0,0,0
91c1bc09-52ed-4169-94e0-13abe75b67fd,1,0,0,0,1,0,0,0,0,0,0
91c4d385-bdf0-4b8e-9a30-54e410b50dbe,0,0,0,0,1,0,0,0,0,0,0
91c7d961-ea67-4c13-8105-4309c0c3ee72,0,0,0,0,0,0,0,0,0,1,0
91c8b4be-3dec-4fd9-89d8-c7fbf0c33771,1,0,0,0,1,0,0,0,0,0,0
91cfb43a-0209-4418-867a-696a58a78a79,0,0,0,1,0,0,0,0,0,0,0
91d075e7-081c-403d-a177-fb4ee414f3e4,0,0,0,1,0,0,0,0,0,0,0
91d16009-05f1-414e-bab6-b3a4fcfc4eaa,0,0,0,1,0,0,0,0,0,0,0
91d18892-95b2-4457-ae18-b80d3a6dc3e9,0,0,0,0,0,0,0,0,0,0,1
91e4aafa-90a0-4a14-81f2-254c100d800b,0,0,0,0,1,1,0,0,0,1,0
91f6628f-b009-4e0d-ba5c-1ca1d31a117a,0,0,0,0,0,0,0,0,0,0,1
92028123-22f9-4e2b-85ba-6fd2bd4eb272,1,0,0,0,0,0,0,0,0,0,0
9205c73f-aec5-41ca-882b-09f0c63a4d5c,0,0,0,0,1,0,0,0,0,0,0
92105bcd-c4ec-41e5-ba96-1c79a43531c2,0,0,0,1,0,0,0,0,0,0,0
9210c217-a999-4644-9fed-34262d297d1b,0,0,0,0,1,0,0,0,0,0,0
9218b11e-db34-47f3-b5ce-969d1cd6b047,0,1,0,0,0,0,0,0,0,0,0
922aebef-042b-442f-9fb8-b294e915a0c9,0,0,0,0,0,0,0,0,0,0,1
922b0341-9f75-4d4a-9bcd-2272ac74960c,0,0,0,0,1,0,0,0,0,0,0
922b3625-3c6b-4b17-8f2b-504a40641433,0,0,0,0,1,0,0,0,0,0,0
922f14ab-b480-4226-b077-be7476316c07,0,0,0,0,1,0,0,0,0,0,0
923f5665-052d-441e-984f-517d5643e65e,0,0,0,0,0,0,0,0,0,0,1
92433c51-6ac5-4d51-9bd0-56834fbdc58d,0,0,0,1,0,0,0,0,0,1,0
924c587c-e461-40f8-9488-13baae347818,1,0,0,0,0,0,0,0,0,1,0
924e4723-10b1-4031-a7e3-c7e651f2a779,0,0,0,0,0,0,0,0,0,0,1
92506bfc-d657-43b4-bcc7-4328517ae406,0,0,0,0,0,0,0,0,0,0,1
92543a9f-d5e6-4cb6-8723-d239d32e8412,0,0,0,0,1,0,0,0,0,0,0
926e480f-df13-4ddf-b3be-ccee5183ef82,0,0,0,0,0,0,0,0,0,1,0
9279cbda-421f-4607-93d4-140e22855801,0,0,0,0,0,0,0,0,0,1,0
927e31ae-e158-4cb5-a1a3-b876d6e3f59f,1,0,0,0,0,0,0,0,0,0,0
928057e9-4149-4cdb-af60-430caaefc4e1,0,0,0,0,1,0,0,0,0,0,0
9286c759-e8d9-48da-847c-8e7a48e7f5d3,0,0,0,0,0,0,0,0,1,0,0
9287b1d6-ddde-48ba-911e-76d0923391e1,0,0,0,0,0,0,0,0,0,0,1
92a48db3-ba18-4c6d-a958-29da682b789c,1,0,0,0,0,0,0,0,0,0,0
92b1aca5-58e7-4870-86dd-c50870738a0a,0,0,0,0,1,0,0,0,0,0,0
92ba4433-26be-41d8-a624-76f592d22a32,0,0,0,0,1,0,0,0,0,0,0
92bba095-7321-44bc-83df-7c6c3e90d176,1,0,0,0,0,0,0,0,0,0,0
92c19aac-d77c-4e77-bbad-e9e23801a8e5,0,0,0,0,0,0,0,0,0,1,0
92cfb530-ab8c-4056-bc7f-4c51a76c604e,0,0,0,1,0,0,0,0,0,0,0
92cfb939-3b3c-461a-9e4e-a23ca528b1f2,1,0,0,0,0,0,0,0,0,0,0
92d85ea4-e82d-4552-ac2d-ed477c934e90,0,1,0,0,0,1,0,0,0,0,0
92d9170d-827d-4f0a-b16b-326175e26bf9,0,0,0,0,0,0,0,0,0,1,0
92e22f80-49e9-4a4d-8041-63ca14fb0df1,0,1,0,0,1,1,0,0,0,0,0
92ecb383-daeb-4933-9407-cc9ed39de794,0,0,0,0,0,0,0,0,0,0,1
92efb1e3-ee04-4b2a-93be-1ad4238b8688,0,0,0,1,0,0,0,0,0,0,0
92f651d5-4a52-43ea-a232-876d2d3d57a1,0,0,0,0,0,0,0,0,0,1,0
92fbea18-f32e-49ba-926e-aae5fe163017,0,0,0,1,0,0,0,0,0,0,0
92fccd0e-db13-4895-92bd-a79c144fdc9d,0,0,0,0,0,0,1,0,0,0,0
92fde154-dc11-4054-beb3-8a706a16a269,0,1,0,0,1,0,0,0,1,0,0
92fe2758-c880-45bf-a8a3-90c62ffc607e,0,0,0,0,1,0,0,0,0,0,0
93036d86-0b25-47fb-8ffa-0f1496a40430,0,0,0,0,1,0,0,0,0,0,0
9304e670-8dbb-4674-86f6-68366778c8a0,0,0,0,0,0,0,0,0,0,0,1
9305c3fd-9692-4663-a987-e352f7f5b6e2,0,0,0,0,0,0,0,0,0,0,1
93062bd9-7343-4736-8d7e-3b4c2dcd1966,0,0,0,0,1,0,0,0,0,0,0
93093acf-c94e-4f96-9cd7-1a989fe320fd,0,0,0,0,0,0,0,0,0,0,1
9324d2be-81e9-48ae-9f99-348e02b6c705,0,0,0,0,1,0,0,0,0,0,0
933eaf58-524c-49b9-a2d9-4df2c7614879,0,1,0,0,0,0,0,0,0,0,0
93411a56-cd5a-4d66-b9e1-809a87238052,0,0,0,0,1,0,0,0,0,0,0
934e7412-325d-4543-aad0-eebeea4ade3f,1,0,0,0,0,0,0,0,1,0,0
935908a0-cc1c-407f-9f71-8c139dca7f53,0,1,0,0,0,0,0,0,0,0,0
9359b8b7-0632-442d-8ecc-d434bb98dcc2,0,0,0,1,0,0,0,0,0,0,0
93612117-4c5c-4c73-8914-0df372a103a7,0,0,0,0,1,0,0,0,0,0,0
936f79df-e18c-4694-a5fc-775ba762c792,0,0,0,0,1,0,0,0,0,0,0
936fc6ea-2b16-4798-9e13-4528e389c15f,1,0,0,0,0,0,0,0,0,0,0
9370731c-4a6f-4d2e-a5a4-9296c30bb976,0,0,0,0,0,0,0,0,0,1,0
9378a880-c539-4a9a-be1d-42a9506064bd,1,0,0,0,0,0,0,0,1,0,0
9378e1fd-f76f-45ba-8a4b-6eefd736c565,0,0,0,0,0,0,0,0,0,1,0
937af731-38a6-4d01-9414-8c1d27bf7fe0,0,0,0,0,1,0,0,0,0,0,0
93837372-15ab-4ae3-8faf-20cd0962cec8,1,0,0,0,0,0,0,0,0,0,0
93862108-f0a3-4c46-847c-83803b805536,0,0,0,0,1,0,0,0,0,0,0
93866f69-c8d1-4ec2-be23-04ba31e1cd47,0,0,0,0,1,0,0,0,0,0,0
9391578f-1688-45cc-942e-39ba74af8b3c,0,0,0,0,0,0,0,0,0,1,0
939986b0-fc6e-4f4f-a7e8-f2d2f79a0887,0,0,0,0,0,0,0,0,0,1,0
9399dda4-a5f9-4b6a-980e-35fddcba2dc9,0,0,0,0,0,0,0,0,0,0,1
939f050d-3856-4826-bb61-fef4e92e0bc8,0,0,0,0,1,0,0,0,0,0,0
93b2b7cf-fed5-466a-9e44-bce286ce9050,0,0,0,0,1,0,0,0,0,0,0
93be5f25-8d27-49d1-82d6-1a05f4e9b4b3,0,0,0,0,0,0,0,0,0,1,0
93bf5c0d-ef6b-42e5-ad0b-10f2d3b09bb5,0,0,0,0,0,0,0,0,0,0,1
93ccf0b4-04dd-4745-8fa8-d72a6702bc94,0,0,0,1,0,0,0,0,0,0,0
93da0602-7964-4d1a-b81c-0983a52877c8,0,0,0,0,0,0,0,0,0,0,1
93db3be7-fee5-48ad-a984-0952d8ae2f23,0,0,0,0,0,0,0,0,0,1,0
93dbec6f-0897-40de-8fbf-01c46fa00887,0,0,0,1,1,0,0,0,0,0,0
93dedae0-ee14-4986-8e33-1a40515e1d5d,0,0,0,0,1,0,0,0,0,0,0
93e21cbd-930e-4c02-9db3-66a15cb0244d,0,0,0,0,0,0,0,0,0,0,1
93efeac9-4b18-47f7-8954-315e1a690bce,0,0,0,0,1,0,0,0,0,0,0
93f48ac2-c789-41d3-90c0-6e1fe1db47ea,1,0,0,0,0,0,0,0,0,0,0
93f53e78-effa-4de2-8f98-521f332aded5,0,0,0,0,1,0,0,0,0,0,0
93faf023-1b76-4944-9884-259e705743d1,0,0,0,0,0,0,1,0,0,0,0
94037628-36ad-45ac-ae47-ca1f5c03e153,0,0,0,0,0,0,0,0,0,1,0
941af33d-c003-4988-a344-816cd1177f74,0,0,0,1,1,0,0,0,0,1,0
942506b3-004b-4174-8ee0-8315326409d0,0,1,0,0,0,0,0,0,0,0,0
942b47cb-535d-47fd-a177-d604eded982d,0,0,0,0,0,0,0,0,0,1,0
9431b321-814c-4125-b6b4-4f53dc6cd630,0,1,0,0,0,0,0,0,1,1,0
9440bac1-c09b-4f4f-a1ef-e7eeda3bfaa6,0,0,0,0,0,0,0,0,0,0,1
944f1ada-d406-44c9-9d1e-4a991e5718e5,0,0,0,0,0,0,0,0,0,0,1
944fb847-988c-4129-aae4-991b65cef6d6,0,0,0,0,0,0,0,0,0,0,1
9455710b-c128-49c0-89a0-03f564b6ecc8,0,0,0,0,1,0,0,0,0,1,0
945610f8-d15f-4a47-8989-fa48b00d578e,0,0,0,0,1,0,0,0,0,0,0
9456c9f2-375b-4902-a5a8-3e564b9a843e,0,0,0,0,1,0,0,0,0,0,0
94591017-4303-45cb-aa3c-d3a70c71f801,0,0,0,0,0,0,0,0,0,1,0
94668e23-5d98-433c-b383-466f8fd4c1fd,1,0,0,0,0,0,0,0,0,0,0
94672f7c-003b-454a-8963-262db88af9f1,0,0,0,0,1,0,0,0,0,0,0
9469fedf-1a60-428e-9f06-11e653861666,0,0,0,0,1,0,0,0,0,0,0
946c58d5-8559-45ed-978d-f7a1d0a7dfbd,1,0,0,0,0,0,0,0,0,1,0
9474fdca-ac97-4ece-8f86-846134899f41,0,0,0,0,0,0,0,0,0,0,1
947631d3-2388-4bb7-bd3c-bdd7a9aa2c94,0,0,0,0,0,0,0,0,0,1,0
94765887-c2af-40b1-9f40-b1165f3ddafb,0,0,0,1,0,0,0,0,0,0,0
947a56f6-747c-4984-a061-c5461ae3b482,0,0,0,0,0,0,0,0,0,1,0
947bdc2d-b101-4da0-8e93-6dafa9847729,0,0,0,0,1,0,0,0,0,0,0
9483a3a0-519f-4554-addb-6b9c6aabd15d,0,0,0,0,1,0,0,0,0,0,0
9487cb83-3a77-4c0c-bb57-6e1c0da94095,0,0,0,0,1,0,0,0,0,0,0
94985a6a-f082-48c7-a9fc-2277b4056fbf,0,0,0,0,1,0,0,0,0,0,0
94a6ecb8-cf52-4121-8c8e-9eff76e23092,0,0,0,0,0,0,0,0,1,0,0
94ab8200-e249-4d34-8865-ce8777c860ec,0,0,0,0,0,0,0,0,0,0,1
94ad2a71-08c6-419b-ac57-a0c6f65061d4,0,0,0,0,0,0,0,0,0,0,1
94af4d71-2c79-48fa-ac3e-74253bde92dd,0,0,0,0,1,0,0,0,0,0,0
94b63af5-7066-4e5a-bf10-77c9da395cfe,0,0,0,0,1,0,0,0,0,0,0
94c4af8f-8687-4e94-b3d6-cecbcfebd21f,0,0,0,1,0,0,0,0,0,0,0
94e1211d-b702-458b-be5b-262cae109c7c,0,0,0,0,1,0,0,0,0,0,0
94e76e7c-bd2c-4d62-8eea-61b5dc54b8c9,0,0,0,0,0,0,0,0,0,0,1
94e96dde-704b-4725-8606-b2b7a92d605f,0,0,0,0,0,0,0,0,0,1,0
94ea121f-c60c-4520-aa1f-59f113218d9e,0,0,0,1,0,0,0,0,0,0,0
94f81ddf-3236-45d9-9e8a-b92aacdbf692,0,0,0,0,0,0,0,0,0,0,1
94f8c2c8-a5e0-4a01-a7e3-b2a0b5151dfc,0,0,0,0,1,0,0,0,0,0,0
951ac8da-cae1-448f-a455-ab986433ef29,0,0,0,0,0,0,0,0,0,0,1
952466d7-a75e-49e7-bc75-49800479e8b6,0,0,0,0,0,0,0,0,0,1,0
952c831e-4b9b-41fe-8978-5b1ace8dcd06,0,0,0,0,0,0,0,0,1,0,0
953a801c-855c-4f49-bb5f-c62eea21866d,0,0,0,0,1,0,0,0,0,0,0
9543c2e0-e098-4084-a838-0e3fae6bd7e1,0,0,0,0,0,1,0,0,0,0,0
95462730-4b40-47ec-af32-9d0b41c92d75,0,0,0,0,0,0,0,0,0,1,0
954e458e-9e0c-4daa-aeec-1ce5564783d0,0,0,0,0,0,0,0,0,0,1,0
955dc8c1-48bb-4f09-9e2f-c2db521977d3,0,0,0,0,1,0,0,0,0,0,0
9567bf63-c462-49d4-b578-65ff273bd660,0,0,0,0,1,0,0,0,0,0,0
9569196d-d2bb-433b-8399-8f1c5add33dd,0,0,0,0,0,1,0,0,1,0,0
956b8db8-58b2-453c-81c5-6b882b9b1e62,0,0,0,0,0,1,0,0,0,1,0
957de216-b25c-4d87-8251-2dc12b86b414,0,0,0,0,0,0,1,0,0,0,0
957e6983-b5e4-404b-83f9-3d3c7be4dfab,0,0,0,0,1,0,0,0,0,0,0
95880106-b781-40f6-a3f4-b06fede46508,0,0,0,0,1,0,0,0,0,0,0
9591d727-ea4c-4291-8f95-c7fd1deda88d,0,0,0,0,0,0,0,0,0,1,0
9596f802-595a-44f3-9f83-47fe2fbc7583,0,1,0,0,0,0,0,0,0,0,0
959e8559-1ee7-481d-b761-c8455e6f3579,0,0,0,1,0,0,0,0,0,0,0
959f8526-d97f-45dc-8a92-ac5cbbb409da,0,0,0,0,0,0,0,0,0,0,1
95b3573d-0e34-4ccf-bb7f-299c3449456c,0,0,0,0,1,0,0,0,0,0,0
95b7c82d-c267-4a4e-9441-5685f606d987,0,0,0,1,0,0,0,0,1,0,0
95bcce2c-affa-42c7-99b9-e53e0d2283b1,0,0,0,0,1,0,0,0,0,0,0
95c5afb7-b1fc-4511-bce3-534ea4e0fd37,0,0,0,1,1,1,0,0,0,0,0
95d68c26-c30f-4411-b820-273648628a1d,0,0,0,0,1,0,0,0,0,0,0
95d6eba1-a6bf-4b10-a0ee-c7dc60dc1427,0,0,0,0,1,0,0,0,0,0,0
95d76614-3f82-4a7b-be51-52f967ca3253,0,0,0,0,1,0,0,0,0,0,0
95dfa3c4-d80d-495e-95b5-28b61551353e,0,0,0,1,0,0,0,0,0,0,0
9605397e-09f8-436c-8461-b97ee4db59cd,0,0,0,0,0,0,0,0,1,0,0
9605ece6-a850-43d7-8e8e-43a176a9cc96,0,0,0,0,0,0,0,0,0,0,1
961b01ba-9a3b-425b-a868-0086418c868d,0,0,0,0,0,0,0,0,0,0,1
961e1256-5e76-423e-ae72-f8b1d417a0df,0,0,0,1,0,0,0,0,0,0,0
963230fc-f9c4-4824-885d-88ea2f5d3305,0,0,0,0,0,0,0,0,0,1,0
9636cd00-1366-421b-88fc-17d1e1f98f79,0,0,0,1,0,0,1,0,0,0,0
963fd475-70ea-469c-82cf-8d0a4b7fe2d7,0,0,0,0,0,0,0,0,0,0,1
96423e41-d98f-4e29-8e09-d2289f7b2922,0,0,0,0,0,0,0,0,0,1,0
964d6a9e-55fd-47f4-afe6-3a855f57f526,0,0,0,1,0,0,0,0,0,0,0
964dc8ce-a17c-4691-8681-6f7a92e1a373,0,1,0,0,1,0,0,0,0,0,0
96587321-a9e0-4f1b-aaea-c1781290840d,0,0,0,0,0,0,0,0,0,0,1
965c28b5-e2b8-45db-907f-874674dc6d49,0,0,0,0,0,0,0,0,0,1,0
965edb94-4930-46b5-bd10-dc28a20485c6,0,0,0,0,0,0,0,0,0,0,1
9664f0da-3993-4fa8-bda7-14061c813303,0,0,0,0,0,0,0,0,0,0,1
967875af-283c-4a2b-89d4-f63b70f4122d,0,0,0,0,0,0,0,0,0,1,0
9678c3ed-d49a-4fa1-81dc-f875f752342e,0,0,0,0,1,0,0,0,0,0,0
96799362-9fc8-4f34-8458-5ba2e01de189,0,0,0,0,1,0,0,0,0,0,0
967a9c59-6038-4403-884a-fce61d7673fe,0,0,0,0,1,0,0,0,0,1,0
967da036-7d70-424e-ba9e-b08dda4c2cf8,1,0,0,0,0,0,0,0,0,0,0
968046c6-3eab-4963-8ff9-06fe389bbd22,1,0,0,0,0,0,0,0,0,0,0
96825804-2523-4eab-8f08-ee1e7451d432,0,0,0,0,0,1,0,0,0,0,0
968d107b-d82a-4f54-ad7e-e6d9a88db8dd,0,0,0,0,1,0,0,0,1,0,0
969ecbd4-a11e-45ba-b2ff-28b089fb16bb,0,0,0,0,0,0,0,0,0,1,0
96a04beb-9223-4692-b831-b225e821e76b,0,0,0,0,0,0,0,0,0,1,0
96a58447-9d50-4ff3-a4f3-b4e435868abb,0,0,0,0,0,0,0,0,0,0,1
96b1020e-ba06-4bbb-ba3b-28e0002187d9,0,0,0,0,0,0,0,0,0,0,1
96b9e07c-68fb-48db-8905-3b4ef122cffe,0,0,0,0,1,0,0,0,0,0,0
96c942e0-1af0-46bd-8a89-8e436577e224,0,0,0,1,0,0,0,0,0,0,0
96cd6ef1-7a24-458c-895e-60cc0381ccab,0,0,0,0,1,0,0,0,0,0,0
96cdfbfc-9bbc-416c-9c31-4d1fca9c85e2,0,0,0,0,0,0,0,0,0,1,0
96cee114-e0d2-46bb-86c3-245ac7c2c3f7,0,0,0,0,1,0,0,0,0,0,0
96d48b9c-b59e-4d0e-9c59-63b43c0b5cee,0,0,0,1,0,0,0,0,0,0,0
96d95186-81fb-4d85-954c-a113afc28846,0,0,0,0,0,0,0,0,0,0,1
96dd6f2c-98f6-4a83-a3e7-806333cb96ec,0,0,0,0,0,0,0,0,1,0,0
96e188c5-99b9-491a-a035-80ca09e5e447,0,1,0,0,1,0,0,0,0,0,0
96e233a4-1c24-47f2-90bc-0957a32ab8e1,0,0,0,0,0,0,0,0,1,0,0
96e67751-befa-4140-bf86-e025142122cd,0,0,0,0,1,0,0,0,0,0,0
96e891ad-6613-4fe5-86ad-095e02cf3983,0,0,0,0,0,0,0,0,0,1,0
96ed7a54-7b1c-47e2-80db-471a40b18e0b,1,0,0,0,0,0,0,0,0,0,0
96f383df-11f5-4ac6-b174-392a944c9219,0,0,0,1,0,0,0,0,0,0,0
97020faa-c25b-40f4-8623-114ac16b1709,0,0,0,0,0,0,0,0,0,1,0
9703a37d-8140-40db-a648-a47c59db8238,0,1,0,1,1,0,0,0,0,0,0
9712dc37-7d5b-4246-bf6d-8563b31adb76,0,0,0,0,1,0,0,0,0,0,0
97143757-98d0-49e4-b1ef-5eb6fb72ad36,0,0,0,0,1,0,0,0,0,0,0
9714eb06-2c1f-4bdb-b49a-6b23456e1cb0,1,0,0,0,0,0,0,0,0,0,0
97161c06-0da9-41ca-afc9-20ad2c9e8c81,0,0,0,1,1,0,0,0,0,0,0
97291647-88e7-4833-8ae0-ad298f23170e,0,0,0,0,0,0,0,0,0,1,0
97355d60-159b-49ab-98a8-f39d0d6325b0,0,0,0,0,0,0,0,0,0,1,0
97382c63-a516-4450-b435-d17abb76500e,0,0,0,0,1,0,0,0,0,0,0
97422dae-acba-4cbf-8875-3f8ac6ffcf78,0,0,0,0,0,0,0,0,0,1,0
974770a0-66e3-4df5-94d5-450045972c13,0,0,0,0,1,0,0,0,0,0,0
974ba924-7286-4b2d-a5a9-8d4bb8fafe09,0,0,0,0,1,0,0,0,0,0,0
974bf2c3-8e53-42c3-bfd2-201c998f08e9,0,0,0,0,1,0,0,0,0,0,0
97537b54-49d7-4775-86b3-8247d60bac54,0,0,0,0,0,0,0,0,0,0,1
975929f8-5c4a-47ee-97bd-75c4bc1a6dad,0,0,0,0,1,0,0,0,0,1,0
9763f03c-9548-4864-acfd-e5977c2b86ab,0,0,0,0,1,0,0,0,0,0,0
97661042-6877-4d57-ba81-12a7179bb9d7,0,0,0,1,0,0,0,0,0,0,0
97688b46-4dad-47c9-83dd-a12269fe212e,1,0,0,0,0,0,0,0,0,0,0
976a9c0d-3104-4150-8903-eb2099ef87b2,0,1,0,1,0,1,0,0,1,0,0
976faabc-e67b-47c7-87ea-5ed4a97bb30c,0,0,0,1,0,0,0,0,0,0,0
9770e362-252c-40b6-9725-25c1e04ea25b,0,0,0,0,1,0,0,0,0,0,0
977f1a18-caf3-4b2e-9bab-3c6330fc25fc,0,0,0,0,1,0,0,0,0,0,0
9780a481-5091-4fe6-9892-f342633a780d,0,0,0,0,0,0,1,0,0,0,0
9787ae16-ad19-449f-842b-d35c50b6ffc9,0,0,0,0,0,0,0,0,0,0,1
9797c68d-09be-454f-abd3-fc1150cb862a,0,0,0,0,1,0,0,0,0,0,0
9799007e-dc21-4ce4-85dc-54effcfda9cd,0,0,0,0,0,0,0,0,0,0,1
97a92078-0073-4553-b872-7183cda38fc1,0,0,0,0,0,0,0,0,0,1,0
97abd14b-db36-4101-abdb-0a9ec6822edc,0,0,0,0,1,0,0,0,0,0,0
97b555d7-8443-4fd9-ae8e-31290fca733d,0,0,0,0,1,0,0,0,0,0,0
97cc025c-68a5-4cde-a3a7-b4a543eaeaab,0,0,0,0,0,0,0,0,0,1,0
97d12a1d-9f0f-4626-bf60-665f9bade247,0,0,0,0,1,0,0,0,0,0,0
97d12b05-52a0-4228-bbb3-70f076d53437,0,0,0,0,1,0,0,0,0,0,0
97dcb31c-6827-40c5-8cdc-f024bd36cf79,0,0,0,0,1,0,0,0,0,0,0
97dfaa91-877e-4027-98f7-27b86ffe41fb,0,0,0,0,1,0,0,0,0,0,0
97f8fa25-c994-43a2-a757-06d5d527443f,0,0,0,0,1,0,0,0,0,0,0
97ffae18-5571-4aeb-8c5b-8f7325b48ec4,1,0,0,0,0,0,0,0,0,0,0
98011a44-0876-40eb-b6ac-8f717cb21ccc,0,0,0,0,0,1,0,0,0,0,0
981603ae-c0f4-4dec-8d9c-de0db9f0b49a,0,0,0,0,0,0,0,0,0,1,0
98164a88-0595-48e0-b2c0-2a2ab932a2f6,1,0,0,0,0,0,0,0,0,0,0
98185efa-2684-4b3e-97b5-3bb02a5667f7,0,0,0,0,0,0,0,0,0,1,0
981c16b6-0cbb-4d68-b07d-a67b171d939e,1,0,0,0,0,0,0,0,0,0,0
98216ba1-0532-4392-9546-4f275f34962a,0,0,0,0,0,0,0,0,0,0,1
98257c31-aaa9-475c-9e4b-e74edccf7814,0,0,0,0,0,1,0,0,0,0,0
982f64d1-b8ea-4a8b-bb3e-4b83aa2c730a,0,0,1,0,1,0,0,0,1,1,0
9831fd11-7cdc-4c1b-936d-bc33d8a3109f,0,0,0,0,0,0,0,0,0,1,0
9836a8b8-1438-409d-9a87-e32fe1544840,0,0,0,0,0,1,1,0,0,1,0
9837744b-0a8e-4988-ac08-4f6346a04f3b,1,0,0,0,0,0,0,0,0,0,0
9837d69b-e0ea-4fb2-bd14-07e025545df7,0,0,0,0,0,0,0,0,0,1,0
983c29d5-20a4-4358-b638-ad0d4572e25a,0,0,0,0,1,0,0,0,0,0,0
984243f5-8cfb-4308-859c-002c1b9877aa,1,0,0,0,0,0,0,0,0,0,0
9845901b-ebbf-4bc6-ad02-4f43ce1c6779,0,0,0,0,1,0,0,0,0,0,0
984952aa-d665-4d6c-b7f6-36856945e76c,1,0,0,0,0,0,0,0,0,0,0
9849c2d9-6513-4a1b-b831-c7e0e1d4de94,0,0,0,0,0,0,0,0,0,1,0
984c8032-b58b-41e5-84b4-4d2028867dc0,0,0,0,0,0,0,0,0,0,0,1
985675c3-3922-4177-a3ef-f6c2d4ddf04b,0,1,0,0,0,0,0,0,0,0,0
9856f923-fed5-4d54-8a6c-46224550fdfd,0,0,0,0,0,0,0,0,0,0,1
98615752-4e40-4ea5-85b5-4d33050cab4b,0,0,0,0,0,0,0,0,0,1,0
9861705b-174d-43db-aad2-aa1f68fadf1a,0,0,0,0,0,0,0,0,0,0,1
986ceed7-9c64-434d-a559-29fcdf4c7b55,0,0,0,0,0,0,0,0,0,1,0
98747cc5-7f2d-4790-829f-54127fe782af,0,0,0,0,0,0,0,0,1,0,0
987549eb-db76-4dc4-994e-cfed42aa2791,1,0,0,0,0,0,0,0,0,0,0
98775dfb-837d-4b06-a4bc-d7db50e116b6,0,0,0,0,0,0,0,0,1,0,0
98794703-9c5f-401e-adac-48e09650830a,0,0,0,0,0,0,0,0,0,0,1
987bb597-261d-4b6d-b862-14371f41fac3,0,0,0,0,0,0,0,0,0,1,0
988385b3-718a-4627-8c59-ade509fc9431,0,0,0,0,0,0,0,0,1,0,0
98896676-078a-4b55-b8aa-7fe58630a2bc,0,0,0,1,0,0,0,0,0,0,0
9890f2f8-9d97-4ca9-807c-9da1ca9302fc,0,1,0,0,0,0,0,0,0,0,0
98937af4-1d0d-436c-9a1a-13de78fa28b0,0,0,0,0,1,0,0,0,0,0,0
98998138-450d-4439-a8bc-9e09fed62a16,0,0,0,0,1,0,0,0,0,0,0
98a57724-842f-4d53-90d0-1861efa1e9ba,1,0,0,0,0,0,0,0,0,1,0
98be04ee-31cf-4dbf-931d-c2377b58e423,0,0,0,1,0,0,0,0,0,0,0
98c48636-6987-4a97-a9f7-a4dce625c292,0,0,0,0,1,0,0,0,0,0,0
98c60c95-6fa4-4045-b198-9641d9504305,1,0,0,0,0,0,0,0,0,0,0
98cbd9eb-7ddc-4830-9f2b-282c5eb34e6d,0,0,0,0,1,0,0,0,0,0,0
98ccb2cc-d4ba-4e3c-beaa-dbd6d57703f5,0,0,0,0,1,0,0,0,0,0,0
98d03c7e-4661-4fcd-934d-15f5b9265bbd,0,0,0,0,0,0,0,0,0,1,0
98d21ae5-5fe9-4cf8-a4ef-1f5d6898d79c,0,0,0,0,0,0,1,0,0,0,0
98dada2f-8f7c-468f-a152-d8b5ef379a0b,1,0,0,0,0,0,0,0,0,0,0
98ddcfa0-c042-45c2-9872-bc3349a5bbf5,0,0,0,0,0,0,0,0,0,1,0
98f9dbf3-a0b4-49b8-be07-b47104daff39,0,0,0,0,0,0,0,0,0,0,1
98fc91c2-9477-45d7-8185-05b612609550,0,1,0,0,0,0,0,0,0,0,0
98fd8dea-2ab5-4cfa-bf6c-48ef09f6ae8f,1,0,0,0,0,0,0,0,0,0,0
98ff43e8-b3c1-4753-bbc3-62da4172539f,0,0,0,0,1,0,0,0,0,0,0
990884a4-8ba3-4ab9-91c8-697f362acdb9,0,0,0,0,0,0,0,0,0,0,1
9909eb1b-895e-444b-9ea4-18b1e5a903f4,0,0,0,0,1,0,0,0,0,0,0
990b2d8b-bde1-4b8a-9c9e-2f989ff86087,0,0,0,0,0,0,0,0,0,1,0
990bc5dc-9947-497b-a99a-f61584b36d46,0,0,0,0,0,0,0,0,0,0,1
9923bdd8-95fd-452c-b6e4-536c736006ca,1,0,0,0,0,0,0,0,0,1,0
992fa477-c033-4191-88a4-3f3b92d475a9,0,0,0,0,0,0,0,0,0,1,0
99373f50-4053-4e3b-94cb-0ad8329001cf,0,0,0,0,1,0,0,0,0,0,0
9942ef4b-153d-476f-a186-5b85b543dd2d,0,0,0,0,0,0,0,0,0,0,1
994a282c-36ff-46c7-b8b8-3f0cd8a3d7cf,0,0,0,0,0,0,0,0,0,0,1
995b0504-0f54-4305-a40b-448d3bdfc7e6,0,0,0,0,0,1,0,0,0,0,0
995d0179-30dc-42bf-bdf0-2e982451f108,1,0,0,0,0,0,0,0,0,1,0
99602740-7073-43e8-a332-54ddfad400f9,0,0,0,0,0,0,0,0,0,0,1
996bf4fd-e949-41f6-b138-60ff518fae59,0,0,0,0,0,0,0,0,0,1,0
996e4547-f0f7-4d95-a9bd-1aa5ac35c72b,0,0,0,0,1,0,0,0,0,0,0
996ff41f-9ca4-4665-8678-9807050d338e,0,0,0,0,0,0,0,0,0,0,1
997428d5-3ed5-4faf-a69a-3aa086186f78,0,0,0,0,0,0,0,0,0,1,0
99796dbe-12dc-4d96-bce6-eb50739fe0b8,1,0,0,0,0,0,0,0,0,0,0
9983e308-2d40-48ac-915d-cb1b4a4f66ea,1,0,0,0,0,0,0,0,0,0,0
998940e2-2c93-4d7d-b0c0-b92455a1773d,1,0,0,0,0,0,0,0,0,0,0
9989a2d1-a7d8-4b50-ae78-57c29e5e4281,0,0,0,0,0,0,0,0,1,0,0
998d8b57-127f-4ec9-8cf3-3b18061139d4,0,0,0,0,1,0,0,0,0,0,0
999b0c84-1b62-4f97-95c4-e53939fd2d23,0,0,0,1,1,0,0,0,0,0,0
99a00a11-d501-4173-9a63-497f29ae16ed,0,0,0,0,0,0,0,0,0,1,0
99a43da1-6747-4ba9-b9ad-38114aaba52e,0,0,0,0,0,1,0,0,0,1,0
99a89588-3fcd-4583-a9bc-cd2e988712fe,0,0,0,0,1,0,0,0,0,0,0
99ab0a2c-30f7-4912-9490-9cb41c39294f,0,0,0,1,1,0,0,0,0,0,0
99ab1246-4819-4260-9398-b7bee484b03a,0,0,0,0,0,0,0,0,0,0,1
99aebc24-740a-4c97-a657-9a5705dc33fb,1,0,0,0,0,0,0,0,0,0,0
99b8f73f-b3a7-437c-9596-16a4bbcce668,0,0,0,0,0,0,1,0,0,0,0
99c60cd5-c75a-420f-8b3f-0aae734164d5,0,0,0,0,0,0,0,0,0,0,1
99d5c0c7-a3f6-4468-8963-306e123d068f,0,0,0,0,1,0,0,0,0,0,0
99d8d0dc-bced-414c-a870-fc3621e72e2c,0,0,0,0,0,0,0,0,0,0,1
99d8d839-2674-4b3b-aa42-c1f45c93304e,0,0,0,0,0,0,0,0,0,1,0
99de4be7-60f2-4a96-abbc-526814b1648c,0,0,0,0,0,0,0,0,0,1,0
99df065d-3bc2-42bf-98a6-cf55705071f9,0,0,0,0,0,1,0,0,0,0,0
99e0b76d-9bb5-42c8-997a-9d375dd0daf5,0,0,0,0,1,0,0,0,0,0,0
99e2344d-2486-434e-ae4e-4ecb024e693f,1,0,0,0,0,0,0,0,0,0,0
99f08900-01c8-418e-b809-d559378d75a7,0,0,0,0,0,0,0,0,0,1,0
99f6b979-15f6-469d-a851-719cdd5ac13d,0,0,0,0,0,0,0,0,0,0,1
99f71634-6a0c-4ee1-8218-d01894479c26,0,0,0,0,1,0,0,0,0,0,0
99fac1b1-125b-473f-a12f-d5e08d934287,0,1,0,1,0,0,0,0,1,0,0
99fc9e02-c11e-432b-b930-ae7a1ada81f1,1,0,0,0,0,0,0,0,0,0,0
9a07a1f1-b39f-498f-8704-ecdaff413ed2,1,0,0,0,0,0,0,0,0,0,0
9a085bcc-5d28-446e-b563-487236f9b77b,1,0,0,0,0,0,0,0,0,0,0
9a0ee322-986f-4571-93d2-67526333f2e5,0,0,0,0,0,0,0,0,1,0,0
9a18bd49-26bd-44a4-a8ab-c62533bfc911,0,0,0,1,0,0,0,0,0,0,0
9a2d6caa-eef4-4b7e-bb2d-84db933b86cc,0,0,0,0,0,0,0,0,0,1,0
9a2ee427-415b-47af-baf3-85dfa50f7d8a,1,0,0,0,0,0,0,0,0,0,0
9a2ffb3e-138a-4158-9f6a-9272577f5067,0,0,0,0,1,0,0,0,0,0,0
9a309f96-a4d0-4da1-a604-4ef4fc3e5886,0,0,0,0,0,0,0,0,0,1,0
9a3a7639-f943-4d47-9930-8180c02eaa7a,0,0,0,0,1,0,0,0,0,0,0
9a40e408-9323-4aad-8b3e-33280960b3d9,0,0,0,0,0,0,0,0,0,0,1
9a423f15-fda8-42f6-b052-7315c7ae1cef,0,0,0,0,0,0,0,0,1,0,0
9a450ce2-f82b-41dd-86a7-72e1c1796a18,1,0,0,0,0,0,0,0,0,1,0
9a45ee2d-b3fd-4df0-b5c8-6be8217d98f5,0,0,0,0,0,0,0,0,0,0,1
9a4f520c-562f-41b9-bb43-4f99f738cf3d,0,0,0,0,0,0,0,0,0,1,0
9a548db1-9e66-4ebd-ac26-4df74c5dc65d,0,0,0,0,0,0,0,0,0,0,1
9a58d3c2-6f4a-4cea-91ee-1c09d88d8722,0,0,0,1,0,0,0,0,0,0,0
9a5d56d6-ec9e-4eae-95fd-c4a38bc7d80d,0,1,0,1,0,1,0,0,0,1,0
9a6bf2fb-9db4-4c88-90d9-f48c45f505ba,0,0,0,0,0,0,0,0,0,0,1
9a6f2ebb-3eff-45df-bc8e-62a04412ea04,0,0,0,0,0,0,0,0,1,0,0
9a7015b1-ca48-4917-8dfa-c80cd2f1a78d,0,0,0,0,1,0,0,0,0,0,0
9a7216bb-bcdf-42b3-bf3f-5a0561891a08,0,0,0,1,0,0,0,0,0,0,0
9a7749a6-f49b-49ee-a26f-97c1dadfbc2e,1,0,0,0,0,0,0,0,0,0,0
9a77b374-0a09-4141-adef-472bb3ce8c01,0,1,0,1,1,0,0,0,0,0,0
9a79f149-5690-44fa-a90e-15c208dd6276,0,0,0,0,1,0,0,0,0,0,0
9a821e5d-066c-4a03-a4cd-b421f1dd732d,0,0,0,0,1,0,0,0,0,0,0
9a87400d-3649-4e3c-a165-d15e507d949b,0,0,0,1,0,0,1,1,0,1,0
9a90110d-c2ab-43c6-936d-5e4f797e8786,0,0,0,0,0,0,0,0,0,1,0
9a93a8fd-2750-48a9-a91b-9f9768fbbc39,0,0,0,0,1,0,0,0,0,0,0
9a951009-1c88-48db-886e-84ee992f7f4f,0,0,0,0,1,0,0,0,0,0,0
9a95cd4d-c01b-44a8-a838-00352e4251de,0,0,0,0,0,0,0,0,0,0,1
9a95d458-ab40-4f94-9ea6-42ace64576c6,0,0,0,0,1,0,0,0,0,0,0
9a963823-0f1d-446d-a8c5-de1825a449e2,0,0,0,0,0,0,1,0,0,0,0
9a985875-1bf7-4c51-be04-939db72dca61,0,1,0,0,1,0,0,0,0,1,0
9aa0a641-2e54-4aa4-bbdf-7469eb920127,0,0,0,0,1,0,0,0,0,0,0
9aafeda9-44f2-4476-8582-031211cdcf70,0,0,0,0,0,0,0,0,0,0,1
9ab76835-4588-40c7-a5b7-48f568145f49,0,0,0,0,0,0,0,1,0,0,0
9abeb530-1190-4c4b-b25a-2d6df6fbf633,1,0,0,0,0,0,0,0,0,0,0
9ac3d7aa-e012-46ed-ae4c-2f459842b35f,0,0,0,1,0,0,0,0,0,0,0
9ae32a95-f43c-47e8-9aa4-3b4172574afd,0,0,0,0,0,0,0,0,0,1,0
9afa7305-f88b-4235-ad41-9003deca4ad9,1,0,0,0,0,0,0,0,0,0,0
9afb7de7-aff5-4a16-b7e1-05926bbb8082,0,0,0,0,0,0,0,0,0,0,1
9aff4379-0a19-4dd0-a156-1d0d19257cfe,0,0,0,0,0,0,0,0,0,0,1
9b008601-c542-410e-8dac-f65754e9e9c0,0,0,0,0,1,0,0,0,0,0,0
9b00a530-9d61-4715-9ac5-639ebb84b09b,0,0,0,0,0,0,0,0,0,0,1
9b07f618-7b6c-4a43-9db6-f1d583fc10a7,0,0,0,0,0,0,0,0,1,0,0
9b4d5150-88ee-4ccf-825f-23ae67387823,0,0,0,0,1,0,0,0,0,1,0
9b4e7043-a422-4854-98e0-91545519886b,0,0,0,0,1,0,0,0,0,0,0
9b519ba6-2f10-4a4f-84c6-6be2b439d04b,1,0,0,0,0,0,0,0,0,0,0
9b55b69a-cde2-4669-bf73-3289c1362229,0,1,0,0,0,0,0,0,0,0,0
9b55edd9-f6a5-45af-ac85-336351c30de9,1,0,0,0,0,0,0,0,0,0,0
9b5720db-2220-4de7-a963-f3ee2735bc59,0,0,0,0,0,0,0,0,0,0,1
9b578d5a-bc25-4933-9d8b-b57f11be3068,1,0,0,0,0,0,0,0,0,1,0
9b594853-a05b-4806-9955-d11b09ab8427,0,0,0,0,1,0,1,0,0,0,0
9b59a6a8-82e3-46be-960d-187ccb9b8dbe,0,0,0,0,1,1,0,0,0,0,0
9b62077a-acb7-4b76-a70e-2e8d177ac071,0,0,0,1,0,0,0,0,0,0,0
9b70f916-ca7b-4fde-8f55-af1464e91fb6,0,0,0,0,1,0,0,0,0,0,0
9b7194d8-50d4-4755-9f05-0e93768fb4d1,0,0,0,1,0,0,0,0,0,0,0
9b72a281-08c7-4986-a897-21df9de450e1,0,0,0,0,0,0,1,0,0,0,0
9b773e4d-2d56-4a68-a4f3-79f670a5c6b4,0,0,0,1,0,0,0,0,0,0,0
9b80f085-a401-42eb-b794-a80d1563065f,0,0,0,0,1,0,0,0,0,0,0
9b8a643c-88b0-4e7c-a417-b4f2cd1e2d14,0,0,0,0,0,0,0,0,0,0,1
9b8cdcb3-4f44-4d83-a8ea-b674e8e5870c,0,0,0,0,0,1,0,0,0,0,0
9b90e3e4-857b-41f0-bd81-8de62540f322,0,0,0,0,0,0,0,0,0,1,0
9b918444-c97f-425f-941e-e917718c0e79,0,0,0,0,0,0,0,0,0,1,0
9ba1091c-3cf0-4ed9-a385-826614144eb8,0,0,0,0,1,0,0,0,0,0,0
9ba3deaa-3aa6-41bf-b40f-6666da187e5c,0,0,0,1,0,0,0,0,0,0,0
9bae47dc-02c9-4434-9aa3-1969f58c8f29,0,0,0,0,0,1,1,0,0,0,0
9bb3f0e1-b953-406e-a893-17b336a1c38f,0,0,0,0,1,0,0,0,0,0,0
9bb7a820-4762-4155-9e46-7045cfff1df2,0,0,0,0,0,1,0,0,0,0,0
9bbb8f1a-79a0-481e-b5c9-f8cd3738d029,0,0,0,1,0,0,0,0,0,0,0
9bbcc3a4-ab1c-4849-a3fb-ac6b23f8ab37,0,0,0,0,1,0,0,0,0,0,0
9bc1ed4e-c604-4c7a-b921-94c16af22565,0,0,0,1,0,0,0,0,0,0,0
9bc3c8a8-5a10-4f90-9d66-c4272ebfdb3f,0,0,0,0,0,0,0,0,0,1,0
9bc592fe-3c7c-456b-a344-83a0901f2b7f,0,0,0,0,0,0,0,0,0,1,0
9bd4b081-c80f-4bdf-882f-df29b7f320c6,0,0,0,1,0,0,0,0,0,0,0
9bda397c-6839-4d27-86be-0a18bf4f18dd,0,0,0,0,0,0,0,0,0,1,0
9be93025-5632-42f1-92aa-2fcbf3a43c41,0,0,0,0,1,0,0,0,0,0,0
9be93a3f-c086-419a-828d-3f2160727759,0,0,0,0,0,0,0,0,0,1,0
9c032372-0b2b-448d-9f48-c94fca7101c6,1,0,0,0,0,0,0,0,0,0,0
9c0eaa6b-b617-4b37-86a2-040d7685b540,0,0,0,0,0,0,0,0,0,0,1
9c1db5da-eb19-490c-a579-3ae0731cb4cb,0,0,0,1,0,0,0,0,0,0,0
9c1f8363-148d-4314-9777-f6bc0b72a70c,0,0,0,1,0,0,0,0,0,0,0
9c2217d6-6a6c-4304-bb3a-83a724c162ef,0,0,0,0,1,0,0,0,0,1,0
9c23d0a6-e02b-4954-89a7-a838acbdc4bb,0,0,0,0,1,0,0,0,0,0,0
9c24d3b1-9da9-4680-82f6-89f58860a9dd,0,0,0,0,1,0,0,0,0,0,0
9c2b0f4e-861d-404b-9b82-5541f75e864a,0,0,0,0,0,0,1,0,0,0,0
9c37f3c1-4107-405b-8805-fe1df9a20e63,0,0,0,0,0,0,0,0,0,0,1
9c3f4f1a-c22a-45cc-b93f-d9f793e89e68,0,0,0,0,1,0,0,0,0,0,0
9c415332-f0d8-43a1-8dac-8110286c2b28,0,0,0,0,0,0,0,0,0,1,0
9c418d2c-5d5a-4a46-ab3c-b025d037d49b,0,0,0,0,1,0,0,0,0,0,0
9c44775a-bab4-44ad-b5c8-c3104b590272,0,0,0,0,1,0,0,0,0,0,0
9c4e338e-7988-42ae-a684-69079f9459de,0,0,0,0,0,0,0,0,1,0,0
9c511a77-fd64-4938-90ed-61f6cb4d7a3c,0,0,0,0,0,0,0,0,0,0,1
9c52333b-5958-45d3-915c-6b75248fd38e,0,0,0,0,0,0,0,0,0,1,0
9c53921f-9839-4ef2-b8cd-ef2366470160,0,1,0,0,0,0,0,0,0,0,0
9c58caa3-ddc3-4d80-84a9-9131b03e8cb0,1,0,0,0,0,0,0,0,0,0,0
9c5a9067-ba22-4117-84d3-bc08a09defd4,1,0,0,0,0,0,0,0,0,0,0
9c636dd8-5e6f-4c9b-93af-10cd4c91b899,0,0,0,0,0,0,0,0,0,1,0
9c69c198-4157-4e46-af48-076878b29820,0,0,0,0,0,0,0,0,0,0,1
9c6dd5db-8576-4a68-9cf2-d999133ecc47,0,0,0,1,1,0,0,0,0,0,0
9c7994ac-bf80-4f19-aaef-8b9cf9987f27,0,0,0,0,0,0,0,0,0,0,1
9c7e6fb7-0f8f-41e8-80fe-e074b1daf0a9,1,0,0,0,0,0,0,0,0,0,0
9c93c992-5681-41e5-9fc0-c00bc60ce8ae,0,0,0,1,0,0,0,0,0,0,0
9c962655-f728-4f9c-b1bd-b8f94d9e7070,0,0,1,0,0,0,0,0,0,0,0
9ca25c57-de46-426a-bf11-eb5f71bad1c9,1,0,0,0,0,0,0,0,1,0,0
9cb353ab-a9c3-48df-bdf8-0647b94c5bc7,0,0,0,0,0,0,0,0,0,1,0
9cb44cfc-e3d4-422c-9205-b691fe3fc9dd,0,1,0,0,0,0,0,0,0,0,0
9cbf98be-6af1-4e6f-952b-510aa1cc3483,0,0,0,0,0,0,1,0,1,0,0
9cc8219d-4a7f-4264-88b8-2cb2339dabb8,0,0,0,1,0,0,0,0,0,0,0
9cd3adc0-feb4-4280-8067-dd39c097cfd8,0,0,0,0,1,0,0,0,0,0,0
9cdba19c-0fc0-41c5-bcdc-ae1e084f7683,0,0,0,0,0,0,0,0,0,1,0
9cdf3c59-9850-4cb7-9938-5cf817ed09c3,0,0,0,0,1,0,0,0,0,0,0
9ce02e1e-3bb5-4584-bc3a-1aa5524492aa,0,0,0,0,0,1,0,0,0,0,0
9cea07ca-b593-42fb-8570-42d2d3f4124b,1,0,0,0,0,0,0,0,0,0,0
9ceca625-cf64-4fac-a687-5ee29aebb0c2,0,0,0,0,0,0,0,0,0,1,0
9cef4ad8-472b-46c6-8520-2d2e2bf2f0e1,0,0,0,0,0,0,0,0,0,1,0
9cfdf982-ba12-425a-9730-4733088e85f0,0,0,0,1,0,0,0,0,0,0,0
9d03031c-4f20-4d69-81fa-f9db5724f6e8,0,0,0,0,1,0,0,0,0,0,0
9d052901-3894-4c9c-91f6-5a15ddeda1fb,0,0,0,0,1,0,0,0,0,0,0
9d0a096d-e1f3-40d7-a01c-d4947d0e85c0,0,0,0,0,0,0,0,0,1,0,0
9d14148b-874a-46ab-9b9f-621d5b23f285,0,0,0,0,0,0,0,0,0,0,1
9d17932f-0a76-405a-ac62-a7cb13f31961,0,0,0,0,0,0,0,0,1,0,0
9d1bf693-eee0-4141-b253-16a33d5e1b7e,0,0,0,0,1,0,0,0,0,0,0
9d1cdb17-80ed-40bf-a4f8-120048946700,0,0,0,0,0,0,0,0,1,0,0
9d25d79d-c5c1-4594-b9b0-3986e43d9c6a,0,0,0,0,1,0,0,0,0,0,0
9d30c267-add1-4bd4-9c64-6436f88caf49,0,0,0,0,0,0,0,0,0,0,1
9d338a34-c32b-4d79-82b2-fa0ec710563a,0,0,0,1,0,0,0,0,0,0,0
9d44019c-3142-491d-9826-d18f8c1831a1,0,0,0,0,1,0,0,0,0,0,0
9d4f2a60-ed91-499a-8b26-1880d8c1ce28,0,0,0,0,0,0,1,0,0,0,0
9d503159-8df1-4e7a-9c6a-94018e3474b2,0,0,0,0,0,0,0,0,1,0,0
9d5c2aff-4e6a-407c-8cd4-7023f30f0703,0,0,0,1,0,0,0,0,1,0,0
9d6169ae-c1fa-4fbb-a9d0-d08e0acdfc5e,0,0,0,0,1,0,0,0,0,0,0
9d7074b2-6c2d-4960-89f1-60f006397bcc,0,0,0,0,0,0,0,0,0,0,1
9d93f98f-8ae2-40a4-8386-63d3372c72e4,1,0,0,1,0,0,0,0,0,0,0
9d9e4db0-54d9-42e9-a9de-02a9a70c70ad,0,0,0,0,1,0,0,0,0,0,0
9db0b26e-f6d4-44a4-a0e5-8b84c7d6060d,0,0,0,1,0,0,0,0,0,0,0
9db8e837-913f-4627-8141-ec0e30e12ff6,0,0,0,0,0,0,0,0,0,1,0
9dc18173-b15d-4b23-92a7-564e2b72a5af,1,0,0,0,1,0,1,0,0,1,0
9dc6cad0-7acc-49d5-b0cb-569bca27fd98,0,0,0,0,0,0,0,0,0,0,1
9dced04a-2026-47a1-a6f5-e8b898319374,0,0,0,0,1,0,0,0,0,0,0
9dd4648d-86ae-436e-9447-384094f1c198,0,0,0,0,0,0,0,0,0,1,0
9de3b5d1-8951-48ee-b749-3b574e519003,0,0,0,1,1,0,0,0,0,0,0
9de86024-f664-4df1-b8f8-24e883b39cb5,0,0,0,1,0,0,0,0,0,0,0
9e045655-2af4-4389-ab71-4096daa1700a,0,0,0,0,0,0,0,0,0,1,0
9e0eb8e7-c8e3-40b1-a6f9-a9b6581a8f36,0,0,0,0,1,0,0,0,0,0,0
9e0f957e-a441-4bf7-a82e-cb8feae7ce1e,0,0,0,0,1,0,0,0,0,0,0
9e1095fa-dda9-49a0-85f0-b68bc341eed6,0,0,0,0,0,0,0,0,0,1,0
9e146636-59f5-45ee-801a-21d3aeab8584,0,0,0,0,0,0,0,0,0,0,1
9e19c8c5-8555-4838-ab93-8e79c395394f,0,0,0,0,1,0,0,0,0,0,0
9e1b7207-4660-4d1a-b9bd-218131b696ac,0,0,0,0,0,0,0,0,0,0,1
9e1e0a53-3bbc-4a27-8c5d-8caf939be72d,0,0,0,0,0,0,0,0,0,0,1
9e38a8c0-322c-4095-85ad-485037913a52,0,0,0,0,0,0,0,0,1,0,0
9e40ab37-e000-4091-8e9b-39fffb02d082,0,0,0,0,0,0,0,0,0,1,0
9e432785-7543-4889-9316-54ae063cc565,0,0,0,0,0,0,0,0,1,0,0
9e44a7c1-b098-4768-a2b2-2cda0fd3f59c,0,0,0,0,1,0,0,0,0,0,0
9e452e1a-b0a8-4046-86c4-9ac21e4b9628,0,0,0,0,1,0,0,0,0,0,0
9e4f1f7d-36f7-45e8-873f-c93701d90805,0,0,0,0,0,0,1,0,0,0,0
9e521d82-6369-4c33-a2d2-08544ca70fd0,0,0,0,0,1,0,0,0,0,0,0
9e54331e-383b-49da-afa5-b1e2921b33b6,0,0,0,0,1,0,0,0,0,0,0
9e5590ec-7ccd-4bf6-80a7-c047cdda7375,0,0,0,1,0,0,0,0,0,0,0
9e5679c2-aacf-4a92-bf93-a2fe37ed4f5b,0,0,0,0,0,0,0,0,1,0,0
9e603c9d-253d-49b1-904a-97501fda4438,0,0,0,1,0,0,0,0,0,0,0
9e6680ee-4f24-42ca-bb27-3b3c793f2a96,0,0,0,0,0,0,0,0,1,0,0
9e69ef9e-05d6-4c86-80f6-81511085f893,0,0,0,0,1,0,0,0,0,0,0
9e71e460-3ea7-4107-8a06-8883e3ebfd8c,0,0,0,0,1,0,0,0,0,0,0
9e730950-66eb-4b91-aca8-a8003ae9c490,0,0,0,0,1,0,0,0,0,0,0
9e77fd04-c411-4b7f-92ab-8c322b130b2e,0,0,0,0,0,0,0,0,0,1,0
9e78af91-776a-4a0c-a6d0-176dc866f1c8,1,0,0,0,0,0,0,0,0,0,0
9e84a2dc-9e64-43ba-8158-77f353793bc8,0,0,0,0,0,0,0,0,1,1,0
9e8f64f4-ae6e-4721-b7bc-1de69792ed9a,0,0,0,0,0,0,1,0,1,0,0
9e98740f-cfaa-4513-af1d-b04e9a22034e,0,0,0,0,0,0,0,0,0,0,1
9e9a294b-df25-4a00-a857-87939f977b6a,0,0,0,0,1,0,0,0,0,0,0
9e9af148-ec52-4c74-a040-f92e4c2e1f9b,0,0,0,1,0,0,1,0,0,0,0
9e9ecb4c-8347-433a-a674-448a1b1db985,0,1,1,0,0,0,1,0,0,0,0
9eaab019-953f-4c0c-bef3-c87cacc51d52,0,0,0,0,1,0,0,0,0,0,0
9eabd9e6-c874-4351-8320-10cd85b49008,0,0,0,1,0,0,0,0,0,0,0
9eafbf6a-20f0-4dcf-83e2-f5d516719bcb,0,0,0,0,0,0,0,0,1,0,0
9eb46337-9ed5-44a3-a733-8ba6b6abecf9,0,0,0,1,0,0,0,0,0,0,0
9ebcc737-4b71-45b9-9b41-6b4ec03034d3,0,0,0,0,0,0,0,0,0,0,1
9ebf96d3-7889-46b5-b306-7fdec4fd2faf,0,0,0,0,1,0,0,0,0,0,0
9ecaaef1-e359-448c-8fed-b0936cd6f312,0,0,0,0,0,0,1,1,0,0,0
9ed0b8b0-8acf-45e3-9424-4e0ed300faf6,1,0,0,0,0,0,0,0,0,0,0
9ed80183-004c-44ad-bf79-f6115d3286b6,0,0,0,0,0,0,0,0,0,1,0
9ed88ae5-7a0e-4dd6-95e1-d04175f3f411,0,0,0,0,0,0,1,0,0,0,0
9ee135ac-2565-49cb-a813-a5cda4d7a326,0,0,0,0,0,0,0,0,0,1,0
9ee63aa5-7324-44e6-9efd-e05713cc4ee0,0,0,0,0,1,0,0,0,0,0,0
9ee68d68-4673-44be-bb26-39b8bbe03525,0,0,0,0,0,0,0,0,1,0,0
9eeb0fcd-6a50-433c-ba89-ffdaa22cbb82,0,0,0,0,1,0,0,0,0,0,0
9ef19ce4-0174-4afe-a922-463d919d58fb,0,0,0,0,0,0,0,0,0,0,1
9ef55309-6809-4198-9dae-c94919ebbadc,0,0,0,0,0,0,0,0,0,1,0
9f08ac2b-4a5d-44d0-a63b-85379c37ad5a,1,0,0,0,0,0,0,0,0,0,0
9f125b97-b99a-40cb-b0c8-9897edbf975c,0,0,0,0,1,0,0,0,0,0,0
9f18eaab-8fb8-4d91-9ce0-656b1ebcb0b3,0,0,0,0,1,0,0,0,0,0,0
9f1af89d-9a49-4273-8f61-841f83115567,0,0,0,1,0,0,0,0,0,0,0
9f1c7447-a762-4a50-bd1a-758c3b6da69f,0,0,0,0,1,0,0,0,0,0,0
9f27b21f-3f43-4db4-8e75-371d5287f1e2,0,0,0,0,0,0,1,0,0,0,0
9f293a90-9be6-4554-826f-928e7df204f3,0,0,0,0,1,0,0,0,0,0,0
9f311193-2c5b-4475-8217-d29a36d1c72f,1,0,0,0,0,0,0,0,0,0,0
9f38cc23-37d1-42df-a88f-1d93a3b7931a,0,0,0,0,1,0,0,0,0,0,0
9f445de2-e0da-43d7-a22b-a9df0589774d,1,0,0,0,0,0,0,0,0,0,0
9f5e52bb-31d0-4707-be8d-4c9662000eea,1,0,0,0,0,0,0,0,0,0,0
9f6db02a-42b4-4812-98ec-faf1461efcd8,0,0,0,0,0,0,0,0,0,0,1
9f7a1cbb-b68f-4316-926e-b789d9f1a4c7,0,0,0,0,1,0,0,1,0,0,0
9f92087e-ec3f-4f00-9694-276e3c932097,0,0,0,0,0,1,0,0,0,0,0
9f988e64-40f5-40b8-b02e-725f588251b5,0,0,0,0,1,0,0,0,0,0,0
9faaaa33-6687-4ea0-bebc-602387d652b4,0,0,0,0,1,0,0,0,0,0,0
9fae5d13-3b4c-4ef2-b8d7-5e732b3ab0a5,0,1,1,1,1,1,0,0,0,1,0
9fb0da38-039e-42f2-b846-c2e10c8376ea,0,0,0,0,0,0,0,0,0,0,1
9fb408c5-52cc-43b6-92ac-bb3f45191611,0,0,0,0,1,0,0,0,0,0,0
9fb653e8-8e43-4f75-ae99-e04d5d7646e4,0,0,0,0,0,0,0,0,1,0,0
9fbbccda-2b85-415b-9a16-2eee36c34adb,0,0,0,0,0,0,0,0,0,0,1
9fc22c1e-3e3e-49b6-87ef-d555f981e5e5,0,0,0,0,1,0,0,0,0,0,0
9fc3baac-a108-4b91-b7d0-53d48ae6a6a0,0,0,0,0,1,0,0,0,0,0,0
9fc54e81-b8bc-4e64-a6e9-81bd6f9d6775,0,0,0,1,0,0,0,0,0,0,0
9fcd63f8-e167-45d0-b800-0e856f0dc127,1,0,0,1,0,0,0,0,0,0,0
9fd4ccb2-f42b-4aa8-b995-4a3b4255ca63,0,0,0,0,0,0,0,0,0,0,1
9fd83590-38f4-488e-9b00-1580bb6fa0d6,0,0,0,0,1,0,0,0,0,0,0
9fecabd8-f6af-442c-b774-35ce3f244a08,0,0,0,1,0,0,0,0,0,0,0
9fedd8fb-5091-4fcb-b59c-2ddebbdb5dbf,1,0,0,0,0,0,0,0,0,0,0
9ffcf830-7213-416e-9a4e-94214403524c,0,0,0,0,0,0,0,0,0,0,1
9ffcff24-bd00-46b1-96a3-ea674c340e5a,0,0,0,0,1,0,0,0,0,0,0
a0006461-3115-44b1-ba72-df3f87ca3a94,0,0,0,0,1,0,0,0,0,0,0
a0011371-43fa-42e9-bc67-c47080919761,1,0,0,0,0,0,0,0,0,0,0
a00f3ebe-977e-4a11-829e-26231aa56dc4,0,0,0,1,0,0,0,0,0,0,0
a0100e5e-c34a-4e1f-bd07-4cf719079174,1,0,0,0,0,0,0,0,0,0,0
a01d4f89-bb87-488a-b5e7-734ba06b99be,0,0,0,0,1,0,0,0,0,0,0
a023c941-c859-46f1-8d38-56bc0663d16e,0,0,0,0,1,0,0,0,0,0,0
a02612b4-16c0-46a2-b97b-79618230492d,0,0,0,0,0,0,0,0,1,0,0
a029405f-9fd5-4b78-9bd6-335d01a25800,0,0,0,0,1,0,0,0,0,0,0
a02ac65a-a8a7-44b1-942c-e66e2bb97523,0,0,0,0,0,0,0,0,0,0,1
a03aee39-ff57-4804-b0c0-20d0b3f4ff90,0,0,0,0,1,0,0,0,0,0,0
a0453a68-16be-430a-8a6f-82fe24ba47c0,0,0,0,1,0,0,0,0,0,0,0
a04f48b4-04a6-476c-8c4c-71ec8fa0f960,0,0,0,0,0,0,0,0,0,1,0
a05dff0f-aa5b-49a1-82ae-d4c6b4d9a53d,0,0,0,0,0,1,0,0,0,0,0
a06225dd-455f-4b98-80c5-7b1151daf6ea,1,0,0,0,1,0,0,0,1,0,0
a067e378-b48c-4231-8fa6-6d6cc7acb724,0,0,0,0,0,0,0,0,0,0,1
a068eb3b-80e6-4cc7-ada7-cdc5f67f6cbb,0,0,0,0,0,0,0,0,0,0,1
a07adb97-acac-45bb-933a-30d94c75f05c,0,1,0,0,0,0,0,0,0,0,0
a087f3a6-ec04-4799-87a2-885745245740,1,0,0,0,0,0,0,0,0,0,0
a08d7f69-b754-4ab9-a2e4-dcaef12a9686,0,0,0,0,1,0,0,0,0,0,0
a08dc9ff-cfb2-4ae7-aa49-80f9c9ed0ad4,0,0,0,0,0,0,0,0,0,1,0
a09206f8-85c5-4430-b889-559b7cf40c38,0,0,0,0,1,0,0,0,0,0,0
a09286fa-7971-4867-812b-dae5f78ff692,0,0,0,1,0,0,0,0,0,0,0
a09c8b47-bff4-49ff-8391-f02bdb3076fa,0,0,0,0,0,0,1,0,0,1,0
a0a05569-c195-49ec-a36c-65dd2c70d9da,1,0,0,0,0,0,0,0,0,0,0
a0a60028-f981-45f8-acd4-19802ffbb45c,0,0,0,0,0,0,0,0,0,0,1
a0ac61f8-7915-487e-93cd-a6a0966884ed,0,0,0,0,0,0,0,0,0,1,0
a0b03356-695a-4dd1-9ef6-d3263cb50637,0,0,0,0,1,0,0,0,0,0,0
a0b1b22d-d0b4-485c-9786-86b079caca5d,0,0,0,0,0,0,0,0,0,1,0
a0c851b1-2d83-4f63-9cb6-f7bb8c91376d,0,0,0,1,0,0,0,0,0,0,0
a0c9ad10-00a5-4037-b79b-6773963c0d4e,0,0,0,0,0,1,0,0,0,0,0
a0d26812-49d9-452f-a317-8a8ab486a9b0,0,0,0,0,0,0,0,0,1,1,0
a0d461c6-b3f6-4d70-b1e5-a293d6307f18,0,0,0,0,0,0,0,0,0,1,0
a0e2b886-4d79-407a-87fa-6167cfb70b59,0,0,0,0,0,0,0,0,0,0,1
a0e2b947-1262-4543-8f53-e09a86ba8ffd,0,0,0,0,1,0,0,0,0,0,0
a0e5e1fd-d746-499f-9403-cff0d75d7184,0,0,0,0,1,0,0,0,0,0,0
a0eb1130-8530-4bc9-9a1d-c4232a327082,0,0,0,0,0,0,0,0,0,1,0
a0f0c29e-371e-4df0-9595-e79d977e89eb,0,0,0,0,0,0,0,0,0,0,1
a104a12e-de0c-40b5-a7d1-e3034c2bbc01,0,0,0,0,1,0,0,0,0,0,0
a105989b-75ea-49e2-9b23-2fd0baae9a9a,0,0,0,0,0,0,0,0,0,1,0
a106d2d6-612e-4697-8864-fbf8ccf3c305,1,1,1,1,0,0,1,0,0,1,0
a1094b3a-38cc-488a-90b1-0c7fa023ba54,0,0,0,0,0,0,0,0,0,0,1
a109b2b6-58fa-46d7-b67c-cf67fe1b9974,0,0,0,0,0,0,0,0,0,1,0
a10dd77c-1de4-4786-b36d-850f05ad8bd0,0,0,0,0,1,0,0,0,0,0,0
a1139153-e711-4d21-b828-cceeede90cac,0,0,0,0,1,0,0,0,0,0,0
a12113d9-a7c5-4a80-89a4-e71fd2724f2a,1,0,0,0,0,0,0,0,0,0,0
a125b415-5815-4b98-b0cb-1ab8e815066c,0,0,0,0,0,0,0,0,0,1,0
a130982b-e236-490d-a1c3-b86a19fab898,0,0,0,0,1,0,0,0,0,0,0
a13b0a80-32ba-4a0d-9e3a-b7200d8bf65c,0,0,0,0,0,1,0,0,0,0,0
a13c0b93-9112-443e-a1c2-9c8d31f5f51a,0,0,0,0,1,0,0,0,0,0,0
a13d3962-7357-4298-869a-dd80f67ea9e6,0,0,0,1,0,0,0,0,0,0,0
a1400d8c-bca5-4796-a44b-e1c1645186e1,0,0,0,0,1,0,0,0,0,0,0
a146ca96-7055-4c33-8531-c6d81d61fb9b,0,0,0,0,0,0,0,0,0,1,0
a14a8fa5-d111-4da1-9a88-a11dcd642419,0,0,0,0,0,0,0,0,1,0,0
a14b3d9e-7773-4b40-af14-717033f54c1c,0,0,0,0,1,0,0,0,0,1,0
a15c40e8-49f9-4ebc-b9ff-951627d60692,0,0,0,0,0,0,0,0,0,1,0
a164a582-e82a-44f5-8a14-70891e9282e1,0,0,0,0,0,0,0,0,0,0,1
a165851b-68e2-48dc-b5d3-72ae29fbe6d6,0,0,0,0,0,0,0,0,0,1,0
a167fcc7-7236-44fd-ba39-5a0ab51b66b5,0,0,0,0,1,0,0,0,0,0,0
a16c3088-f05c-4ae6-ad73-c415a8ea79fc,0,0,0,0,0,0,0,0,0,1,0
a16e4c7c-8ae0-43d2-bd81-9f1d7bc3fb22,0,0,0,1,0,0,0,0,0,0,0
a16ec732-945d-4880-91b1-21882fd3efa0,0,0,0,0,0,0,0,0,0,0,1
a1732e31-b55d-465c-80ad-aed3d280d10f,0,0,0,0,0,0,0,0,0,0,1
a177257d-9c18-496d-a276-90061d27099b,0,0,0,0,1,0,0,0,0,0,0
a1773a06-2305-48a6-9845-558f6bc02b62,0,0,0,1,0,0,0,0,0,0,0
a17801bc-9ad8-4254-b734-6636a0b6986a,0,0,0,0,0,1,0,0,0,1,0
a17a0e83-19d1-4043-812b-9e74f412b035,0,0,0,1,0,0,0,0,0,0,0
a180b763-f7dd-482d-9f00-4b282b1fae5a,0,0,0,0,0,0,0,0,1,0,0
a180ff5e-5bba-4ae0-9078-575483183f85,0,0,0,0,1,0,0,0,0,0,0
a1830c53-0362-4d36-9986-e46b700dbd4c,1,0,0,0,0,0,0,0,0,0,0
a19416d8-8e49-45c6-ab3f-121d7c41f4cb,0,0,0,0,1,0,0,0,0,0,0
a19694e7-04ff-4449-9dd5-12829b6ba159,1,0,0,0,0,0,0,0,0,0,0
a1972cdd-2eea-4d29-aa71-dcd21421ea3e,0,0,0,0,0,0,0,0,0,1,0
a1981671-11be-4945-bad4-60e3134a7e5f,0,1,0,1,1,0,0,0,0,0,0
a1ad8876-8fd9-48ec-9d86-6f93ee8cbbc3,1,0,0,0,0,0,0,0,0,0,0
a1b9e68c-cf3a-4e6b-af67-e8a40039b749,0,0,0,0,0,0,0,0,0,0,1
a1bd066a-879b-4467-bef9-322a70007ce5,0,0,0,0,0,0,0,0,0,1,0
a1ebee53-3a51-47f7-808c-dbb354b0c079,0,0,0,0,0,0,0,0,0,1,0
a1f420ce-5508-4b9f-9a76-9d0224ebe122,1,0,0,0,0,0,0,0,0,0,0
a1f7f741-cb06-41df-91a0-3296a5634ecb,0,0,0,1,0,0,0,0,0,0,0
a201df19-4a18-4f8e-a1e2-d75748254823,0,0,0,0,0,0,0,0,0,0,1
a203a84f-c0c0-4dc1-9fb0-47d4de3bc21b,0,0,0,0,0,0,0,0,0,0,1
a208bd39-08d8-4d7a-8ac2-457d7dfaf354,0,0,0,0,0,0,0,0,0,0,1
a20ecb7c-9c7b-4752-bd88-3963ceb1c298,0,0,0,0,1,0,0,0,0,0,0
a21047bb-d1eb-401a-930d-2a40bc90068a,1,0,0,0,0,0,0,0,0,0,0
a2132c65-cf34-4beb-826e-cdacd709689e,0,0,0,0,0,0,0,0,1,0,0
a21b2a76-74d7-46f3-a539-04fe0242fbd0,0,0,0,0,1,0,0,0,0,0,0
a21f5070-0a8c-4ad9-9acd-461bb2b89bac,1,0,0,0,0,1,0,0,0,0,0
a220e457-1f76-421a-b41c-e8fc096dc9dc,0,0,0,0,0,0,0,0,1,0,0
a230c481-c9c5-4413-a58e-44d90519fbe8,0,0,0,0,1,0,0,0,0,0,0
a23349ca-b73a-43b3-b11f-0a5e1f607937,0,0,0,1,1,0,0,0,1,0,0
a236ba46-032d-4975-892d-e5a0630a1f1a,0,0,0,1,0,0,0,0,0,0,0
a23d0585-b8cc-4b61-be43-a32ceccf8798,0,0,0,0,1,0,0,0,0,0,0
a24d17a5-41a6-4e51-a7c1-76c6cd13d8a9,0,0,0,0,0,0,0,0,0,1,0
a24e2d68-1f0c-4be9-995d-56cab9317fb4,0,0,0,0,1,0,0,1,0,0,0
a25799a9-7650-491a-b2ba-f4d9bc6a286a,0,0,1,0,0,0,0,0,0,0,0
a25b206e-c492-47ed-a2f0-d6ce1d2895aa,0,0,0,0,0,0,0,0,0,0,1
a264059e-4e09-43d3-a55d-8d31cf6b409d,0,1,0,1,0,0,0,0,0,0,0
a26836dd-e05c-4b00-bd41-3c5b74785ca2,0,0,0,0,0,0,0,1,0,0,0
a26ab2c5-4857-4196-b43d-2be185bc9dfc,0,0,0,0,0,0,0,0,0,1,0
a27a2d8f-9011-4e31-bd74-1965cde27105,1,0,0,1,0,0,0,0,0,0,0
a286cd39-b05e-4cb7-a158-d23721e1ed24,0,0,0,1,0,0,0,0,0,0,0
a28fffbb-7c59-496b-b4db-11d52f9b4638,0,0,0,0,1,0,0,0,0,0,0
a29661c2-8769-4d79-b4a9-a1555e19f511,0,0,0,0,1,0,0,0,0,0,0
a29a2b21-fae6-4f6d-875e-723d19e22f20,0,0,0,0,0,0,1,0,0,0,0
a29b7288-f60f-4e9a-8897-6b3d76a25398,0,0,0,0,0,0,0,0,0,0,1
a2a92c4d-0756-49fd-9a8d-ec3bb88d6891,0,1,0,0,0,0,0,0,0,0,0
a2b699a3-49ac-4167-b816-9ed2632760bf,0,0,0,0,0,0,0,0,0,0,1
a2b8a30c-73c4-44dc-ad61-45ce33c6190b,1,0,0,0,0,0,0,0,0,1,0
a2bb8cd9-0ed2-4977-a695-200a3b095bbe,0,0,0,0,0,1,0,0,0,0,0
a2c01471-a738-400f-94c3-014902784930,0,0,0,0,0,0,0,0,0,1,0
a2c35665-470e-458f-a084-17c326948d02,1,0,0,0,0,0,0,0,0,0,0
a2e7b646-f8ed-49da-8f30-de2c754447b5,0,0,0,0,0,0,0,0,1,0,0
a2eaba52-31e9-4db5-975d-e0209d9b8a92,0,0,0,1,0,0,0,0,0,0,0
a2fbd046-b49a-4d09-bbdd-e1cb261c0b50,0,0,0,0,0,0,0,0,0,1,0
a2ff22f2-89bf-4dfc-a781-ab4c18b3072b,1,0,0,0,0,0,0,0,0,0,0
a3027d47-8a5c-46dd-8663-ea2cb4be18cf,0,0,0,0,0,1,0,0,0,1,0
a3065650-20de-4051-9244-ca68b6ae67f9,0,0,1,0,0,1,0,0,0,1,0
a313480a-6b2c-42d9-bfae-544815346a91,1,0,0,0,0,0,0,0,0,0,0
a32dbde9-ac5a-4f1a-8c40-dd0bdc420fd8,0,0,0,0,0,0,0,0,1,0,0
a32dc334-855e-4e70-8622-5f092f324574,0,0,0,1,0,0,0,0,0,0,0
a332201e-5da6-4780-bfa6-9b8fc468d068,1,0,0,0,0,0,0,0,0,0,0
a3364e9f-a7b4-47ce-9b55-f005ca5aeb42,0,0,0,0,0,0,0,0,0,1,0
a337fd1f-9d11-402c-82dd-f5b3625fdc2d,0,0,0,0,1,0,0,0,0,0,0
a34c1a1a-2420-4732-aaad-b4d7b42c6cbb,0,0,0,0,0,0,0,0,0,0,1
a34f8e00-15b0-4f2e-be1b-fee6e5ba1ac6,0,0,0,0,0,0,0,0,0,1,0
a3520b09-d07a-446e-bd30-67daf4b32b97,0,0,0,0,0,0,0,0,0,1,0
a355e56c-8f32-4675-99f0-efaaf015586b,0,0,0,0,0,0,0,0,1,0,0
a3597366-cbd5-4ef7-9277-3b2a86845379,0,0,0,0,0,0,0,0,0,1,0
a35c85a0-8be2-46f2-a6f9-a5fd42aad27a,0,0,0,0,0,0,0,0,0,1,0
a35fe042-a79d-4af2-95aa-472f8bd6553d,0,0,0,0,1,0,0,0,0,1,0
a3671746-f814-44ff-b82a-53844c088948,0,0,0,0,0,0,0,0,0,0,1
a374b143-d165-4400-b2f3-21e72969f09e,0,0,0,0,1,0,0,0,0,0,0
a3780c04-349b-4780-a68c-2f13a2732505,0,0,0,0,0,0,0,0,0,1,0
a3a12554-d55e-4885-b17f-c97fa38d7707,0,0,0,1,0,0,0,0,0,0,0
a3a3443a-50f1-4f63-b200-db5b228bfd4f,0,0,0,0,0,0,0,0,0,1,0
a3b24a52-c9ba-4a65-bb40-e1533545b1a2,0,0,0,1,0,0,0,0,0,0,0
a3b525f8-6afb-4c98-b713-65ac1d686ab1,0,0,0,0,0,0,0,0,1,0,0
a3d29d08-770b-4c5e-ac99-6caa46bd4c12,0,0,0,0,0,1,0,1,0,0,0
a3d2b540-5c1f-4c50-aa4b-ca1db1c2caa0,0,0,0,1,0,0,0,0,0,0,0
a3d50b4b-b683-4181-9892-d02525b94436,0,0,0,0,0,0,0,0,0,0,1
a3dea3ed-7b00-44c7-83cd-883d71ee7a50,0,0,0,0,0,0,0,0,1,0,0
a3f27e95-0d67-4028-ab4a-994062c9599e,0,1,0,0,0,0,0,0,0,0,0
a402027c-1172-4a53-8a3b-2cefd37ac033,0,0,0,0,0,0,0,0,0,0,1
a402841f-fdc2-490a-bfe1-09c861748fa7,0,0,0,0,0,0,0,0,1,0,0
a404c52a-0f21-455d-8e63-94ac7d12a71f,0,0,0,0,0,0,0,0,0,1,0
a4068c25-f3b0-4046-a643-6fa98ded085b,0,0,0,0,0,0,0,0,0,0,1
a40e725f-50bb-4994-86c2-cf9b01ee62d3,0,0,0,0,1,0,0,0,0,0,0
a41ad921-061e-4a65-a18e-cc9ba005ab84,1,1,1,1,0,0,1,0,1,0,0
a41f586f-b3f5-4df1-9daa-97f0d417106d,0,0,0,0,0,0,0,0,0,0,1
a420d119-842d-4af9-b995-6465a9c50e5d,1,0,0,0,0,0,0,0,0,0,0
a42cea1a-ac3b-4b07-8baf-a34d98c03c04,0,0,0,1,1,0,0,0,0,1,0
a42e20dd-3842-47c9-961f-2221fd3e1f38,0,0,0,1,0,0,0,0,0,0,0
a42fab29-7288-4844-a61b-7f3303f79f45,0,0,0,0,0,0,0,0,1,0,0
a43193aa-58f2-4f89-9d82-31dd06e73a52,0,0,0,0,0,0,0,0,0,1,0
a43d5643-c28d-455c-b720-77b1968ea498,1,0,0,0,0,1,0,0,0,0,0
a4418767-21e6-49f7-bfc1-cbe25b1d51cd,0,0,0,0,1,0,0,0,0,0,0
a4426d3b-b0e6-4dc7-9748-174070052405,0,0,0,1,0,0,0,0,0,0,0
a44bc42a-9289-472b-97e4-e0d7c5d984f6,1,0,0,0,0,0,0,0,0,0,0
a44d9787-3aa5-498e-a894-a0879cb1c6af,0,0,0,0,0,0,0,0,1,0,0
a45185c4-c56d-4fbc-ae85-f92c0e6ba17e,1,0,0,0,0,0,0,0,0,1,0
a451fa67-67e4-4fbb-9009-43f74a6c01b4,1,0,0,0,0,0,0,0,0,1,0
a4549c8a-e081-4048-933f-fd8e941d08cf,0,0,0,0,1,0,0,0,0,0,0
a455ee26-98de-4ac6-a9a0-4999d8d8e070,0,0,0,0,0,0,0,0,0,0,1
a4689ee1-3263-4365-ae64-e313732a3ed8,0,0,0,0,0,0,0,0,0,0,1
a477e560-f508-4f4f-97f0-87d72a9b40c7,1,0,0,0,0,0,0,0,1,0,0
a481d62e-87be-42aa-9b72-2113541d0909,0,0,0,0,0,0,0,0,1,0,0
a484af64-b8f0-4bec-8d49-91d8cc053438,0,0,0,0,0,0,0,0,0,0,1
a48d1955-39a1-42cb-9fc6-9ce4704f37cf,0,0,0,0,0,0,0,0,1,0,0
a48fdfc2-1626-4a26-b708-0fc5f0a90d94,0,0,0,0,0,0,0,0,1,0,0
a4901409-957d-4274-90f1-f4f3964478e0,0,0,0,0,0,0,0,0,0,1,0
a499781a-7bb7-4259-83b4-9efd6b67e562,0,0,0,0,1,0,0,0,0,0,0
a49c3c92-7379-4ef3-9183-2a0586509660,0,1,0,0,0,0,0,0,0,0,0
a49dd49c-e90b-4f9f-81d3-88ee97e215fd,0,0,0,0,0,0,0,0,0,0,1
a4a701c4-9ef1-47a6-a599-7e62c67382db,0,0,0,0,0,0,0,0,1,0,0
a4a93bbf-d252-44da-9833-9cdab2b91f73,0,0,0,0,0,0,1,0,0,0,0
a4ad3e21-d1cb-4747-a9e4-8e1689e2caf6,1,0,0,0,0,0,0,0,0,0,0
a4adef62-2141-4b9f-ab73-bb5bd5fbf804,0,0,0,0,0,0,0,0,0,0,1
a4afad13-edc1-4264-831b-3f94761185a3,0,0,0,0,0,0,0,0,0,0,1
a4b281cc-c987-43d0-86ca-9ca442c56eda,0,0,0,1,0,0,0,0,0,0,0
a4b9f462-74dd-4389-8cef-1762a60c92d8,0,0,0,0,1,0,0,0,0,0,0
a4bf9910-809b-4236-b43d-662f598fa8d0,0,0,0,0,1,0,0,0,0,1,0
a4d6e3e7-4a55-4120-ad1d-7bae2b2c4ec5,0,0,0,0,0,1,0,0,0,0,0
a4d7801d-58b4-4ea7-a9f2-37ef54655f51,0,0,0,0,0,0,0,0,0,1,0
a4f5890d-e9bb-48d4-b79b-8ddbcfbf7672,0,0,0,0,0,0,0,0,0,0,1
a4fcc7ea-39f0-45da-ba59-7fa91dd2e2a5,0,0,0,0,0,0,0,0,1,0,0
a5043c21-d142-41ef-b152-2eec3cc3769d,0,0,0,0,0,0,0,0,0,1,0
a505921e-14c9-4176-a301-717dccb822ef,0,0,0,0,1,0,0,0,0,0,0
a508e767-8562-41e4-a9e6-862e8abf5a5f,0,0,0,0,0,0,0,0,1,0,0
a517e3fe-24a5-4d1c-8719-3ea3948ad863,0,0,0,0,0,0,0,0,0,0,1
a5194b86-9cb4-4876-b4e2-2edff968a7f9,0,0,0,1,0,0,0,0,0,0,0
a519b681-b558-4789-956e-511de3d36783,0,0,0,0,1,0,0,0,0,0,0
a51aad92-0472-4eaa-974a-15265bce1e60,0,0,0,0,0,1,0,0,0,0,0
a51b4356-942c-415e-a3dd-93accbd18f83,1,0,0,0,0,0,0,0,0,0,0
a53aad64-821e-4091-a161-a6b4a4e5d234,1,0,0,0,0,0,0,0,1,0,0
a53ad5d8-166c-4624-9940-cdb99242bb5d,0,0,0,0,0,0,0,0,0,1,0
a53b66e2-50b7-46d2-84e6-d567a4564d40,0,0,0,0,0,0,0,0,0,1,0
a53f6cb5-2ad7-4e4d-b64f-40ed1b0e5f91,0,0,0,0,0,0,0,0,0,0,1
a54aa486-31be-4683-a690-608ebf9e8595,0,0,0,1,0,0,0,0,0,0,0
a5574e51-a806-41c4-b803-4676a36188db,0,0,0,0,0,0,0,0,1,0,0
a55fe9ba-34bb-4b9f-b832-b73cd35a2551,0,0,0,0,0,0,0,0,0,1,0
a568bdeb-3d3e-48a0-9821-04b888340bdb,0,0,0,1,0,0,1,0,0,1,0
a579b716-34fb-4772-8f38-e033325a1e7f,0,0,0,0,0,0,0,0,0,1,0
a585f676-df8f-47d4-ba0a-8dec4110aa81,0,1,0,1,0,0,0,0,0,0,0
a5866dc2-65ac-496e-af5b-2f1bf442e781,0,0,0,1,0,0,0,0,0,0,0
a5908c2e-a48f-4a29-aa9b-6ca6ee02562b,0,0,0,0,0,0,0,0,0,1,0
a591862b-91cd-45fb-953e-1baeb8c32e6f,0,0,0,0,0,0,0,0,0,0,1
a5982dc3-3575-40d3-8aa3-0b8bc493b26a,0,0,0,1,0,0,0,0,0,0,0
a599b621-f37a-4c4f-841c-160e68c86004,1,0,0,0,0,0,0,0,0,0,0
a59b56b2-22f9-45e3-9094-7ce70a825b33,0,0,0,0,1,0,0,0,0,0,0
a59bad33-bfa7-401b-911f-b4eb8eb8c893,0,0,0,0,0,0,1,0,0,0,0
a59d96cb-d91a-420f-b0a6-74532b26febd,1,0,0,0,0,0,0,0,0,0,0
a5a61cee-4b5c-455e-9511-fc093721286e,0,0,0,0,1,0,0,0,0,0,0
a5c6cc1d-1e77-44de-8294-06c577c82d96,0,0,1,0,0,0,0,0,0,0,0
a5d2df16-2cbe-4ff8-ac31-93b1a186804d,0,0,0,0,1,0,0,0,0,0,0
a5e34892-19a7-4224-8828-a42d04f6503d,0,0,0,0,0,0,0,0,0,1,0
a5e9ac95-e1e7-4808-ad1b-c0bfe2bf71d2,1,0,0,0,0,0,0,0,0,0,0
a5eba2db-bc6b-4a36-9fe5-d4a0d1ae85d3,0,0,0,0,0,0,0,0,0,0,1
a5ecfc4a-0ad7-4099-833c-00b9b609b20a,0,0,0,0,0,0,0,0,0,1,0
a5f3fc5c-73fd-4fc0-9f50-38d21105bc12,0,0,0,0,1,0,0,0,0,0,0
a5f6b3e3-3a76-4d0a-9b20-00c217934e63,0,0,0,0,1,0,0,0,0,0,0
a5f862af-f2d5-416c-beaa-62f9744df9aa,0,0,0,0,1,0,0,0,0,0,0
a60a0593-39d1-4afa-ac7b-4a487c115019,0,0,0,0,1,0,0,0,0,0,0
a60de49c-5188-41d0-bce3-39726645ecf4,0,0,0,0,0,0,0,0,0,0,1
a6138990-aac5-4ace-8ce9-97521a14ff61,0,0,0,0,0,0,1,0,0,0,0
a6156c76-3c35-4982-8ee2-084cd1cdafd5,1,0,0,0,0,0,0,0,1,0,0
a617ed60-5ab2-4e36-bec5-f87716dc8a24,0,0,0,0,1,0,0,0,0,1,0
a61937bc-1746-43c8-9d43-0109139b4372,1,0,0,0,0,0,0,0,0,0,0
a61b8ece-0214-4807-bb6c-0b803998f485,1,0,0,0,0,0,0,0,1,1,0
a6254af5-b77f-4dfc-98c3-8b2de0f03108,0,0,0,0,0,0,0,0,0,1,0
a637832c-6b25-4cad-be44-04ea3f1fbe0a,0,0,0,0,1,0,0,0,0,0,0
a63881dc-53e7-47e4-856f-38a50cd3835e,0,0,0,0,0,0,0,0,0,1,0
a63e3f34-5485-469d-ae04-e3295f1ce0e7,0,0,0,0,1,0,0,0,0,0,0
a64092c4-8256-4aec-b221-434e1c7e4827,0,0,0,0,1,0,0,0,0,0,0
a6442b48-8d50-4826-86b7-1b5d42ce477e,0,0,0,0,0,0,0,0,0,1,0
a646d58b-9f4a-4575-997a-0421c59dce21,0,0,0,0,0,1,0,0,0,0,0
a65bb92a-2946-47a1-a276-de68408d15c3,0,0,0,1,0,1,0,0,0,0,0
a6649882-eab3-4f2e-9af9-b6ea0ee3bd95,0,0,0,0,0,0,0,0,0,0,1
a665a466-d2d5-4b39-9900-417da51fc98c,0,0,0,0,0,0,0,0,0,0,1
a66c951b-731f-4f14-b264-fda0fc251558,0,0,0,0,0,0,0,0,0,1,0
a67f4f7e-0dfe-4a3b-acf0-6b00e6b4d44e,0,0,0,0,0,0,0,0,0,1,0
a68bfb8f-6f17-4c9d-b89d-a6ea73239bed,0,0,0,1,0,0,0,0,0,0,0
a68d61de-4ba3-415b-b1f7-2b66f773849f,0,0,0,0,1,0,0,0,0,0,0
a68fadd5-73f2-48c2-adb5-951166336554,0,0,0,0,0,0,0,0,1,0,0
a69b3c20-312f-46a8-98f2-4fd996b10339,1,0,0,0,0,0,0,0,0,1,0
a69f3695-2a27-4e1f-a68a-118bcf2337c5,0,0,0,0,1,0,0,0,0,0,0
a6a458b0-d85e-4ed9-9a5f-27e79b344c01,0,0,0,0,0,0,0,0,0,0,1
a6a4dc40-918a-4d32-b407-357e22a428a3,0,0,0,1,0,0,0,0,0,0,0
a6a5fdf0-f197-4f63-953c-4c7c103fc499,0,0,0,1,0,0,0,0,1,0,0
a6a6142d-daea-4cc3-8809-ff043133aaca,0,0,0,0,0,0,0,0,1,0,0
a6a6a8b7-7056-4194-a18c-2b2e44667f88,0,0,0,0,0,0,0,0,0,0,1
a6a88d4a-e300-466a-96d0-1422c749a070,0,0,0,0,1,0,0,0,0,0,0
a6ad9f88-53f2-49eb-a7aa-3823d53426b0,0,0,0,0,0,0,0,0,0,1,0
a6aecd31-f049-4d33-a6e2-7fea4d5e1832,0,1,0,0,0,0,0,0,0,0,0
a6cc7be2-268e-4d37-b11f-228297879df7,0,0,0,0,0,0,0,0,0,0,1
a6d2c74f-d601-4348-aa1e-ce26d0a7a74b,0,0,0,0,0,0,0,0,0,0,1
a6d44316-996c-4165-b64f-deba3d96b453,0,0,0,0,1,0,0,0,0,0,0
a6dff564-7745-40e5-9ac6-6a510830219b,0,0,0,1,0,0,0,0,0,0,0
a6e56d88-b583-40de-b990-aae0731dc2b4,0,0,0,0,1,0,0,0,0,0,0
a6ea69c5-221f-4110-86c1-9c29f37731bf,0,0,0,0,0,0,0,0,0,1,0
a6f19f09-083f-4bae-8c9c-6c6d103c4b27,0,0,0,0,0,0,0,0,0,0,1
a6f3319b-c3b3-493f-8e5e-425a8bcc9659,0,0,0,0,0,0,0,0,0,1,0
a6f53cbf-e40a-4141-b119-87a426940d5d,1,0,0,0,0,0,0,0,0,0,0
a6f830ac-5aad-4c5d-9c7c-d1e1d13f8727,0,0,0,0,1,0,0,0,0,0,0
a6fc8b31-bc40-4898-8ac6-0afd9194040c,0,0,0,1,0,0,0,0,0,0,0
a706f2db-c6bc-4635-9d59-530ac8e4420e,0,0,0,0,1,0,0,0,0,0,0
a70a0c8b-5c2f-46fa-8461-4c2800074377,0,0,0,0,0,0,0,0,0,1,0
a71071ab-3257-4bd4-973f-88ed47d33b78,0,0,0,0,0,0,0,0,0,1,0
a7134868-70de-497b-a260-7dd8bf5bdfdd,0,0,0,0,0,0,0,0,0,0,1
a71895be-683e-401d-a751-2a98d908d960,0,0,0,1,0,0,0,0,0,0,0
a71fd4b3-780d-464e-82f9-1c99157c494a,0,1,0,0,0,0,0,0,0,0,0
a7249d90-e8d0-4974-a191-9f7484fc4c86,0,0,0,0,0,0,0,0,0,1,0
a727c415-787c-46fb-868d-d27b5a8a7bd9,0,0,0,0,1,0,0,0,0,0,0
a735b206-32bb-40e3-a995-7ad93fee0d19,0,0,0,0,0,0,0,0,0,0,1
a74599f7-aecc-4744-9f32-506bbe07837a,0,0,0,0,1,0,0,0,0,0,0
a74692c5-57f2-4094-b1bc-cff543256cb8,0,0,0,0,1,0,0,0,0,0,0
a748319e-69ef-4b2a-ade2-f95aae7c961c,0,0,0,1,0,1,1,0,0,0,0
a74e2811-398d-4b3b-94d6-4653a50b1c99,0,0,0,1,1,1,0,0,0,0,0
a74eb7dd-9494-408f-ba2d-62aa9e15441c,0,0,0,0,1,0,0,0,0,0,0
a7564af3-0615-42bb-8e22-f51c88219dea,0,0,0,0,0,0,1,0,0,0,0
a7578a38-3f84-4a77-9235-dea08c8b21df,0,0,1,0,0,0,0,0,0,0,0
a763144b-5a92-452e-813f-1a539ed836d9,0,0,0,0,1,0,0,0,0,0,0
a7670f14-69a2-46c0-9fa1-4e9ebd073000,0,0,0,0,0,0,0,0,0,0,1
a76c3fd7-2222-41b4-8b62-4605eb4a1419,1,0,0,0,0,0,0,0,0,0,0
a76ea69e-6fd9-4fa9-9d52-1cb1e84fe23c,0,0,0,0,1,0,0,0,0,0,0
a77b8f78-6c0b-43bc-91fd-b128863aabce,0,0,0,0,0,0,0,0,1,0,0
a77b96b3-d7cf-4606-9401-08428086a10c,0,0,0,0,0,0,0,0,0,1,0
a77ca832-95cf-48ab-9344-e24fde2527ec,0,0,0,0,1,0,0,0,0,0,0
a7860348-8926-4ee8-9bb7-b1b6d519464d,0,0,0,0,0,0,0,0,0,1,0
a786b3b1-6b46-48ff-bc4a-418753b0693a,0,0,0,1,0,0,0,0,0,0,0
a78a9498-f518-476e-8395-66407bb1f950,0,0,0,0,0,0,0,0,0,0,1
a78ae98d-2e07-4074-9dde-34c5322be80a,0,0,0,0,0,0,0,0,0,0,1
a79cdd81-f689-474d-b77d-0bb0c0d02c5d,1,0,0,0,0,0,0,0,0,0,0
a79ce7e8-2c49-4734-b501-8800e6f42b59,1,0,0,0,0,0,0,0,0,0,0
a7ac0233-aae0-45fb-967e-be19796e91bd,0,0,0,1,0,0,0,0,0,0,0
a7ad3524-d71c-47ab-9f0e-9fb663dcbbbc,0,0,0,0,0,0,0,0,0,1,0
a7ae6465-4531-46c0-9ec2-fd17d0f67927,0,0,0,0,0,0,0,0,0,0,1
a7b2db04-ee79-43a9-8959-4b00bd974f64,0,0,0,0,1,0,0,0,0,0,0
a7d43d04-6e6a-41bf-8632-d1cabcc18e42,0,0,0,1,0,0,0,0,0,0,0
a7d73d03-5819-4e9c-8b1f-f5b858e3995b,0,0,0,0,1,0,0,0,0,1,0
a7d9c279-914a-4ba8-9b16-22945aaa72e1,0,0,0,0,0,0,0,0,0,0,1
a7e6ee11-fe30-4edc-b075-14e1300e35d8,0,0,0,0,1,0,0,0,0,0,0
a7eaf5ec-1ff4-463a-9f9c-0bf30e471307,0,0,0,0,0,1,0,0,1,0,0
a7efcbe8-df05-4eaf-83de-301e9888f4b4,0,0,0,0,0,0,0,0,0,0,1
a7f25332-e617-4924-974b-6b09bc6f160d,0,0,0,0,0,0,1,0,0,0,0
a7f57786-f1a5-4cc7-98ff-2c5a74437c49,0,0,0,0,0,0,0,0,0,0,1
a805792f-d4bf-48c7-8e38-8abc9841a4cc,0,0,0,1,0,0,0,0,0,0,0
a814420f-ede4-42ac-b5a9-2d86f7e1161f,0,0,0,0,1,0,0,0,0,0,0
a81c7255-95bf-4fe4-850b-2459dc286704,0,0,0,0,0,0,0,0,0,1,0
a82084f9-d0ac-4ec0-9b42-461cd8e591ff,0,0,0,0,0,0,1,0,0,0,0
a8208670-efc5-44bc-b314-d567e1273d1d,0,0,0,0,1,0,0,0,0,0,0
a82218d3-0570-473b-934d-e64a221097a0,1,0,0,0,0,1,0,0,1,0,0
a8266482-7e6a-43b1-8942-389cc4fa8a90,0,0,0,0,0,0,0,0,1,0,0
a829b37a-7a58-491b-86e8-ac86c894fbaa,0,0,0,0,0,0,0,0,1,0,0
a82ef9ef-46af-47dc-afab-57dd06d4a3b5,0,0,0,1,0,0,0,0,0,0,0
a8370d5f-4e3c-4ab9-a253-229a37325c18,0,0,0,0,0,0,0,0,0,0,1
a837820d-20fb-4840-b712-05b67173451e,0,0,0,1,0,0,0,0,0,0,0
a83e665f-d1d1-43b7-8204-0ddf891809b7,0,0,0,0,0,0,0,0,1,0,0
a8409a40-9011-483c-9e9f-31237e716764,0,0,0,0,1,0,0,0,0,0,0
a8430936-f9d1-44e7-b67d-eb2e4ca9b2c6,0,0,0,0,1,0,0,0,0,0,0
a84443f7-2793-449e-8944-6114b920a9c4,0,0,0,1,0,0,0,0,0,0,0
a847b0a0-831d-49bf-94c3-f0a2f9defc81,0,0,0,0,1,0,0,0,0,0,0
a84c2b46-f99f-4471-8db4-9b5803a0d80d,0,0,0,0,1,0,0,0,0,0,0
a84d156a-914a-43a6-8b09-a4fe6bd528a7,0,1,0,0,0,0,0,0,0,0,0
a84d8df9-a0d9-42ba-a172-0777ee5bd246,0,0,0,0,0,1,0,0,0,1,0
a8506c2d-a479-4939-a745-2eba61b9dd0d,0,0,0,1,0,0,0,0,0,0,0
a85700c6-25b8-4f85-981a-9c86211a6470,0,0,0,0,0,1,0,0,0,0,0
a857eb61-e0f3-485d-a8c3-f372e5097d93,0,0,0,0,0,0,0,0,0,0,1
a85b43fa-cf7e-4052-bbae-c0e0146eed4e,0,0,0,0,0,0,0,0,0,0,1
a86b57ed-3294-4aef-87f8-9b3cb606dba6,0,0,0,0,0,0,0,0,0,0,1
a8736ef7-317d-44d6-aff8-a6d9c1b0cb6d,0,0,0,0,1,0,0,0,0,0,0
a8784a41-4c3b-4a38-95c1-59bfbb87be10,0,0,0,0,0,0,0,0,0,0,1
a87d4530-9c97-4b91-9b51-6ad845b96f59,0,0,0,0,0,0,0,0,0,1,0
a87dc8a7-8c61-47eb-bea9-1a93c617f2db,0,0,0,0,0,0,1,0,0,0,0
a886707e-baac-4673-b8fa-b6e8465d5726,0,0,0,0,0,0,1,0,0,0,0
a8885818-dae3-43ec-8ce9-d78cde71b717,0,0,0,0,0,0,0,0,1,0,0
a8963d8c-1ba7-4e03-9e8e-311388ad4461,0,0,0,0,1,0,0,0,0,0,0
a89a2641-2be3-491e-87b0-d22b1c01deda,0,0,0,1,0,0,0,0,0,0,0
a8a11d0c-b665-4252-b33a-6489c0ce5f13,0,0,0,0,1,0,0,0,0,0,0
a8a2a91c-b491-4fa9-a951-2d7bc5addca9,0,0,0,0,0,0,0,0,0,0,1
a8b0135f-48cd-43ce-9502-e82fffdd0923,0,0,0,0,0,0,0,0,0,1,0
a8b42225-7b9a-4371-9f64-9d55676a5639,1,0,0,0,0,0,0,0,0,0,0
a8cecd90-b34f-4c3f-b014-f33f62a1efd8,0,0,0,1,0,0,0,0,0,0,0
a8d0913e-b552-4aea-bc23-d09aea4b3b33,1,0,0,0,0,0,0,0,0,0,0
a8dd72d7-1eb3-4c47-b1e4-d46126ce83c9,0,0,0,0,0,0,0,0,0,1,0
a8e77d6b-0175-4c62-b357-60d166ef8fb7,0,1,0,0,0,0,0,0,0,0,0
a8eb9203-47b6-43ce-ab5d-3174d3f1072a,0,0,0,0,0,0,1,0,0,0,0
a8ec65b6-7709-4eb1-bfba-2db5a33da208,1,0,0,0,0,0,0,0,0,0,0
a8f06db5-70a6-4e66-8694-fbf60bcc5f7d,1,0,0,0,0,0,0,0,0,0,0
a8fa361e-ae22-46af-8849-22b9091342b7,0,0,0,0,1,0,0,0,0,0,0
a91c9fa0-1370-4f34-8c49-5fae1dee7415,1,0,0,0,0,0,0,0,0,0,0
a9348d0b-601c-4021-b27c-0e5138264bde,0,0,0,0,0,0,0,0,0,0,1
a934c889-3f31-43f7-9711-f2ef30dc0a65,1,0,0,0,0,0,0,0,0,0,0
a935a21b-4784-4e0d-8045-8b7a79033120,1,0,0,0,0,0,0,0,0,0,0
a9395fdf-e59c-4ab1-ac24-fe00510de8f5,0,0,0,0,0,0,0,0,0,1,0
a93fb6b1-5baf-4d55-b148-e82e6ec37058,0,0,0,1,0,0,0,0,0,0,0
a94977e9-fe0c-437e-b4c8-b3e85e689c69,0,0,0,0,0,0,0,0,1,0,0
a94e239e-40d7-47a6-9df3-d6fbbdc6b8de,0,0,0,0,1,0,0,0,0,0,0
a94f366f-f4d5-450d-babe-26cffce25f91,0,0,0,0,0,0,0,0,0,0,1
a95d0ac4-3c28-472c-ae1d-70e91b8a4aec,0,0,0,1,0,0,0,0,0,0,0
a96268c2-7af6-42bb-91b1-790f9279cac8,0,0,0,0,0,0,0,0,0,1,0
a96c5215-37e5-4fab-a975-e22f18646ce8,0,0,0,0,0,0,0,0,0,0,1
a96e28a6-859d-4f13-b008-b2945697473d,0,0,0,0,0,0,0,0,0,0,1
a977c34f-d084-4c9a-ade5-67316628db96,0,0,0,0,1,0,0,0,0,0,0
a97f7e6e-b83e-44fe-89b1-146dbede3346,0,0,0,0,1,0,0,0,0,0,0
a98f8da4-466a-4e33-bffc-1080d8f7617e,0,0,0,0,0,1,0,0,0,1,0
a99633ed-a34f-464c-a2e6-da8722f4e491,0,0,0,0,0,0,0,0,0,0,1
a9a4b26b-eb30-4acb-bd30-2e8d7e364941,0,0,0,0,0,1,0,0,0,1,0
a9a97af9-20f8-4934-8ff7-05577b5c1772,1,0,0,0,0,0,0,0,1,0,0
a9b48be3-c0a7-40f5-847b-b83bd61a4a97,0,0,0,1,0,0,0,0,0,0,0
a9b61642-791d-4bde-ab08-9f7e6cbd7e06,0,0,0,0,0,0,1,0,0,0,0
a9c5b888-c2e1-4027-bee6-a124326eb0fa,0,0,0,0,0,0,0,0,0,1,0
a9d03eab-4f13-4d20-861d-389c63f3d87e,0,0,0,0,1,0,0,0,0,0,0
a9dc89d6-b741-4dfe-8b32-f7e1ef54a90d,1,0,0,0,0,1,0,0,0,0,0
a9e8544b-343c-4a98-ad6e-6f3ca003fce0,0,0,0,0,0,0,0,0,0,0,1
a9ec3df4-3446-4a8e-a112-c96d00f0df91,1,0,0,0,0,0,0,0,0,0,0
a9f1e1d4-4d66-49e0-9303-f2d268fb15d8,0,0,0,0,0,0,1,0,0,0,0
a9f5ca5d-3b30-4bea-988c-ea625cc9f22c,0,1,0,0,1,0,0,0,0,0,0
a9fe31a1-dc1b-4168-afd8-cf406caa26fd,0,0,0,0,0,1,0,0,1,0,0
aa0ed524-3370-4838-8ef7-26e4fb9c39a3,0,0,0,0,1,0,0,0,0,0,0
aa119845-1df3-44d7-9493-f8c7232f130f,0,0,0,0,0,0,0,0,0,1,0
aa15d5f6-d746-40ae-86f9-58849e7448bb,0,0,0,0,0,0,0,0,0,0,1
aa23aaed-af48-423c-ac14-5b0c088f86de,0,0,0,0,1,0,0,1,0,0,0
aa241a5a-da86-4a7d-a56a-eed4530e8916,0,0,0,0,1,0,0,0,0,0,0
aa391e58-7408-4fff-91ec-02aadedb5ea5,0,0,0,0,0,0,0,0,0,1,0
aa3eaf61-982c-42e4-8816-898a05da21a6,0,0,0,1,0,0,0,0,0,0,0
aa47293c-4336-47c5-add4-a376a9cd7970,0,0,0,0,0,0,0,0,0,0,1
aa4c3a45-a97d-4577-8e28-7ce1276687a6,0,0,0,0,0,0,0,0,1,0,0
aa584319-e5be-44de-afb2-1780c9d134e1,0,0,0,0,0,0,0,0,0,1,0
aa5974bb-4fac-4c01-992a-a39170cae9c3,0,0,0,0,1,0,0,0,0,0,0
aa97d5ca-39ed-4476-bef2-b6f1ae1cb8ff,0,0,0,0,1,0,0,0,0,0,0
aa9a5545-b7d9-4098-9abf-b72a16de4833,0,0,0,1,0,0,0,0,0,1,0
aaa51bfa-b1b3-4df4-9a3b-a49a27a688a5,0,0,0,0,0,1,0,0,0,1,0
aaa9b109-03a1-46b7-95d3-2aec5d89a5a1,0,0,0,0,1,0,0,0,0,0,0
aabd2786-0bb7-4458-9336-6acd65654de2,0,0,0,0,1,0,0,0,0,0,0
aac1eb60-6bb7-48f3-b7a2-d9e633eeb929,0,0,0,0,0,1,0,0,0,0,0
aac50454-5a7c-4779-93ec-0a2ae7067e27,0,0,0,0,0,0,0,0,1,0,0
aac80f95-18c5-44dc-9781-4b27fb0878a4,0,0,0,0,0,0,0,0,0,1,0
aaca4ebf-e567-43ac-a6b9-c77a4f740580,0,0,0,0,1,0,0,0,0,0,0
aad3f86f-ec36-4c2f-a7bb-03ed5c6b9fba,0,0,0,0,1,0,0,0,0,0,0
aad4b063-7717-477d-b265-c510ce24e7e3,0,0,0,0,0,0,0,0,0,1,0
aad5fc2d-a306-4671-82ce-e445e13a09a3,1,0,0,0,0,0,0,0,0,0,0
aaddeffe-e496-4c79-9b77-d184dfefbbac,0,0,0,0,0,1,0,0,0,1,0
aaea59fc-2685-4cec-b17a-8590236a8570,0,0,0,0,1,0,0,0,0,0,0
aaee09ce-640c-46fd-a0f7-1f84ca31bd91,0,0,0,0,0,0,0,0,1,0,0
aaf80f47-5865-48ba-ae93-38f0a479ef5c,0,0,0,0,0,0,0,0,1,0,0
ab00064b-f523-46bf-a89b-52988d90cb46,0,0,0,0,0,0,0,0,0,1,0
ab0a1235-fc16-414a-8c85-c474b4fa8e98,0,0,0,0,1,0,0,0,0,0,0
ab238505-80f2-4931-8f43-41210fbfe2f5,0,0,0,0,0,0,0,0,0,1,0
ab23f36d-57d4-497c-b77a-07ab6d1ac265,0,0,0,0,1,0,0,0,0,0,0
ab2c546d-daf7-4e88-b79f-eb54b5326be0,1,0,0,0,0,0,0,0,0,0,0
ab37bfcb-3a44-40d4-a7ea-64e93e3a46c9,0,0,0,0,1,0,0,0,0,0,0
ab4bd541-fa2a-4545-94e7-341537e90b88,0,0,0,0,0,0,1,0,0,0,0
ab587705-19af-4cf4-9653-9f6e8797a2ec,0,1,0,0,1,0,0,0,0,0,0
ab62e1b3-d3ee-41ab-8129-cf999b114f8a,0,0,0,1,0,0,0,0,0,0,0
ab660076-dd2f-46e6-9fd9-fe4b74e8729e,0,0,0,1,0,0,0,0,0,0,0
ab6f4564-8874-458f-8a9e-91dfd0285ea5,1,0,0,0,0,0,0,0,0,0,0
ab7901ca-d116-44de-953b-eb9eab4fcb8f,0,0,0,0,0,0,0,0,0,1,0
ab7ea29b-e18e-48ee-9ceb-f3aeedf494fd,0,1,0,0,0,0,0,0,0,0,0
ab829fe0-c98d-4ee7-bb91-1137b8a400bb,0,0,0,0,0,0,0,0,1,0,0
ab867256-3a84-4bc2-be50-b6509311ee4f,0,0,0,0,0,0,0,0,0,0,1
ab9e47b8-1d46-4c49-a056-bb5d21738dd0,0,0,0,0,0,0,0,0,0,0,1
aba0ac06-6710-47b8-826d-bc704d71e375,0,0,0,0,1,0,0,0,0,0,0
aba1961a-5cbd-402f-a26c-81630434ab52,0,0,0,0,0,0,0,0,1,0,0
aba1e9cb-a013-4d56-af82-cb28106bb621,0,0,0,0,0,0,0,0,1,0,0
aba90212-7281-4ee2-ac1f-389ee09e2062,0,0,0,0,0,0,0,0,0,1,0
abad64a9-bc12-40e6-b398-d4ba6ca99b62,0,0,0,0,1,0,0,0,0,0,0
abb2ebf4-00b7-4de4-a03a-713d76461d27,1,0,0,0,0,0,0,0,0,1,0
abbe232f-1845-4816-b8ce-a8871acefcd7,1,0,0,0,0,1,0,0,1,0,0
abbfaa0a-56f8-4af2-9a9e-c3999aed7bf0,0,0,0,0,0,0,0,0,0,1,0
abc7ec25-1647-4419-bae5-61dd53df54fc,0,0,0,0,1,0,0,0,0,0,0
abc95868-6b63-4685-8634-9cd8a6a272f0,0,0,0,0,1,0,0,0,0,0,0
abd2ec7f-68f2-4bcd-b9ad-7cdd28cc57e2,0,0,0,0,1,0,0,0,0,0,0
abd9a3be-4397-428a-a24a-0425cfee047a,0,0,0,0,0,0,0,0,0,0,1
abdd0926-3ba5-474c-a93b-8dd65b506d0e,0,0,0,0,0,0,0,0,0,1,0
abec6059-0c84-4023-b690-ead4f9c2929b,0,0,0,0,0,0,0,0,0,0,1
abf907ea-42af-4783-847e-cec135aa5696,0,0,0,0,1,0,0,0,0,0,0
abf97416-d41c-4f3c-9609-d92bcf49d65c,0,0,0,1,0,0,0,0,0,0,0
ac0a1011-f561-467e-b256-08eac8ed0162,0,0,0,1,0,0,0,0,0,0,0
ac0a2c56-e507-4773-9d42-77c64bfd3eff,0,0,0,1,0,0,0,0,0,0,0
ac0fc382-23f3-4ada-84a5-3d6d81e18f61,0,0,0,0,0,1,0,0,0,0,0
ac11a4b3-5829-41a5-8b3e-26d9fe48db7a,0,0,0,0,1,0,0,0,0,0,0
ac207ed3-133d-459e-8b4f-42be16767797,0,0,0,0,1,0,0,0,0,0,0
ac262c93-487f-41f9-98b6-dee2dab42ba3,0,0,0,0,1,0,0,0,0,0,0
ac27bc52-6a6b-40b3-beee-4ae6a02788fd,1,0,0,0,0,0,0,0,0,0,0
ac3329ec-0b82-4777-ac46-dae6537603e1,1,0,0,0,0,0,0,0,0,0,0
ac33e912-d24d-4a6b-b49f-976d1181fe2d,0,0,0,0,0,0,0,0,0,0,1
ac383d26-b97b-4837-9cc7-75c6897078d6,1,0,0,0,0,0,0,0,0,0,0
ac42e6f3-fedd-42eb-9822-bef7c9f61003,0,0,0,1,1,0,0,0,0,0,0
ac46d93e-d4b9-47fa-88f5-3e7aadf9af3c,0,0,0,1,0,0,0,0,0,0,0
ac4e3b17-424a-4058-b8f0-72ddcb3740ff,0,0,1,0,0,0,0,1,1,0,0
ac537c2b-99f1-48da-bbb5-bac8ee4b1f69,0,0,0,0,0,0,0,0,0,1,0
ac5ae0e3-51ee-4f1c-a1d0-ff8e0b71e447,0,0,0,0,0,0,0,0,0,1,0
ac5b57df-deb0-42ad-a0b5-d24a6bdac7fa,0,0,0,0,1,0,0,0,0,0,0
ac684467-0d85-4258-b130-d9661b6963f4,0,0,0,0,1,0,0,0,0,0,0
ac6cb03d-037d-4b19-a66c-c6b760a43669,0,0,0,0,0,0,0,0,0,0,1
ac791f97-f9e8-4f4a-b5d1-d1ffecf9db19,0,0,0,0,0,0,0,0,0,1,0
ac83cf8d-b8a3-449a-908c-720cbb0ec44c,0,0,0,0,0,0,0,0,0,0,1
ac8febfc-aef8-48c1-a434-533bac17316f,0,0,0,0,1,0,0,0,0,0,0
ac926c34-be86-4aa3-8c2c-900dd6e7a5d8,0,0,0,0,1,0,0,0,0,0,0
ac9ed736-05f5-4cb0-a678-0f0596f6dee6,0,0,0,0,1,0,0,0,0,0,0
aca75957-2c53-4224-838b-e869a95a181f,0,0,0,0,0,0,0,0,0,1,0
acaaea83-32f6-41c3-8f43-25084a9906f5,0,0,0,0,0,1,0,0,0,0,0
acadc0a6-853a-46b4-8ba6-e8d5720d5670,0,0,0,1,0,0,0,0,0,0,0
acafc284-b174-4e85-8cd6-e764a59f7096,0,0,0,0,0,0,0,0,0,0,1
acb102c7-3eed-4454-b9b1-ddd9e1d57109,0,0,0,0,1,0,0,0,0,0,0
acb47499-59a9-40bd-9c0f-f6684dcc329c,0,0,0,0,0,0,0,0,0,1,0
acb759f2-6319-49a4-9593-30ea3ad19426,0,0,0,0,1,0,0,0,0,0,0
acbe753f-5e44-40ef-b53f-3f3c5a6c5add,0,0,0,0,0,0,0,0,0,1,0
acd4e81b-b2a2-4b08-8b94-77a551947ca0,0,0,0,0,0,0,0,0,0,1,0
acd5828d-0590-4a4a-add7-00604ec55174,0,0,0,0,0,0,0,0,0,1,0
acd6a579-d3a8-4564-a519-bf8ecc30a853,0,0,0,0,0,0,0,0,0,1,0
ace0d9a5-6a37-4149-8bf6-296eec957eb5,0,0,0,0,0,0,0,0,0,0,1
ace9f176-8290-4dbe-84bd-3bdcb01117d5,0,0,0,1,0,0,0,1,0,1,0
acee9826-74c2-4c49-96d1-65cefdddb567,0,0,0,0,0,1,0,0,0,1,0
acf65795-bc74-4ea4-91b4-a8bab905ee52,0,0,0,1,0,0,0,0,0,0,0
acff4325-a14f-4db6-9bf9-84ca6b309653,0,0,0,0,1,0,0,0,0,0,0
ad01919b-e79e-4231-92d8-cffcf8448bb5,0,0,0,0,0,0,0,0,0,0,1
ad029f07-4f1a-41d2-b98c-490475269bcc,1,0,0,0,0,0,0,0,0,0,0
ad0e7ef4-65a7-4cce-bef3-92cfad8379d9,0,0,0,0,1,0,0,0,0,0,0
ad1e5a25-c3c0-4b2d-9f04-0afb5d06884f,0,0,0,0,0,0,0,0,1,0,0
ad24855b-5a7f-47c2-9d48-5d5223b19e6d,0,0,0,0,0,0,0,0,0,1,0
ad282971-324a-40ae-8324-e1cf1552d192,0,0,0,0,1,0,0,0,0,0,0
ad285788-3189-44d9-bb57-a5120bc4b94a,0,0,0,0,0,0,0,0,1,0,0
ad2f0dd8-1997-4cc2-97f2-1da9223b15ca,0,0,0,0,0,0,0,0,0,0,1
ad331b8a-aa37-49a9-84d2-0c3777f5bc7f,0,0,0,1,0,0,0,0,0,0,0
ad3474bc-fdbe-440a-9273-cb27af0adb1b,0,0,0,0,1,0,1,0,0,0,0
ad50244e-f42b-452e-9c94-a347374339d1,1,0,0,0,0,0,0,0,0,0,0
ad50ebc4-84e3-4599-b6e6-462227f7d6fb,0,0,0,0,1,0,0,0,0,0,0
ad63427d-8b3c-4586-a949-b6f2fda7f730,0,0,0,0,1,0,0,0,0,0,0
ad69956c-a31f-4093-9dd1-540e67d40075,0,1,0,0,0,0,0,0,0,0,0
ad795bd8-3414-4b4c-9bb3-e59a3f39427c,0,0,0,0,1,0,0,0,0,0,0
ad9247a0-88ea-4f6f-b060-bc96c6f2a148,0,0,0,0,0,0,0,0,1,0,0
ad96dbec-560c-4a5a-97a5-88f6e245273d,0,1,0,1,1,0,0,0,1,0,0
ad96ff71-5978-46e3-ac2b-ae59313a3f7b,0,0,0,0,0,0,0,0,1,0,0
ada10fbd-d5d6-4a54-a4d8-cbe72649b458,1,0,0,0,0,0,0,0,0,0,0
ada143a0-b403-41cf-a34b-33e08fd97546,0,0,0,0,1,0,0,0,0,0,0
ada23440-70eb-4b5d-b5d1-6911659577cd,0,0,0,0,1,0,0,0,0,0,0
ada7d1d6-3a55-4589-8175-354b22da11c4,0,0,0,1,0,0,0,0,0,0,0
ada82d2c-e768-4025-a836-778047dff050,0,0,0,0,0,0,0,0,0,0,1
adb11e20-f908-4bcd-a67d-e389fe51cca3,0,0,0,0,1,0,0,0,0,0,0
adb19f1f-79a8-4659-826f-fa56d41e8fca,0,0,0,0,0,0,0,0,0,1,0
adb93c6c-8607-486a-bddb-084c25c6e60d,0,0,0,1,0,0,0,0,1,0,0
adc02cd2-4267-43a7-a1c0-8fed567e68b1,0,0,0,0,0,0,0,0,0,0,1
adc11030-919e-4bdd-8595-c6bd00ff26fc,1,0,0,0,0,0,0,0,0,0,0
adc4ec00-7213-4a88-9269-975c4afaa42a,0,0,0,0,1,0,0,0,0,0,0
adcf28c5-934f-4a38-ae5d-8cce12023601,0,0,0,1,0,0,0,0,0,0,0
add2f4b6-677d-4d90-8d42-d486ca5a3243,0,1,0,0,1,1,0,0,0,0,0
addd36e3-afbb-4dbc-81aa-55a1d8584a6e,0,0,0,0,0,0,0,0,0,0,1
adebe462-9d0c-4b7c-9e7a-ed611ad3ad34,0,0,0,0,1,0,0,0,0,0,0
adfb7f4b-fc83-4d83-9882-dbf2658c2af9,1,0,0,0,0,0,0,0,0,0,0
ae018859-dd0d-4567-afe4-81758a83fea5,1,0,0,0,0,0,0,0,0,0,0
ae0aac96-3f30-438b-b546-ed5f061eb7f1,0,1,0,0,0,0,0,0,0,0,0
ae10f914-47ec-4eac-aa02-638698342033,0,0,0,0,1,0,0,0,0,0,0
ae2cf86b-bb99-4a90-946e-08cb8816e230,0,0,0,1,0,0,0,0,0,0,0
ae2d9434-9c26-4960-b79d-26ac3bdea3de,0,0,0,0,1,0,0,0,0,0,0
ae3f3139-ed9a-4d3c-bc9d-20cbcd078122,0,0,0,0,1,0,0,0,0,0,0
ae58f45a-8793-49c8-9070-67d758668d50,0,0,0,0,0,0,0,0,0,1,0
ae64bbc1-af2e-4aed-9333-021575120708,0,0,0,0,0,0,1,0,0,0,0
ae70ca9c-09de-4015-a9d9-7b9b20e2c9c8,0,0,0,0,1,0,0,0,0,0,0
ae7945c3-a14e-4692-b326-92b4495e2cdc,0,0,0,0,0,0,0,0,0,1,0
ae7d5625-bafa-48cc-b48b-4e4a3391f5f9,0,0,0,1,0,0,0,0,0,0,0
ae8acdd3-4572-4d42-8ec6-b820bbf1e5ad,0,0,0,0,0,0,0,0,0,0,1
ae8c57ea-59a2-41c7-a113-df4393a231d7,0,0,0,0,0,0,1,0,0,0,0
aea81990-0d44-4b13-a765-f5a31cbb0159,0,0,0,0,0,1,0,0,0,1,0
aea87788-3c6e-404f-9915-f06911b4f8ca,1,0,0,0,0,0,0,0,0,0,0
aeacf8b9-4134-41c7-a383-0492356d0d4c,0,0,0,1,0,0,0,0,1,0,0
aeaf64d2-bbda-48c4-824a-68e35f16851b,0,0,0,0,0,0,0,0,0,1,0
aeb6348c-beff-4232-b121-e3670d6b6e18,0,0,0,0,0,0,0,0,0,1,0
aeb85468-3acb-4747-916f-ddcb8ba9c665,0,0,0,0,0,0,0,0,0,0,1
aeb8d179-3a1c-4c0e-ab19-7bd9f527a5a5,0,0,0,0,0,1,0,0,0,0,0
aebb036b-ffaa-4aaf-9b42-d2fc06aa6b63,0,0,0,0,0,0,0,0,0,0,1
aebceff6-f0ac-42c0-ad5b-63dfc0edd3b5,0,0,0,0,1,0,0,0,1,0,0
aebf75b9-4491-47fb-9543-a1a190cabc2f,0,0,0,0,1,0,0,0,0,0,0
aec557cf-26bb-4088-9da4-a362672c811e,0,0,0,0,0,0,0,0,1,0,0
aed9901e-5419-43aa-a2b4-0b1998e423b5,1,0,0,0,0,0,0,0,0,0,0
aeddad07-be47-4654-b559-895df41b3d59,1,1,0,0,0,0,1,1,1,0,0
aee45f4d-fcf2-465b-80f7-6ffbdcf0be34,0,0,0,0,1,0,0,0,0,0,0
aeefdfd5-3e88-4409-935a-98e0c90442b9,0,0,0,1,1,0,0,0,0,0,0
aef1d118-748f-4ed1-9054-80b39046a55e,0,0,0,0,1,0,0,0,0,0,0
aef36c93-a033-4acb-b017-31cf7b54717a,0,0,0,1,0,0,0,0,0,0,0
af0a04d1-8139-43e5-8a5a-4ec7f75f35e4,0,0,0,0,0,0,0,0,0,1,0
af0e99d9-c0a1-456f-971c-52959b125fa2,0,0,0,1,0,0,0,0,0,0,0
af12153f-f94a-4275-a97a-8940d3c1bfc0,0,0,0,1,0,0,0,0,1,0,0
af148f38-9a21-475a-81a7-90c9fffd016a,0,0,0,0,0,0,0,0,0,1,0
af2347f8-ab31-4a78-b016-0d53469ffb05,0,0,0,0,0,0,0,0,1,0,0
af270ff8-a793-44a1-9627-c2edb8e5d974,0,0,0,0,0,0,0,0,0,1,0
af2bed82-ca41-4fe5-b2ce-860d77eb3fef,0,0,0,0,0,0,0,0,0,0,1
af2cbd57-42a6-40a9-8f64-3b65f06407c1,0,0,0,0,0,1,1,0,0,1,0
af2fd1d6-a90f-4f58-a0bd-02a6fb067689,0,0,0,0,1,0,0,0,0,0,0
af340e77-5e6f-47ae-8ca9-30491d53296a,0,0,0,0,0,0,0,0,1,0,0
af378ff9-4fa8-40a5-874f-6276215b6e63,1,0,0,0,1,0,0,0,0,0,0
af415e8e-4358-49de-b462-e77c54a3ab4d,0,0,0,0,1,0,0,0,0,0,0
af452e62-a6f4-4b12-b229-fbb254e95d65,0,0,0,0,0,0,0,0,0,1,0
af454734-bffe-44d9-8154-ccf813844d5f,0,0,0,0,1,0,0,0,0,0,0
af49e10e-a562-47d2-8f1e-2b13a22a1926,0,0,0,0,0,0,0,0,1,0,0
af4bfb09-c5d4-48be-8de8-840f1addff94,1,0,0,0,0,0,0,0,1,0,0
af4fcc3e-afee-4b94-8d0a-87199cb67334,1,0,0,0,0,0,0,0,0,0,0
af51d9eb-c035-43da-9829-93be2fa1a2a0,0,0,0,0,0,0,0,0,0,0,1
af569af2-fbc5-4a22-a022-f2aa8e2b3c72,0,0,0,1,0,0,0,0,0,0,0
af57941e-1109-41a2-bfa8-69d246c185a3,0,0,0,0,1,0,0,0,0,0,0
af5ca04f-d239-49d1-8fab-5a58da0a1cdc,0,0,1,0,0,1,1,0,0,0,0
af69780d-5c85-449a-b5c7-6b12892513ff,0,0,0,0,0,0,0,0,0,0,1
af6b3a6c-1f68-4be9-ab5f-e62b346f0509,0,0,0,0,0,1,0,0,0,0,0
af7009ca-c417-429a-b7bd-7df96e25fbfd,0,1,0,0,0,0,0,0,0,0,0
af7868ab-98b5-4e32-8ef9-a5160e7fbb5e,0,0,0,0,0,0,0,0,0,0,1
af7fd728-6de8-409e-967b-e076dcf1909b,1,0,0,0,0,0,0,0,0,0,0
af800b6b-275d-49dc-9067-6b84152150e1,1,0,0,0,0,0,0,0,0,0,0
af865104-d2ff-4ed5-9d9a-0315e8d8abce,0,0,0,0,0,1,0,0,0,0,0
af8979a9-ce6d-47b7-aded-b84373d5a275,0,0,0,0,0,1,0,0,0,0,0
af8da15a-db73-45b1-9d53-351eaf194153,0,0,0,0,0,0,0,0,0,0,1
af988557-b941-436a-ae31-dbb50cbc1963,0,0,0,1,0,0,0,0,0,1,0
afa13c24-d089-4bcd-9fab-f283f22ad49e,0,0,0,0,1,0,0,0,0,0,0
afa56639-665f-4de8-87e7-bff76e971055,0,0,0,0,0,0,0,0,0,0,1
afa585b2-4759-43be-9dc6-a10ca73e7336,0,0,0,1,0,0,0,0,0,0,0
afa61358-d001-49b4-8927-04b5b7bb9924,0,0,0,0,0,0,0,0,0,1,0
afae53be-cdb1-4a5a-ad7a-b66d653a726e,1,0,0,0,0,0,0,0,0,0,0
afb17e97-13ec-4901-829a-8db47a51674b,0,0,0,0,0,0,0,0,0,0,1
afc6bd03-35eb-433a-b8ab-bf77df9b92bf,0,0,0,0,0,0,0,0,0,0,1
afcc5ff4-00e1-43ce-b5f1-48e974018464,0,1,0,0,1,0,0,0,0,0,0
afd13286-b670-4937-a76e-14dcfa8fd1a3,0,0,0,0,0,0,0,0,0,1,0
afd37259-77ac-425b-9a4b-2961379c424a,0,0,0,0,0,0,0,0,0,0,1
afd4794a-51a2-4ac3-b43b-07e1b1274a7b,0,0,0,1,0,0,0,0,0,0,0
afd59657-a1d2-481a-a5a4-82175a0c3272,0,0,0,0,0,0,0,0,0,0,1
afda85b7-7674-4bb8-ac51-6639881be80d,0,0,0,0,0,0,0,0,0,1,0
afdaa5ee-34a1-438f-9b18-e946febd4499,0,0,0,0,1,0,0,0,0,0,0
afdb6918-c0eb-4f1c-8e21-921c5cb7f8d7,0,0,0,1,0,0,0,0,0,0,0
afde3d4e-e297-473b-b05c-73595ac8177a,0,0,0,0,0,0,0,0,0,1,0
afdf3ce5-40ad-4d33-b904-7bc4560dcb50,0,0,0,0,1,0,0,0,0,0,0
afdf420c-2dbe-442a-b1ad-655b64d87473,0,0,0,0,1,0,0,0,0,0,0
afeb1241-bdf5-419d-990c-55c2bde743fc,0,0,0,0,0,0,0,0,0,1,0
aff5d4a7-05ef-4410-ae6f-920154efc4a0,0,0,0,1,0,0,0,0,0,0,0
affdb263-55ea-4e54-9ef1-5ee42795d3a1,0,0,0,0,0,0,0,0,0,1,0
b00334f0-9d59-47bc-b28c-305f257e32f0,0,1,0,0,0,1,0,0,0,0,0
b00ae272-355c-4c4f-a1d0-44602490391b,0,1,0,0,1,0,0,0,0,0,0
b00b2b34-b291-4418-9474-20024830cf08,1,0,0,0,0,0,0,0,0,0,0
b00ba714-2af6-42dc-858b-e7af9f9e12f8,0,0,0,0,0,0,0,0,0,1,0
b02529d3-2d53-40aa-853b-3a68e704e6b4,0,0,0,0,0,0,1,0,0,0,0
b02951d2-f76d-4b33-b87e-42c2b4648647,0,0,0,1,0,0,0,0,0,0,0
b029d1f0-cf8f-47cc-8605-b0acac12568c,1,0,0,0,0,0,0,0,1,0,0
b02b9a30-329a-4d75-822c-b33d3290f2da,0,0,0,0,0,0,0,1,0,0,0
b0305c13-3a12-4f3a-aae5-ba7e5390a7c5,0,0,0,0,0,0,0,0,0,1,0
b033f6e6-ee6a-4bbe-9e08-4a8297a9fd3a,0,0,0,0,0,0,0,0,0,0,1
b0384283-227d-49d2-b679-38476d41d4d2,0,0,0,0,1,0,0,0,0,0,0
b038b41f-b49d-47a5-8cb8-a874b669afe6,0,0,0,0,1,0,0,0,0,0,0
b0492b54-9e8b-48b9-ae33-2430a5ca357e,0,0,0,0,0,0,0,0,1,0,0
b058a2dc-4098-4543-9444-a28d7ae25646,0,0,0,0,0,0,0,0,1,0,0
b0622641-8298-41b8-80b7-c7405e1e4bc2,0,0,0,0,0,0,0,0,0,1,0
b0668c13-9437-403b-a378-474b95bd4292,0,0,0,0,0,1,0,0,0,0,0
b06b97ae-ca57-4305-87ed-08f7e5ee94e8,0,0,0,1,0,0,0,0,0,0,0
b06be469-90d4-4f91-8d05-38aa38663145,0,0,0,1,0,0,0,0,0,0,0
b06f593b-5e6b-40fb-ad36-0b87aa8656be,0,0,0,0,0,0,0,0,0,0,1
b082060d-c824-44ed-89f5-07cbedb6a698,0,0,0,1,0,0,0,0,0,0,0
b0905459-39a5-422e-87e7-1c13cae596a1,0,0,0,0,1,0,0,0,0,0,0
b09336b1-546b-4e7f-a2cd-d1644d2b11e5,1,0,0,0,0,0,0,0,0,0,0
b09c3d83-eea1-4a8c-b7ba-0ed9e4cace88,1,0,0,1,0,0,0,0,0,0,0
b0a989ed-d300-4be0-a198-1ec5c9048217,1,0,0,0,0,0,0,0,0,0,0
b0b0ef7d-51ac-4f3b-9b8b-543cb1e2102c,0,0,0,0,0,0,1,0,0,0,0
b0bdb82b-448f-41e2-910f-a2aa3ca3f3da,1,0,0,0,0,0,0,0,1,1,0
b0c770c6-3823-41eb-ac8b-de63ed231103,1,0,0,0,0,0,0,0,0,0,0
b0ccb062-a5d0-4e80-8dc8-c27640144b5d,0,0,0,0,0,0,0,0,0,1,0
b0ce3e55-54f7-41dc-af23-99e15dff350d,0,0,0,0,1,0,0,0,0,0,0
b0d4b14c-5575-4273-8320-12f2668e3813,0,0,0,0,0,0,0,0,0,0,1
b0dd8f9a-e426-42a5-b7f3-4b8707c7f3dc,0,0,0,0,0,0,0,0,0,1,0
b0f1f254-7f80-4e10-ade6-276acce46f5b,1,0,0,0,0,0,0,0,0,0,0
b0f3c317-90f1-4f91-a231-0d7d9a44aea6,0,0,0,0,1,0,0,0,0,0,0
b0f583e4-d11b-47d2-aae2-c78af0bd64a3,0,0,0,0,1,0,0,0,0,0,0
b0f758c0-8f2a-48a1-b026-d90957434826,0,0,0,0,0,0,0,0,0,1,0
b12e407b-a730-4c5b-b90a-2a3d630fcfe8,1,0,0,0,0,0,0,0,0,0,0
b13e23ee-acb0-4ed2-b8c3-677cdc2ade87,0,0,0,0,1,0,0,0,0,0,0
b145ad66-0547-46eb-a6e9-b9c3a2a280fd,0,0,0,0,0,0,0,0,0,0,1
b1567e8b-b738-4ecc-bf65-c4b1ea4fa41e,0,0,0,0,0,0,0,0,0,1,0
b15a924b-60e5-42d1-bb25-d9d81398573f,0,0,0,0,0,0,0,0,1,0,0
b15c2ef7-4daf-4e80-bc17-5c4ce34a02ff,0,0,0,0,1,1,0,0,0,1,0
b1633dcf-212d-452f-a405-ffdc548b4746,0,0,0,0,1,0,0,0,0,0,0
b164175e-5822-4b7d-a54b-afa450482d8b,0,0,0,0,0,0,0,0,0,1,0
b16613fd-748c-4096-b770-f0e9a3debde4,1,0,0,0,0,0,0,0,0,0,0
b174dd05-bec1-4176-a0e0-eff7dfbcce5d,0,0,0,1,0,0,0,0,0,0,0
b177c1f2-dcad-4639-9344-ceb19d9c95a6,0,1,0,0,1,0,0,0,0,0,0
b182ccdb-386e-4245-ab99-375db60538eb,0,0,0,0,1,0,0,0,0,0,0
b188c54b-64cd-4ce5-9e4e-807e8ef5edec,0,0,0,0,0,0,0,0,1,0,0
b192269d-f4bb-4eb6-bb5d-66b681e57910,1,0,0,0,0,0,0,0,0,0,0
b198695c-20b4-4188-ad91-f0bfeb91e403,0,0,0,0,0,1,0,0,0,1,0
b1a21cbe-1223-4304-a559-bc4b3de9f970,0,0,0,1,0,0,0,0,0,0,0
b1a3022b-db36-4483-80ee-a4aa43a32898,0,0,0,0,0,0,0,0,0,1,0
b1bb03b8-ed0c-40af-b22a-05e01aade804,0,0,0,0,0,0,0,0,0,1,0
b1ca7f12-3fcb-47c5-a71f-88d11e55c4b1,0,0,0,0,1,0,0,0,0,0,0
b1d3f1d7-8b09-4f4d-91ef-6846ca974462,0,0,0,0,0,0,0,0,0,1,0
b1d4294a-9a67-4385-a06f-cfcbfa5a6828,0,0,0,1,0,0,0,0,0,0,0
b1d54c5e-ae90-49f7-a8be-37095bd5ab8f,0,1,0,1,0,0,0,0,0,0,0
b1d55e5f-2b24-46db-a374-cbac018c1803,0,0,0,0,1,0,0,0,0,1,0
b1d69685-dea6-44ea-872e-38013b0b53b2,0,0,0,1,0,0,0,0,0,0,0
b1d7994d-4788-4eb9-8829-b7ddefba003b,0,0,0,0,1,0,0,0,0,0,0
b1e3797b-40c3-4eb3-802d-67827e478a71,0,0,0,0,0,0,0,0,1,0,0
b1e39e0e-2e61-474a-bea6-2d79de6fa87b,0,0,0,1,0,0,0,0,0,0,0
b1e82c0a-4bfd-43ec-a049-a74b529ea688,0,0,0,0,1,0,0,0,0,0,0
b1e9d1ef-bd40-4057-b60a-10468cd01377,0,0,0,0,0,0,1,0,0,0,0
b1ed367b-2c12-499b-a46d-52150cc964e3,0,0,0,0,1,0,0,0,0,0,0
b1fd71e1-063d-43bc-9c50-4f9965fb2c1a,1,0,0,0,0,0,0,0,0,0,0
b20555be-3b15-41a9-8934-4a7f79c6359f,1,0,0,0,0,0,0,0,0,0,0
b20d8ba8-3589-4dcc-a966-b6a471b0cbb1,0,0,0,0,0,0,1,0,0,0,0
b21953be-3902-4887-91df-46eb5a71127c,0,0,0,0,0,0,0,0,0,0,1
b21cde25-831c-4c9b-8488-943e7070b090,0,0,0,0,0,0,0,0,0,1,0
b22219aa-7c1b-43b1-a73f-1cf706346c5e,0,0,0,0,0,0,0,0,0,1,0
b22d9f20-a0c2-4b43-9706-d2065c21b186,0,0,0,0,0,1,0,0,0,0,0
b23348db-2f4f-48b4-bec9-f9dd947c7fa8,0,0,0,0,1,0,0,0,0,0,0
b23f2c4d-cf4b-4ab7-a250-c92ba86508b3,0,0,0,1,1,0,0,0,0,0,0
b2404b49-b7d9-4186-b411-fbf159edadd8,0,0,0,0,0,0,0,0,0,0,1
b240c71e-82c3-4e60-ba83-47d272745918,0,0,0,0,1,0,0,0,0,0,0
b247d7ec-bc03-4a9a-a546-f27a1352f709,0,0,0,1,0,0,0,0,0,0,0
b2548c6b-942f-4f6e-a23a-f82e01baf39d,0,0,0,0,0,0,0,0,0,0,1
b256c419-3df0-4fb4-b49d-475d43d15b98,0,0,0,0,1,0,0,0,0,0,0
b26214a1-9737-465c-a89f-497792be1f45,0,1,0,0,0,0,0,0,0,0,0
b269e951-a9ce-465a-8be0-70919025ab31,0,0,0,1,0,0,0,0,1,0,0
b27a3a55-d702-40af-8aba-ef0795c04bd9,0,0,0,0,0,0,0,0,0,0,1
b2828218-fb0c-488c-bf46-d71387ccb81e,1,0,0,0,0,0,0,0,0,0,0
b283acec-68c1-458a-b0b2-7a275b135742,0,0,0,0,1,0,0,0,0,0,0
b28a3818-9649-48b1-b6e3-0b079aa9053d,0,0,0,0,1,0,0,0,0,0,0
b28cd12a-c95e-4197-9055-29b90f74562a,0,0,0,0,0,0,0,0,0,0,1
b28ea23a-d0cf-48fc-8d4e-38bf88b5ba09,0,0,0,0,1,0,0,0,0,0,0
b29019d4-c3e3-4529-bc90-5f885d9e5a58,0,0,0,0,1,0,0,0,0,0,0
b2918717-e4dd-4b98-8469-71c9127b9378,0,0,0,0,1,0,0,0,0,0,0
b2afc2b8-8dcb-40b8-8954-c73b1ea7da1d,0,0,0,0,0,0,0,0,0,1,0
b2bfa87a-7087-4bfc-ad4b-90a8a4d4791f,0,0,0,0,1,0,0,0,0,0,0
b2c416ec-1927-4300-bca9-63e70af0a7a0,0,0,0,0,0,0,0,0,1,0,0
b2d29331-d2fa-4795-9350-1f3372972ceb,0,0,0,0,0,0,0,0,0,1,0
b2dd4ab4-0bf9-41be-8e51-6f54a7f30eca,0,0,0,0,1,0,0,0,0,0,0
b2e96557-d893-424f-a265-5d6eb19a1afb,1,0,0,0,0,0,0,0,0,0,0
b2eb346c-fb97-47bf-8f17-cc62bf2c2037,0,0,0,0,1,0,0,0,0,0,0
b2f9247f-bd93-4d71-ae3b-2df5c4c01410,0,0,0,0,0,0,0,0,0,1,0
b2fd0aaf-0a66-47a4-80ed-d6212b4358b6,1,0,0,0,0,1,0,0,1,0,0
b309f74b-c56b-4178-94ee-5ade95ead7f5,1,0,0,0,0,0,0,0,0,0,0
b30d0a77-45ad-4d23-9654-7f451f2b393f,1,0,0,0,0,1,0,0,0,0,0
b3148299-501a-40dc-b741-bd1425be86a2,0,0,0,0,1,0,0,0,0,0,0
b317ff08-9ce5-4da9-bacc-1547242cdb66,0,0,0,0,0,0,0,0,0,1,0
b3284227-cc4f-434e-be1d-359cbdb23af9,1,0,0,0,0,0,0,0,0,0,0
b347d70b-cc91-4efe-802c-967f23bdbadd,0,0,0,1,0,0,0,0,0,0,0
b358e7c4-ea28-44a6-94ab-c9385d92fa3c,0,0,0,0,1,0,0,0,0,0,0
b35f0361-6009-43f8-84dd-5bc04f2d8cc7,0,0,0,0,1,0,0,0,0,0,0
b37baf08-d316-47bc-a363-eb419a214766,0,0,0,0,0,0,0,0,0,0,1
b37fe8c7-ef64-49d7-ae5d-e04401b4f084,1,0,0,0,0,0,0,0,0,0,0
b39ed842-7812-4ccd-9bb8-c00121692b78,0,0,0,0,0,0,0,0,1,0,0
b3a1c261-4dfe-4301-8793-758b5e66350e,0,0,0,0,1,0,0,0,0,0,0
b3bd16c8-8295-42eb-9ce3-f66aede99467,1,0,0,0,0,0,0,0,0,0,0
b3cb4cc4-f6d0-4796-8254-0507919df383,0,0,0,0,1,0,0,0,0,0,0
b3d4146f-9efc-4283-8d41-dd32ee87c8cb,1,0,0,0,0,0,0,0,1,0,0
b3d679e2-d437-4864-8e4d-44c892db3df4,0,0,0,0,0,0,0,0,1,0,0
b3dc86ce-9f3d-44cb-943d-ab3064540fb4,0,0,0,0,0,0,0,0,1,0,0
b3e4bfab-686e-4e26-a96d-1652140850c7,1,0,0,0,0,0,0,0,0,0,0
b3e81dca-8275-4e61-ac05-cc0552ecfbc3,0,0,0,1,0,0,0,0,0,0,0
b3ec3aec-ee90-4c8d-9b64-0e03a6409a5a,0,0,0,0,0,0,0,0,0,0,1
b3ef8e59-0bb0-41d6-8feb-34ba398049b5,1,0,0,0,0,0,0,0,0,0,0
b3efccb5-dea7-4ab8-8535-8b50635420f9,0,0,0,0,0,0,1,0,0,0,0
b40ff6f2-bbe8-4e8d-8839-c92a336ed6a6,0,0,0,0,1,0,0,0,0,0,0
b4174ede-03fd-4ed2-98ed-2079a5efc3a5,0,0,0,0,0,0,0,0,1,0,0
b418ac66-c421-4067-9f75-83ae86225286,1,0,0,0,0,1,0,0,0,1,0
b4194f77-fe53-4c81-ab02-f7488aa5d034,0,0,0,0,0,0,0,0,0,1,0
b41e7bc0-7438-4920-b3b8-3680a2ae1fab,0,0,0,0,0,0,0,0,0,1,0
b422aace-8841-4f24-9f40-f03ec827e2bb,0,0,0,0,0,0,0,1,0,0,0
b424c08d-8dd1-4020-bc47-6d575b688632,0,0,0,0,0,0,0,0,1,0,0
b42d13d7-8e53-4590-821a-9dc1ff63467b,1,0,0,0,0,0,0,0,0,0,0
b42d2598-ecf6-43a1-8263-a5548191511a,0,0,0,0,0,0,0,0,0,0,1
b42f4316-de4d-4383-8e8e-4d985fb378e8,0,0,0,0,0,0,0,0,0,1,0
b43feecb-0b9c-418e-80c7-883f9fe3a9ac,0,0,0,0,1,0,0,0,0,0,0
b45689c0-79ef-4e8e-ba3a-41f8ad4919c8,0,0,0,0,1,0,0,0,0,0,0
b45746de-d709-48d0-97f0-4a0505514026,0,0,0,0,1,0,0,0,0,0,0
b45baa67-eb97-4143-a2b4-0af5dfe1c5fa,0,0,0,0,0,0,0,1,0,0,0
b45e1889-02d4-44ba-98a6-564c575ba24d,0,0,0,0,1,0,0,0,0,0,0
b46b7af3-a3f4-43f1-acb2-b98dfb2e81b9,0,0,0,0,1,0,0,0,0,0,0
b479a83b-5eef-4251-bfcc-2fdac9b8c2d7,0,0,0,0,0,0,0,0,0,0,1
b482f516-2a23-4a33-a9f7-709e8291c4af,0,1,0,1,0,0,0,0,0,0,0
b49f203a-0d22-40a9-85b3-82c3619a5a5a,0,0,0,0,1,0,0,0,0,0,0
b4ad6175-e1d5-4b80-95fb-1b7373555199,0,0,0,0,0,0,1,0,0,0,0
b4ae58b2-69d3-4606-bdf7-47bdf9e78483,0,0,0,0,0,0,0,0,0,0,1
b4b34528-cfe3-4d15-beb6-8bc99f8a4b67,0,0,0,1,0,0,0,0,0,0,0
b4b5e368-38a7-4493-a632-c66054d431fd,1,0,0,0,0,0,0,0,0,0,0
b4b88546-947c-486b-9aea-a0f12ec51c02,0,0,0,0,1,0,0,0,0,0,0
b4bba24a-5b4f-4092-8a1c-62be49a615a8,0,0,0,0,0,0,1,0,0,0,0
b4ce2bdc-4498-4d1f-b933-f940fd0f6ee9,0,0,0,0,1,0,0,0,0,0,0
b4d1383b-8c0c-46cf-9ee5-8d04f5f0176d,0,0,0,0,0,0,0,0,0,1,0
b4e26f80-b326-4053-81cc-ff5abbdd6ef0,0,0,0,0,0,0,0,0,0,0,1
b4e2fb8f-40d6-4e80-a6f9-fb9f1a5b8a9d,0,0,0,1,0,0,0,0,0,0,0
b4e55f64-abc4-46e5-84e3-d8c6ddd472f0,0,0,0,0,0,0,0,0,0,1,0
b4e5d15e-04ae-41d5-bb8a-39151840b60c,0,0,0,0,0,0,0,0,0,1,0
b4f6ebeb-c125-4f5c-99ef-9c341feecdf3,0,0,0,0,1,0,0,0,0,0,0
b4f728b6-bb4f-4069-94b4-a8fd6f871467,0,0,0,0,1,0,0,0,0,0,0
b4f866a5-e071-484a-8446-4e5f9969dd9b,1,0,0,0,0,0,0,0,0,0,0
b51142d4-46b0-45a8-a50c-c65bec669cf6,0,0,0,0,0,0,1,0,0,0,0
b51d5c56-1f96-4b62-aa17-fec604e7d22b,1,0,0,0,0,0,0,0,0,0,0
b5311417-fdab-4d00-9181-4c85adf56a23,0,0,0,0,0,0,0,0,0,1,0
b533db12-562b-419c-9410-67f30dac0686,0,0,0,0,1,0,0,0,0,0,0
b538321b-0331-4944-96b1-0935f020804e,0,0,1,0,1,0,0,0,0,0,0
b5397727-3cba-4197-83f6-8daacbb3c9d5,0,0,0,1,0,0,0,0,0,0,0
b54cb6de-0bfb-4d91-b077-b2714eb44c28,0,0,0,1,0,0,0,0,0,0,0
b564205b-3e25-4e9b-baa9-e352fc873e99,0,0,0,0,1,0,0,0,0,0,0
b565ad8f-1854-4fcc-b5ae-324ac6a5c385,1,0,0,0,0,0,0,0,0,0,0
b57549be-3811-48ee-82be-93f31df5246e,0,0,0,0,1,0,0,0,1,0,0
b58781e6-a1ee-4225-af05-94d0db2358a8,0,0,0,0,1,1,0,0,0,0,0
b58f2aac-54b7-42a9-bbd0-0bd5ca5a27f3,0,0,0,0,1,0,0,0,0,0,0
b5963cf1-3a48-4767-8f04-d406010a4c93,0,0,0,0,0,0,0,0,0,0,1
b59bf7ca-1cbc-4b35-b497-080237603536,1,0,0,0,0,0,0,0,0,0,0
b59e6f82-b0bb-4627-bb77-aa3311daf37e,0,0,0,0,0,0,0,0,0,1,0
b5c2f3dc-6e97-4551-9305-c2d8ef8aa786,1,0,0,0,0,0,0,0,0,0,0
b5c9065c-4cf9-4d98-9cc1-1a91b891f396,0,0,1,1,1,0,0,0,0,0,0
b5cc5433-a22e-4920-8c0b-b1f5185a1803,0,0,0,0,1,0,0,0,0,0,0
b5cc9624-1973-4a69-867d-ca3e057472c8,0,0,0,1,0,0,0,0,0,0,0
b5e2524f-e6fd-4648-8dc2-cb478133a1a7,0,0,0,1,0,0,0,0,0,0,0
b5e886a3-bf19-45bb-914c-00f0e0ad0829,0,0,0,1,0,0,0,0,0,0,0
b5e97d73-9cc8-4140-98d7-fc4994ed2772,0,0,0,0,0,0,0,0,0,1,0
b5eb6977-be27-4fe3-a530-7a4c51c1ca4c,0,0,0,0,0,0,0,0,1,0,0
b5ee0abe-b259-4b09-92af-c4722370d13d,0,0,0,0,0,0,0,0,0,1,0
b5f371f2-2f9f-4c78-b020-ffb86f7efeb7,0,0,0,0,0,0,0,0,0,1,0
b61343f1-8e64-4d3d-9a6e-af017f603c56,0,0,0,0,1,0,0,0,0,0,0
b61d0d6f-5ec8-4830-b49c-06333637fcb3,0,0,0,0,1,0,0,0,0,0,0
b61d4dce-9f43-45be-9f2e-56003da74644,0,0,0,0,1,0,0,0,0,0,0
b6241c15-cb19-4cee-a72d-e77634c29f6d,0,0,0,0,1,0,0,0,0,0,0
b6394153-01b2-42e3-9ebb-ad4c2d158de4,0,0,0,0,0,0,0,0,1,0,0
b63b3397-86d6-4a96-8c28-26efe6b09bec,0,0,0,0,1,0,0,0,0,0,0
b643e0a7-173b-4a4c-b9cf-1d74b8316288,0,0,0,0,1,0,0,0,0,1,0
b645bc1a-7ab6-4d34-9a2a-737e1e655800,0,0,0,1,0,0,0,0,0,0,0
b64e3b75-f253-4bca-b1c2-51d2277030f5,0,0,0,0,0,0,1,0,0,0,0
b64e85b6-7fd0-4ccc-bb26-d66201dd4176,0,0,0,0,0,0,0,0,0,0,1
b65623d6-56c1-47e1-afba-d19571ba1cc7,0,0,0,1,0,0,0,0,0,0,0
b658eef4-980e-44b6-a877-377e584b4fa8,0,0,0,0,1,0,0,0,0,0,0
b66444c0-3cbc-442a-b335-8d99fc7b8e0d,1,0,0,0,0,0,0,0,0,0,0
b666fed1-6d3e-4547-a3b2-7feb73ad646b,0,0,0,0,0,0,0,0,1,0,0
b66c2bce-dea9-4715-b56f-a5050615a831,0,0,0,0,0,0,0,0,0,0,1
b676b619-b5d5-4ab7-8946-498b07d336d3,0,0,0,1,0,0,1,0,0,0,0
b6770687-f8c4-453a-93a6-f392c51d8a37,0,0,0,0,0,0,0,0,1,0,0
b6847c8b-68fd-47bb-b509-1b4544017855,0,0,0,0,0,0,0,0,1,0,0
b68edafe-b9f6-43cf-857e-9549c8767f4f,1,0,0,0,0,0,0,0,0,0,0
b6940318-f6ff-448b-b685-f3d54725b7f0,0,0,0,0,0,0,0,0,0,1,0
b69464dc-f5a4-4c31-9ee9-c79ff47ed8e2,0,0,0,0,0,0,1,0,0,0,0
b69c45c4-a59c-4e56-acd3-238a76fee42f,0,0,0,0,0,0,0,0,0,0,1
b69db99a-fa06-43f0-ad56-12f9d8cf603f,0,0,0,1,0,0,0,0,1,0,0
b69ecef3-0bcd-47a1-8bf4-d5bb1f1a0efb,0,1,0,0,0,0,0,0,0,0,0
b6b0abf8-5f1c-4d7f-b100-327bf42feb24,0,0,0,0,1,0,0,0,0,0,0
b6b18e72-b19a-4ff2-9efc-d189c0bb67b9,0,0,0,0,1,1,0,0,0,1,0
b6b1c3f4-e69f-48c8-bf9b-3e64faa8b275,0,0,0,0,0,0,0,0,1,0,0
b6b949e7-c56e-4b0e-9a07-101f419cc662,0,0,0,0,0,0,0,0,0,1,0
b6bb1f30-71b3-4ae0-b1e4-62dc5869ff98,0,0,0,0,0,1,0,0,0,0,0
b6bc9dfb-8d95-4d2a-b28d-77224011a3d9,0,0,0,0,1,0,0,0,0,0,0
b6c6ad5d-fc6b-456a-8933-2001e55a3e7f,0,0,0,1,0,0,0,0,0,0,0
b6dc8d3d-ae0c-44b5-ba8a-d4d4d69a9fcf,0,0,0,0,0,0,0,0,0,1,0
b6e19f70-05a0-4663-8b4b-945b955f95d6,1,0,0,0,0,0,0,0,0,0,0
b6e3c1cb-39c8-4701-bf68-e6cb3b448255,0,0,0,0,1,0,0,0,0,0,0
b6e7b7e2-8af7-4d82-bc59-38bfef25df7a,0,0,0,1,0,0,0,0,0,0,0
b6ea7b1a-b2c6-4c10-a949-1725820e7d59,0,1,0,0,0,0,0,0,0,0,0
b6eb309f-ee03-496c-a594-e0965fbc6b80,0,0,0,0,0,0,0,0,1,0,0
b6ebe20b-10ad-4a87-ba09-ee4bdebc7c2d,0,0,0,0,1,0,0,0,0,0,0
b6ed1e0f-945f-4ec8-aeb9-05143aa45f93,1,0,0,0,0,0,0,0,0,1,0
b6f45bff-5f47-477d-bd9c-57d36e7832c5,0,0,0,0,0,1,0,0,0,1,0
b7010042-441b-4a52-9364-c76d310371ae,0,0,0,0,0,0,0,0,0,0,1
b702bfba-43b8-4edf-9b64-22d6084d94af,0,0,0,0,1,0,0,0,0,0,0
b70969c0-5b20-4d33-b9ea-601e935c3bf3,0,0,0,0,1,0,0,0,0,0,0
b710d0d6-91f6-465f-a202-429fe5d14443,0,0,0,0,1,0,0,0,0,0,0
b7193bfd-88fb-4c67-873f-9f8e16f553e2,0,0,0,0,0,1,0,0,0,0,0
b71c6140-0362-451b-87d7-db678ab16b9f,0,0,0,0,0,0,1,0,0,0,0
b720df65-0715-4683-b343-efc4f165d903,0,0,0,0,0,0,1,0,0,0,0
b724d7bb-87bd-427e-a296-01e53bc302bf,0,0,0,0,1,0,0,0,0,0,0
b72737e8-b99b-4a93-9046-75de9044a1df,0,0,0,0,1,0,0,0,0,0,0
b735bf18-e758-44ca-ab82-71f931990797,0,0,0,0,1,0,0,0,0,0,0
b73b1ba1-1748-49c6-9a1f-7505dee5f884,0,0,0,0,1,0,0,0,0,0,0
b73bb6b2-e3df-48de-b373-cd3bc18d9ca6,0,0,0,0,1,0,0,0,0,0,0
b74cc3b0-4856-4b3e-a3ba-474db1570c2c,0,0,0,0,0,0,0,0,0,1,0
b74e40bd-7949-4dc4-801a-7c3177075b74,0,0,0,0,1,0,0,0,0,0,0
b74feab9-87ee-4bc2-b9b3-499e63bfd9f8,0,0,0,1,0,0,0,0,0,0,0
b75bc112-b117-4c15-aff5-1e93dd98c552,0,0,0,0,0,0,1,0,0,0,0
b761eef0-93dc-470b-a745-28041dc916a2,0,0,0,0,0,0,0,0,1,0,0
b76441b3-5adc-4059-b4ff-d693c0673b5a,0,0,0,0,0,0,0,0,0,0,1
b76dd6c7-2192-4914-bc5e-df7f0e199449,0,0,0,0,1,0,0,0,0,0,0
b789e229-156f-4f0c-92d7-2a1ab6d75bae,0,0,0,0,0,1,0,0,0,0,0
b78bcd8c-0ea2-451b-8378-e08014c8aa87,1,0,0,0,0,0,0,0,0,0,0
b7958520-1fd2-4b75-a63b-62b12ef248b9,0,0,0,1,0,0,0,0,0,0,0
b7991a75-a061-491e-9e0e-cfe6305a5da1,0,0,0,0,1,0,0,0,0,0,0
b79b2af3-a20c-4661-92ab-dd9c820006b4,0,0,0,0,0,1,0,1,0,0,0
b7a5c621-0b2f-4bf9-98ff-b09ea3402880,0,0,0,1,0,0,0,0,0,0,0
b7a6497b-4a8f-4524-9726-6ac03f29438c,0,0,0,0,1,0,0,0,0,0,0
b7b072f9-5397-43cb-98ff-af90844b6593,1,0,0,0,0,0,0,0,0,0,0
b7b3a68c-0952-4c8d-8c44-61ae075b64ca,0,0,0,1,0,0,0,0,0,0,0
b7b6d831-1f5e-47b5-8505-c29def3f0810,0,0,0,0,0,0,0,0,0,0,1
b7b9ba92-6d9b-4883-9302-836b4d5ea6fe,0,0,0,0,0,0,0,0,0,0,1
b7c14706-300c-4282-9f90-75862e7b06a6,0,0,0,0,0,0,0,0,0,0,1
b7d1b478-9934-4775-8dec-41edb37cddfb,0,0,0,0,1,0,0,0,0,0,0
b7da09ef-20fd-4379-8add-fc2f36ac1d66,0,0,0,0,0,0,1,0,0,0,0
b7e188a8-6b13-4f73-8133-8f7d7b80d440,0,0,0,1,0,0,0,0,0,0,0
b7ed9d89-9444-4356-b274-ea57b0cc8eef,0,0,0,0,1,0,0,0,0,0,0
b7f2d0e7-555c-4899-99ea-3c114f76fe0e,0,0,0,0,1,0,0,0,0,0,0
b7f4d719-ba21-4065-8efd-eb5ca9f181aa,0,0,0,0,1,0,0,0,0,0,0
b80be0ea-6bf2-404d-b689-373b987c6611,0,0,0,0,1,0,0,0,0,0,0
b80ce1ae-35d0-49b1-a66f-2311c9eb0968,0,0,0,0,0,0,0,0,0,0,1
b816f9f3-72af-4eb8-a6be-f1016d6bf03c,0,0,0,0,0,0,0,0,1,0,0
b8436418-7ed1-4010-9b97-9da2e987704b,0,0,0,0,0,0,0,0,0,0,1
b85ed2c4-5391-491f-af53-c67e0132baa8,0,0,0,0,0,0,0,0,0,0,1
b86044bc-00d3-44d7-a8a3-c8ff58fd6524,0,0,0,0,0,1,0,0,0,1,0
b860a0ba-f62f-4305-a8bf-74cbd368164e,0,0,0,0,0,1,0,0,0,1,0
b86d3c6b-ea8f-4dba-9051-b27c40a6046e,0,0,0,0,0,0,0,0,0,1,0
b87d12bb-5c1d-4bd4-bb3e-fda1a3ed4f5e,0,0,0,0,0,0,0,0,0,0,1
b88caf2b-91a1-44ac-a822-59914a8ba5df,0,0,0,1,0,0,0,0,0,0,0
b89366f2-6387-4cd5-92c2-e669387f7f52,0,1,0,0,1,0,0,0,0,0,0
b89548b8-c907-49e1-b5e6-da611fd2f578,0,0,0,0,0,0,0,0,0,1,0
b8983227-763b-4723-b3ee-149af83938f0,0,0,0,0,1,0,0,0,0,0,0
b89f1b51-060b-4d9d-bf63-9b95a8d020e4,0,0,0,0,0,0,0,0,0,0,1
b8a1193b-b370-4ca7-a598-8289109034dd,0,0,0,0,0,0,0,0,1,0,0
b8a645e3-c5bd-4eb4-baed-52a8fe5aa112,0,0,0,1,0,0,0,0,0,0,0
b8b559e4-9337-4d1f-ab20-516caadf99dc,0,0,0,0,0,0,0,0,0,0,1
b8b5c607-0118-417c-90fa-c80383aaeff0,0,0,0,0,0,0,0,0,1,0,0
b8b68ebd-eac9-4945-b1ce-005a766899d7,0,0,0,0,0,0,0,0,0,0,1
b8cafccd-97e8-435c-831b-22115f9bd06e,0,0,0,0,1,0,0,0,0,0,0
b8dd946b-d1a1-420a-8774-79a7503741d8,1,0,0,0,0,0,0,0,0,0,0
b8e29d54-19c2-4d42-a32a-fe338f343f83,0,0,0,0,0,0,0,0,0,0,1
b8f3db8e-1aaa-4438-8c43-bc674ae5388f,1,0,0,0,0,0,0,0,0,0,0
b9090953-6f09-4da4-a6a2-c13b0613690d,0,0,0,0,0,0,0,0,0,0,1
b90ad961-c95e-4810-b5d1-58596508c241,0,0,0,0,0,0,0,0,0,0,1
b90b5e12-c1d8-4a59-8650-9c0e1a2d7a2d,0,0,0,1,0,0,0,0,0,0,0
b90c1250-b2aa-4945-931b-2a6901ceb34e,0,0,0,0,0,0,0,0,0,0,1
b910ba1f-64a8-4649-bd9d-9df7b2f09423,0,0,0,0,0,0,0,0,0,0,1
b918e0f3-7456-4ae9-a125-d3a2be172b15,0,0,0,0,1,0,0,0,0,0,0
b9235907-e79b-483f-b1c9-dfe822495426,0,0,0,1,0,0,0,0,1,0,0
b925b65d-42c3-4370-88f9-787b923ad2de,0,0,0,0,0,0,0,0,0,0,1
b92d72bc-4cc8-4887-a50f-0aad5a30c5ca,0,0,0,0,0,0,0,0,0,0,1
b930259e-8ae3-4253-b9e8-cc53dbe3d7eb,1,0,0,0,0,0,0,0,0,1,0
b930869e-5e86-4708-8ca2-6b2f37a9fc50,0,0,1,1,1,0,1,0,1,1,0
b935888e-3867-4f5a-b89f-89c85f806d8d,0,0,0,0,1,0,0,0,0,0,0
b94379a0-ea83-433b-86cf-48b98f818de8,0,0,0,1,0,0,0,0,1,0,0
b9440e79-5c3f-4a68-a517-00792580581d,0,0,0,0,1,0,0,0,0,0,0
b953b765-701c-4827-b604-f21bce339d6d,0,0,0,0,1,0,0,0,0,0,0
b9623b42-4ff5-4021-8761-29747d1a20b3,0,0,0,1,0,0,0,0,0,0,0
b9652c71-863a-4366-bb87-15c2d783b7b8,1,0,0,0,0,0,0,0,0,0,0
b96827f3-5423-4a97-8cc7-7832177cd99f,0,0,0,0,1,0,0,0,0,0,0
b97363b9-d8a5-4332-8860-b54f42cb46f2,0,0,0,0,0,0,0,0,0,1,0
b9784a22-413f-42f0-83cb-fc15882d6a8c,0,0,0,1,0,0,0,0,0,0,0
b97a218b-7960-4aeb-bc27-b0b3968b3df3,0,0,0,0,0,0,1,0,0,0,0
b97eafb8-a117-4b74-a750-a9ee4bd1cf06,0,0,0,0,0,0,0,0,0,1,0
b98850f0-53f5-4402-8631-71dc1404b427,0,0,0,0,0,0,0,0,0,1,0
b988dee0-7215-48a1-b873-db8f11d4eb27,0,1,0,0,0,0,0,0,0,0,0
b9936509-4985-42d4-ba5a-3f75410d110a,0,0,0,0,0,0,0,0,1,0,0
b9a59339-9011-4f77-aa7f-ac7ddee2d5b3,0,0,0,1,0,0,0,0,0,0,0
b9a70cf2-cc70-46dd-ad4d-c32bf8323549,0,0,0,0,0,0,0,0,1,0,0
b9b36e82-3f45-4bd1-84da-61e05f94a144,0,0,0,0,0,0,0,0,1,0,0
b9c0c438-f663-4292-b9b2-ec96764462a8,1,0,0,0,0,0,0,0,0,0,0
b9c1434d-c761-4203-b94a-e8505cd7aab3,1,0,0,0,0,0,0,0,0,0,0
b9c1dd1d-2faa-4c45-a85a-36175b7cbf3d,1,0,0,0,0,0,0,0,0,0,0
b9c31f8c-3ebe-4991-9160-810e82244d43,0,0,0,1,0,0,0,0,0,0,0
b9ca0ad9-aae6-49da-b7b5-64a33fdced1c,0,0,0,0,1,0,1,0,0,0,0
b9d76752-816f-45c8-baa0-9a091f8f10e3,0,0,0,0,0,1,0,0,0,0,0
b9d82fe7-2f6a-4d1f-8d75-495cbe6c5826,0,0,0,1,0,0,0,0,0,0,0
b9dcd9e6-d362-4cdd-ad9d-d4d7c6b22f86,0,0,0,0,0,0,0,0,0,1,0
b9eff30f-e525-40f6-8e56-72c17bee4398,0,0,0,1,0,0,0,0,0,0,0
b9f89bab-bb25-4fcd-94e7-0e50950ff7e9,1,0,0,0,0,0,0,0,0,0,0
b9fef022-1b07-47ea-a915-430d3abd3b80,0,0,0,0,0,0,0,0,1,0,0
ba01d181-898e-4532-9db9-6fedceacbdcf,0,0,0,0,0,0,0,0,1,0,0
ba02558d-9bf2-4cd2-89e7-f07f6bfaff3f,0,0,0,0,0,0,0,0,1,0,0
ba03a2a0-a584-411e-b4fe-7a190d588625,0,0,0,0,0,0,0,0,0,0,1
ba05f939-ffad-459f-acb7-1496b67ab914,0,0,0,0,1,0,0,0,0,0,0
ba0e2c10-a496-4e97-9e25-5b023933c547,0,0,0,0,0,0,0,0,0,1,0
ba19610a-a724-4bcf-a3a4-c2f93cb298f2,0,0,0,1,1,1,0,0,0,0,0
ba2e678b-f5d3-48d4-a138-87438bd39b16,0,0,0,0,0,0,0,0,0,1,0
ba4038ff-8986-4b53-bf54-f705d0a2e46d,0,0,0,0,1,0,0,0,0,0,0
ba5cf007-c714-4c62-9acc-b7cfec8126e8,0,0,0,0,1,0,0,0,0,0,0
ba6a3193-61cc-4cda-90fb-528998274bc5,0,0,0,0,0,0,0,0,0,0,1
ba7cdc35-5f47-461f-bf6a-fa6dd027fb3a,0,0,0,0,1,0,0,0,0,0,0
ba821a78-a5f3-4ce8-8a8b-e9dc5bb386bf,0,0,0,0,1,0,0,0,0,0,0
ba835a77-ce93-4701-86e0-bf54ea35f118,0,0,0,0,0,0,0,0,0,1,0
ba95f1fc-eef4-4de4-b389-26a935c4afa8,1,0,0,0,0,0,0,0,0,0,0
ba97c77b-7e31-48e0-9446-2a7b73348567,0,0,0,0,1,0,0,0,0,0,0
bab3089c-b126-4110-a473-5137718e86bb,0,0,0,0,0,0,1,0,0,0,0
bac24e58-c496-4661-a639-4157ab2c4f21,0,0,0,0,1,0,0,0,0,0,0
bac42a0d-3e86-4321-a675-e50cc2bdc936,1,0,0,0,0,0,0,0,0,0,0
bac4996e-c4df-499b-9848-68d58fc0363c,0,0,0,0,0,0,0,0,0,0,1
bac8ad15-df0f-4b63-a145-38f1ece726b5,0,0,0,0,0,0,1,0,0,0,0
bad381cb-2030-4be1-afbb-ac40b18f7397,0,0,0,0,0,0,0,0,0,0,1
bada18cb-8db1-4967-8123-b344e8ff39ae,0,0,0,0,1,0,0,0,0,0,0
bb0ff4ba-b68d-459e-861b-0c09dc668e1a,0,0,0,0,0,0,0,0,1,0,0
bb15d682-a05b-4f2a-acb5-2188b25b0c88,0,0,0,0,0,0,0,0,0,0,1
bb168e44-a54b-4afb-85df-dbb8457de5f7,0,0,0,0,1,0,0,0,0,0,0
bb38db76-5ebb-4e35-b968-da89956a2644,1,0,0,0,0,0,0,0,0,1,0
bb3d707d-14ba-40a4-9fc1-ef04f107f1da,0,0,0,0,0,1,0,0,1,0,0
bb3fe720-d0cb-483d-be2b-36cbbe6292a5,0,0,0,1,0,0,0,0,0,0,0
bb453e7e-a5cf-4a71-8a36-7ee0afb7630e,0,0,0,0,1,0,0,0,0,0,0
bb5005d1-e10c-4954-9b65-1558fa53f304,0,0,0,0,1,0,0,0,0,0,0
bb50e112-cdaa-457d-9b48-2d7dc54eed4d,0,0,0,0,0,0,0,0,1,0,0
bb513ede-bfc0-4e41-a165-dd5ba7f28e9d,0,0,0,0,0,0,0,0,0,1,0
bb5e05a8-5eac-4ede-ab81-8d449783c7a3,1,0,0,0,0,0,0,0,1,1,0
bb6c101c-f070-4a52-b66c-45023d669234,0,0,0,0,0,0,0,0,0,1,0
bb72e7af-69a3-4e12-95d2-2f5b7187a6ee,1,0,0,0,0,0,0,0,0,0,0
bb8c328b-5a87-4bc1-bf25-c08b61578b34,1,0,0,0,0,0,0,0,0,0,0
bb979fbc-372b-40d4-b41d-df1b7ec10c6c,0,0,0,0,1,0,0,0,0,0,0
bb9a5258-c43a-4af4-89ad-807506de5fcd,0,0,0,0,0,0,0,0,0,0,1
bba86a7a-ce8c-4c2d-9bd2-91faf00e60fc,0,0,0,1,0,0,0,0,0,0,0
bbb1d1bc-ff21-4b74-95cb-9aca3f452e9b,1,0,0,0,0,0,0,0,0,0,0
bbb4a838-1508-4792-a2b7-53cde3b7b113,0,0,0,0,1,0,0,0,0,1,0
bbbad56d-cccd-414c-b3f7-e225fa2c4af0,0,0,0,0,0,1,0,0,0,0,0
bbbb7a68-eb3f-48cd-8461-a529d2629b3f,1,0,0,0,0,0,0,0,0,0,0
bbbba1f9-8da3-4c62-a6d1-c153e96c290e,0,0,0,0,1,1,0,0,0,0,0
bbc6dab1-2aab-4c5c-8fcb-dc52c858cd9b,0,0,0,0,1,0,0,0,0,1,0
bbd096ac-8a16-4f7d-bb13-80e65756ebcc,0,0,0,0,0,0,0,0,0,0,1
bbda7aa4-9088-4b0e-9276-3d0e3622f58c,0,0,0,0,0,0,0,0,0,0,1
bbdcd603-b384-44ac-a542-e9f0f7286512,1,0,0,0,0,0,0,0,0,0,0
bbe17c6d-7d65-48c5-8dac-7b50870a15e8,0,0,0,0,0,0,0,0,0,1,0
bbeda4ce-4ab0-4f55-b765-c17ac8402e8f,0,0,0,0,0,0,0,0,0,1,0
bbf04059-b969-4fb3-9de4-b77510f25952,1,0,0,0,0,0,0,0,0,0,0
bbf5430a-b116-4426-8b6e-3bd9f388852a,0,0,0,0,0,0,0,0,0,1,0
bbf6cf36-bf0b-4f78-9b09-5c0110405c1b,0,0,0,1,0,0,0,0,0,0,0
bbfdb9d3-06df-413b-a6c6-72d6ea5917ce,0,0,0,0,0,0,0,0,1,0,0
bc06832a-e45b-41d0-b85c-b3ddfbb42e96,0,0,0,0,1,0,0,0,0,1,0
bc129d58-7510-4e04-9b68-0bf9123446c0,0,0,0,0,1,0,0,0,0,0,0
bc148dfb-7408-417b-b792-0fd2b5585758,1,0,0,0,0,0,0,0,0,1,0
bc238108-06bb-4905-8a33-11946f5f8301,0,0,0,0,1,0,0,0,0,0,0
bc2b8f9f-1374-49bd-9265-44e483ca2a1c,0,0,0,0,1,0,0,0,0,0,0
bc3078ce-b167-49bc-84e0-809d1c57a45a,0,0,0,0,1,0,0,0,0,0,0
bc42a577-fe57-4b00-8405-edab0b4a590f,0,0,0,0,1,0,0,0,0,0,0
bc442b83-647c-49c3-be2a-c2923ae5143f,1,0,0,1,0,0,0,0,0,1,0
bc5252f6-917d-4a9a-9502-d442943c5b2e,0,0,0,0,0,0,0,0,0,1,0
bc5281ab-464c-43d5-b891-354515918660,0,0,0,0,1,0,0,0,0,0,0
bc533536-dc70-42bf-8998-1a971a41a398,0,0,0,0,0,0,0,0,0,0,1
bc5339e6-eb79-413f-a7cd-e8676cfc13b3,0,0,0,1,0,0,0,0,0,1,0
bc57c540-2f67-4777-80b6-dcd693bad049,1,0,0,0,0,0,0,0,0,0,0
bc5997fb-d1e0-4dc9-a359-01c2e41c5e18,0,0,0,0,1,0,0,0,0,0,0
bc63486f-0af9-407f-bc4c-a2623b2bea08,0,0,0,0,1,0,0,0,0,0,0
bc6a2b88-e267-4308-a793-2eba670dc017,0,0,0,0,0,0,0,0,0,1,0
bc6f5687-6103-48fd-9531-66051c7959ef,0,0,0,0,1,0,0,0,0,0,0
bc73cec6-85bf-42cf-8f7d-69a79925d032,0,1,0,0,0,0,0,0,0,0,0
bc7d7e62-05a2-4088-84dc-4c53f27cb9fd,0,0,0,0,0,0,0,0,0,1,0
bc7d95af-4851-4bf8-b249-66b124691987,0,0,0,0,0,0,0,0,0,0,1
bc92e2b0-f0b7-4876-b445-c8906bca85a6,0,0,0,0,1,0,0,0,0,0,0
bc932672-0bd7-4ff7-b52b-7f547acc5175,0,0,0,0,0,0,0,0,0,0,1
bc99c962-6e5d-4e93-a50a-a7e9f3995324,0,0,1,0,0,0,1,0,0,0,0
bca2dc82-8fd2-4e4f-b26c-0d6dc4f697fd,0,0,0,0,0,0,0,0,0,0,1
bcab8119-6b15-45be-aa22-243662601a73,0,0,0,0,0,0,0,0,1,1,0
bcb1f2bf-a66c-4a7c-9e46-471664fd3067,0,0,0,0,1,0,0,0,0,0,0
bcbe87cc-4c9f-45bb-bf02-37e4ddd6b5a2,0,0,0,0,0,1,0,0,0,1,0
bcbfe97b-a226-4e86-a108-ccb12f935ecc,0,0,0,0,0,0,0,0,0,1,0
bcc26fa7-d24d-4ba0-a6da-35823bac5731,0,1,0,0,1,0,0,0,0,0,0
bcc75f8a-add0-4bd1-ba73-8c572a771305,0,0,0,0,0,0,0,0,1,0,0
bcce89dd-ef2b-43c9-b66a-3e8abf09089c,0,0,0,0,1,0,0,0,0,0,0
bcce9e91-3479-46c1-8628-7bd00311bb1e,0,0,0,0,0,0,0,0,0,1,0
bcd0ba99-d756-42b1-a6d5-4cbc8f4a9f76,0,0,0,0,0,0,0,0,0,0,1
bcdbb486-197d-4682-922b-68aca4d38580,1,0,0,0,0,0,0,0,0,0,0
bcdc0c69-85bb-4446-9506-77479e77f16e,0,0,0,0,1,0,1,0,0,0,0
bcdc911b-8cde-4470-a1f5-029476193b51,1,0,0,0,0,0,0,0,0,0,0
bce57384-7546-4688-8b69-7c4d985757f1,0,0,0,1,0,0,0,0,0,0,0
bce60a39-42cb-44e2-8e6b-6ce8b42b3b27,0,0,0,0,0,1,0,0,0,0,0
bcf4a337-ac8f-4598-87d5-e9f4771abbb0,0,0,0,0,0,0,0,0,0,1,0
bcfc9ab8-d709-4ef7-b68b-d4da4b08976a,0,0,0,1,0,1,0,0,0,0,0
bcffe705-22cd-4276-8037-b381ccf4b318,1,0,0,0,0,0,0,0,1,0,0
bd06706e-c56b-49dd-8562-83521a682368,0,0,0,1,0,0,0,0,0,0,0
bd079ea9-af4a-455d-ae22-9d23c37535f1,0,1,0,0,0,0,0,0,0,0,0
bd09dc21-4a94-4d8c-a647-11397496f285,0,0,0,0,0,0,0,0,0,0,1
bd103938-abf2-4b08-b0e3-af4f986551ff,0,0,0,0,0,0,0,0,0,0,1
bd17afbd-c3cd-419e-99e4-e2f89b503a87,1,0,0,0,0,0,0,0,0,1,0
bd1903f4-338c-49a1-85f7-8efcbd252dfe,0,1,0,0,0,0,0,0,0,0,0
bd1ab853-1a29-49d1-9e18-3eeceec33078,0,0,0,0,1,0,0,0,0,0,0
bd1b1a08-248a-440a-b42c-634695acdef1,1,0,0,0,0,0,0,0,0,0,0
bd207d7f-4524-4725-af70-7e5223959057,0,0,0,0,0,0,0,0,1,0,0
bd2c5c57-3f46-4555-8e1f-bd66ab2e13c0,0,0,0,1,1,0,0,0,1,0,0
bd37473d-b2f8-42e5-8d18-5f2ba76546a6,0,0,0,1,1,1,0,0,0,0,0
bd470333-cfc7-432f-bdae-95f086188dc6,0,0,0,0,0,1,0,0,0,1,0
bd5800c7-881e-40c4-9586-72b99b9cd91c,0,0,0,0,1,0,0,0,0,0,0
bd58357c-d32f-4f55-ab4b-bf37db4ee659,0,0,0,1,0,0,0,0,0,0,0
bd5ef8ac-f257-4ecb-8437-dd45999b23d1,0,0,0,0,0,1,0,0,0,0,0
bd68e787-59d6-477f-b741-03648d34142c,0,0,0,0,0,0,0,0,1,0,0
bd6c0719-ea28-4f1d-9a2b-93d4499c55c2,0,0,0,0,0,0,0,0,1,0,0
bd6e65c6-8758-4a55-89a0-5ff0159c21df,0,0,0,0,0,0,0,0,0,1,0
bd797c08-eff6-46b7-811e-98332bc498ff,1,0,0,0,0,0,0,0,0,0,0
bd7cabae-bedc-4e0e-be5f-a624d237f541,0,0,0,0,0,0,0,0,0,1,0
bd82185e-8977-4389-89c8-999f99b781de,0,0,1,0,0,0,0,0,0,0,0
bd925d63-1c50-4fd0-8e21-033fd0c26c06,0,0,0,0,0,0,1,0,0,0,0
bd9343b5-e34e-444b-ace0-ca0aa788f668,0,0,0,0,1,0,0,0,0,0,0
bda2ef25-5b28-4239-904d-46895a1d4fcf,0,0,0,0,1,0,0,0,0,0,0
bda4683e-5298-4176-a6c2-6f2ae595411a,0,0,0,0,1,0,0,0,0,0,0
bdb1f098-a544-4d8a-896d-63baa08e5f9d,0,1,0,0,0,0,0,0,0,0,0
bdc3195d-5aa7-47f8-a1fd-e7c90063f335,0,0,0,1,0,0,0,0,0,0,0
bddc6f06-3e76-4d39-a607-bc9c616ed898,0,0,0,0,0,0,0,0,0,0,1
bddd85f7-069a-452f-a06b-8441137893cc,0,0,0,0,0,0,0,0,0,1,0
bde3668f-e772-44e3-a208-96734918d49d,0,0,0,0,0,0,0,0,0,1,0
bde50004-94a7-4925-94bc-2d9b689499d8,0,0,0,0,0,0,0,0,0,1,0
bde649b0-bded-46f8-a726-90b579c00958,0,0,0,0,1,0,0,0,0,0,0
bdf68335-97e8-4f60-b37d-cfbf93bbdc95,0,0,0,1,0,0,0,0,0,0,0
bdfd49ae-23fe-4b98-a758-bd145104f72a,0,0,0,0,1,0,0,0,0,0,0
be01e071-a18f-4968-bccc-ae567d66cf24,0,0,0,0,1,0,0,0,0,0,0
be05866c-f6e8-406b-996e-dda5c03de0e3,0,0,0,0,0,0,0,0,1,0,0
be0c10ee-0c63-49d1-aad1-e2e110347ed2,0,0,0,1,0,0,0,0,0,0,0
be1519cb-dda5-4be2-bb8f-fc42e8a3a124,1,0,0,0,0,0,0,1,0,0,0
be207052-72f3-4f23-a082-74e1a30717bf,0,0,0,0,1,0,0,0,0,0,0
be263f96-a693-4926-a0a0-9ff4c2defb50,0,0,0,0,0,1,0,0,0,0,0
be279343-af52-43a1-b3b2-e467a0157d4c,0,0,0,0,0,1,0,0,0,1,0
be28e22e-bb08-4c99-839e-f2f19cb1ba74,0,0,0,1,0,0,0,0,0,0,0
be379282-a79a-4f41-b47f-492627a60746,1,0,0,0,0,0,0,0,0,1,0
be49ab09-8e41-4f37-bac6-01e704142c03,0,0,0,0,0,0,0,0,0,1,0
be51a673-a888-43ad-b8f6-38cb31968a5d,0,0,0,0,0,0,0,0,0,0,1
be5448cb-1c00-4463-b0d1-0bcb0a2ba4c1,0,0,0,0,0,0,0,0,0,0,1
be60cebb-9d9f-4640-b116-8bd3efcd29ac,0,0,0,0,1,0,0,0,0,0,0
be630ec4-be49-47c4-8442-f80fb19d7328,1,0,0,0,0,0,0,0,0,0,0
be64c9b8-3213-4842-8a57-c7e40b92b36b,0,0,0,0,0,0,0,0,0,1,0
be6c1bdb-fa78-4437-a6f5-c8724397a38d,0,0,0,0,1,0,0,0,0,0,0
be71c1ef-2727-416a-973e-cbb6065ef571,0,0,0,1,0,0,0,0,0,0,0
be756060-3a3b-4e7a-aa8c-221746cc45ba,0,0,0,0,1,0,0,0,0,0,0
be780497-4115-4cf4-882a-190b36af78d6,0,0,0,0,1,0,0,0,0,0,0
be7fb5b1-4ff4-4540-97c1-f1aa12fb348d,0,0,0,0,0,0,0,0,0,1,0
be8d0509-f3c4-4348-a826-f9dbfa9351eb,1,0,1,0,0,0,0,0,0,1,0
be925668-e12a-44cc-a432-a3e9d58d2290,0,0,0,0,0,0,0,0,0,1,0
be964cd7-fc9d-4555-8eb8-20c3f17d3119,0,0,0,0,0,0,0,0,0,1,0
be96e77b-0c4d-4abb-8f84-cee0d3f2300a,0,1,0,0,0,0,0,0,0,0,0
be987fbc-1b32-411c-a009-4fc0324533e5,0,0,0,0,0,0,0,0,0,0,1
be98cdf8-4ad2-4cf8-8b1a-764138cfdd42,1,0,0,0,0,0,0,0,0,0,0
be9e5499-30f3-41b6-91bd-a641bbf51d1d,0,0,0,0,1,0,0,0,0,0,0
bea6687d-dee2-43cc-abe2-bbdc6eafb5f0,0,0,0,0,0,0,0,0,0,1,0
beac192e-ed02-45b9-bd5e-e490eccf39c7,0,0,0,0,0,1,0,0,0,0,0
beb9417c-6b85-46b7-a84f-16c480bec667,0,0,0,0,0,0,0,0,0,1,0
bebb771f-f811-4361-a802-d857bc5cfb91,0,0,0,0,1,0,0,0,0,0,0
bec3d12c-66bf-48d7-8852-509b9ad7a9bd,0,0,0,0,0,0,0,0,0,0,1
becb9ce1-4d8b-4f6a-aba7-9d51bd3353b9,0,0,0,0,0,0,0,0,0,0,1
bece05c0-d157-40cc-b0b1-020165bdec27,0,0,0,0,0,0,0,0,0,1,0
bed4ce7a-6d97-417d-a01b-de57f3286b52,0,0,0,0,0,0,0,0,0,1,0
bed9c691-95df-42f6-ae99-bc0a6765603a,0,0,0,0,0,0,0,0,0,0,1
bee17dad-f77e-44b2-b9e2-8a0ad57921bd,1,0,0,0,0,0,0,0,0,1,0
bef55bcd-15ff-4d5d-bb1d-fb82d1524f07,0,0,0,0,0,0,0,0,0,0,1
befb2752-fbfb-416d-9e6d-38c9012538b8,0,0,0,1,0,0,0,0,0,0,0
bf182dcb-edb5-4bac-8ce6-2f391161496a,0,0,0,0,0,0,0,0,0,1,0
bf1ab588-4575-4185-9913-6cdfec5b333e,1,0,0,0,0,0,0,0,0,0,0
bf235583-3bf9-49de-9a96-9391b7a75d2f,0,0,0,0,1,0,0,0,0,0,0
bf2b52ae-7155-4f5f-bec9-17d19dc0c41d,0,0,0,1,0,0,0,0,0,0,0
bf310f6d-214e-4c1c-94ec-ddb0e959b6bf,0,0,0,0,1,0,0,0,0,0,0
bf3ed111-8d85-4c06-93f1-a8b9caea75f3,1,0,0,0,0,0,0,0,0,0,0
bf3f2256-5541-4388-aaed-3350a00bee60,1,0,0,0,0,0,0,0,0,0,0
bf452573-dc3b-427d-b2b4-e5f6e5c4e5ee,0,0,0,0,0,0,1,0,0,0,0
bf48fa5f-aa07-436d-8e38-08691fb9468d,0,0,0,0,1,0,0,0,0,0,0
bf57b540-12ea-423a-b0a8-d7eabf8a6b91,0,0,0,1,0,0,0,0,0,0,0
bf57df8c-b733-483c-8e13-e51407633ab9,0,0,0,0,0,0,1,0,0,0,0
bf59a2dc-1e7c-4675-88c3-49113e648026,0,0,0,0,0,0,0,0,0,0,1
bf5ab303-c080-4d79-a4bc-f0851a9153f3,0,0,0,1,0,0,0,0,0,0,0
bf642465-fc1c-4e64-81e6-9b1511f1c2f3,0,0,0,0,0,0,0,0,0,1,0
bf64bfcd-9deb-4f62-9bde-2e8d5187dde1,0,0,0,0,1,0,0,0,0,0,0
bf6ee369-1089-4bb0-aeab-9963bc29f7a0,0,0,0,1,0,0,0,0,0,0,0
bf79453b-8a45-4758-96f4-ad0d658bc65b,0,0,0,0,0,0,0,0,0,0,1
bf87046a-a9df-4714-aa0a-68c444aea951,0,0,0,1,0,0,0,0,0,0,0
bf8a3048-23c3-40fa-a1ad-cbe16db0d4ff,1,0,0,0,0,0,0,0,0,0,0
bf95406b-24b5-41d5-bb0b-eec74f3e4cd0,0,0,0,0,0,0,0,0,1,0,0
bf9eaeea-b94c-4a3a-bdd2-34573c156833,0,0,0,0,0,0,0,0,0,1,0
bfac972f-0a98-480f-80da-6fbaf3129017,0,0,0,0,1,1,0,0,0,0,0
bfaec74b-b49f-4dff-9ca8-afbca2ecee79,0,1,0,0,0,0,0,0,0,0,0
bfb52c3d-5c39-4459-8769-46eef4fa61e5,0,0,0,0,0,0,0,0,0,1,0
bfc69fc0-edb8-45ff-8308-4f6a1dd952e5,0,0,0,0,0,0,1,0,0,0,0
bfc940a5-af8f-47a5-a5ca-8a4a0e4b61b9,0,0,0,0,0,1,0,0,0,0,0
bfd20304-3fee-4c06-9447-d1eb6febd68b,0,0,1,0,0,0,0,0,0,0,0
bfdd50d4-42fb-4bf0-b809-413404386a73,1,0,0,0,0,0,0,0,0,0,0
bfe1d655-1e3b-4d4c-9490-040ee548535c,0,0,0,0,0,0,0,0,0,1,0
bfeb9560-99f7-4026-b876-a4c0053ded2f,0,0,0,0,0,0,0,0,0,1,0
bfed3afd-39bc-4bc7-ae6f-6a6a47419e2f,0,0,0,1,0,0,0,0,0,0,0
bffc6239-6703-48b8-9871-a338d046c438,0,0,0,0,0,0,0,0,1,0,0
c001cd38-2123-4c8d-86e3-5302e7810fe3,0,0,0,0,0,0,0,0,0,0,1
c0084bf1-3fa1-42dc-befa-64fb4b598ce0,0,0,0,0,0,0,0,0,0,1,0
c00c9a49-5755-4060-b6e0-d1ed58991215,0,0,0,0,1,1,0,0,0,1,0
c0152b72-60c5-4dd2-9b1d-f2295f04ebb8,0,0,0,1,0,0,0,0,0,0,0
c020b413-5d36-4345-a356-fe75f3064176,0,0,0,0,0,0,0,0,0,1,0
c020e77e-6d81-4bb0-9800-9c170a2492ab,1,0,0,0,0,0,0,0,0,0,0
c0359b11-848d-4ad2-8fe1-b420c3f77b50,0,0,0,0,0,0,0,0,1,0,0
c0396c30-4e52-4822-a672-bf213dfce8b7,0,0,0,1,0,0,0,0,0,0,0
c03a122b-acb3-4396-a3c2-bf2d00039760,0,0,0,0,1,0,0,0,0,0,0
c0475179-93b9-4e75-9ba2-ae3b80363cec,1,0,0,0,0,0,0,0,0,0,0
c04f44d6-ad8d-4d3b-90ba-2f598246b6b7,0,0,0,0,0,0,0,0,0,0,1
c05ab5e0-d180-467d-b112-b82f1734da7e,1,0,0,0,0,0,0,0,0,0,0
c067807a-ca37-41c8-86f1-1342921d8c27,0,0,0,0,0,0,0,0,0,0,1
c06b6da4-44ba-4cb5-8a54-368b7ad7c132,0,0,0,1,0,0,0,0,0,0,0
c06bf715-84c2-4fc2-b0e0-a397cae9dc11,0,0,0,0,0,0,0,0,0,0,1
c06fe942-37d4-4757-b2d8-bbceb3a720f3,1,0,0,0,0,0,0,0,0,0,0
c07b725f-369b-4b14-bb38-13faddaae71a,0,0,0,0,0,0,0,0,1,0,0
c0a4c1fb-1493-40f0-9b81-e3dac7f75209,0,0,0,0,0,0,1,1,1,1,0
c0a6df14-8dc4-409e-abb2-97321d13755e,0,0,0,0,0,0,0,0,0,1,0
c0a87030-7d40-4c2e-80af-9dd5f5301768,0,0,0,0,1,0,0,0,0,0,0
c0c22003-162c-4999-a19d-5c1c40412210,0,0,0,0,0,0,0,0,0,0,1
c0daa504-8140-48b9-931f-581884eb1aa5,1,0,0,0,0,0,0,0,0,0,0
c0e1ad95-c097-4f39-8616-e23fded1653d,0,0,0,0,0,0,0,0,0,1,0
c0e23dce-6e2e-4b55-b366-e239c7ad2aa3,1,0,0,0,0,0,0,0,0,0,0
c0e43b7d-c2cf-4a4f-a510-01ab35aefd4a,0,0,0,0,0,0,0,0,0,0,1
c0e806fe-3e3b-444d-91b9-19ef43aa3350,0,0,0,1,0,0,0,0,0,0,0
c0eec7ed-4742-4a28-9d9e-500addffe3c7,0,0,0,0,0,0,0,0,1,0,0
c0f5b3bf-f239-4b8c-83dd-a26d9a7f42c2,1,0,0,0,0,0,0,0,0,1,0
c0fa14dd-dc32-4836-80a0-b61aaa5ff824,0,0,0,0,1,1,0,0,0,1,0
c104aeec-76b6-43f1-9425-200ba3dd807a,0,0,0,0,0,0,0,0,0,0,1
c10ba90a-a68d-4bdf-ac0f-6272cbd90a67,0,0,0,0,1,0,0,0,0,0,0
c10bd0f6-4fc5-4c5f-b529-cd341fe39d15,0,0,0,1,0,0,0,0,1,0,0
c10efb51-bf90-43ea-9751-ea6138b34ac7,0,0,0,0,1,0,0,0,0,0,0
c115b09a-a814-46e9-bbfe-7879c8a4f591,0,0,0,0,0,0,0,0,0,0,1
c11bf22e-187a-4c4e-b774-64c5f7ecdacf,0,0,0,0,0,0,0,0,1,0,0
c127f504-e549-4fcf-ba52-70c8a7dbc4e0,0,0,0,0,0,0,0,0,0,0,1
c128a98a-fb66-40e1-ad7a-2064c710deca,0,0,0,0,0,0,0,0,0,1,0
c130d751-677d-41b6-aa56-85378c81d215,0,0,0,0,0,0,0,0,0,0,1
c1310d5d-89c1-4aba-920d-7d319d3e00ea,0,1,0,0,0,1,0,1,1,0,0
c1339987-13af-431c-b313-f58aa9e06227,0,0,0,0,0,0,0,0,0,1,0
c13e49c4-c18e-4ddf-a403-7116562af140,1,0,0,1,0,0,0,0,0,0,0
c1417974-3a0d-44d5-9cfa-3a4fdb3a7a56,1,0,0,1,0,0,0,0,0,0,0
c148ad8f-0ec1-4961-9995-445231b04ada,0,0,0,0,0,0,0,0,0,0,1
c148c0b7-3b53-4253-a661-6f4d57b7ce92,0,0,0,0,0,0,0,0,1,0,0
c14b1b8f-2888-4d04-b1d1-5a60ef22f67a,1,0,0,0,0,0,0,0,0,0,0
c14c7bc6-4852-45ba-b385-3c67dd66964b,0,0,0,0,0,1,0,0,0,1,0
c1635ea4-9fa1-49da-8540-cd9e0bb9b6b1,0,0,0,0,1,0,0,0,1,0,0
c1651fc2-ee04-4ab5-a6b2-8370871c3a3e,0,0,0,0,0,0,0,0,0,0,1
c16b757d-733e-4832-91cd-c167122db4fb,0,0,0,0,0,0,0,0,1,0,0
c17033f5-f194-4bc4-a1cd-5e6a91505ffd,0,0,0,0,1,0,0,0,0,0,0
c1753218-6ded-4354-af99-e9b261ed9c77,0,0,0,1,0,0,0,0,0,0,0
c1787679-545d-4127-9277-9fd2df6a1326,0,0,0,1,0,0,0,0,0,0,0
c17fb01f-262d-4a01-8dd1-e6754f63ee67,0,0,0,0,0,0,0,0,1,0,0
c1854204-7664-444c-b65a-8160c0a333c0,0,0,0,0,0,0,0,0,0,1,0
c19e4f1e-4492-4ecc-afcb-bed4b97a94bf,0,0,0,0,0,0,0,0,0,1,0
c1a2d441-6229-4e05-a894-1d70acf8cbcd,1,0,0,0,0,0,0,0,0,0,0
c1ba2398-f27a-455a-9a3f-51949ca8e4ed,0,0,0,0,1,0,0,0,0,0,0
c1bc32ae-1f46-4172-874a-e79334b59bc4,0,0,0,0,1,0,0,0,0,0,0
c1c4d6db-8387-4d72-be5b-4f41522b7bfe,1,0,1,0,0,0,0,0,0,0,0
c1c50f36-fcf8-4ad4-9fcc-2a4109984943,0,0,0,0,0,0,0,0,0,1,0
c1c9249c-ee48-47b6-83d9-c9b6efbfe752,0,1,0,0,0,0,0,0,0,0,0
c1cd2897-b503-48a4-ab59-6154597dbdf8,0,0,0,0,0,0,0,0,0,0,1
c1d22df4-439d-43ba-95cb-1155e3b4c515,1,0,0,0,0,0,0,0,0,0,0
c1d4685e-d59a-4085-b3d3-80a33b96d694,0,0,0,0,0,0,0,0,0,0,1
c1d7819c-b490-4f0b-91aa-273d67a3b68c,0,0,0,1,0,0,0,0,0,0,0
c1ddfd27-9250-496a-be09-f3508b696c7c,0,0,0,0,0,0,0,0,0,1,0
c1f17f43-1745-4268-bedf-65934da99d38,0,0,0,0,0,0,0,0,0,0,1
c1f1b5ab-f03c-44ba-b467-f513a5f86873,0,0,0,0,1,0,0,0,0,0,0
c1f4cbb9-78f3-4d91-9723-2315345e36eb,0,0,0,0,0,0,0,0,0,0,1
c1f4ee63-9f5b-46dc-975a-c36a406e15b2,0,0,0,0,1,0,0,0,0,0,0
c1fdb522-2a7f-4dca-a1de-28985f62ecca,0,0,0,0,1,0,0,0,0,0,0
c2034de1-858f-47a6-978c-4f85b3794262,0,0,0,0,0,0,0,0,0,0,1
c20f90d3-ff98-415a-a9f9-5338606912f8,0,0,0,0,0,0,0,0,0,0,1
c2115f2a-5769-456f-8214-4ab0b16792f0,0,0,0,0,0,0,0,0,0,0,1
c2182ffe-6f89-4114-8b58-97a8e18a0ccf,0,0,0,1,0,0,0,0,0,0,0
c21a4f1b-51a2-49ec-884a-f39bde77b280,0,1,0,1,0,0,1,0,1,0,0
c21c333f-b535-4c6c-9b16-67b17bbfc251,0,0,0,0,0,0,1,0,0,0,0
c2214322-4580-4230-989a-12caaadb3424,0,0,0,0,1,0,0,0,0,0,0
c2350919-cb89-4b9c-8ab6-fc75958ac3c8,0,0,0,0,0,0,0,0,1,0,0
c24487ce-f379-4b5a-b16c-fce5d10cdeb1,0,0,0,0,0,0,0,0,0,0,1
c2459494-54b3-4e4d-94fa-b673e25407b1,0,0,0,0,0,0,0,0,1,0,0
c24c51fa-a3ea-4472-9e43-4985be324acd,0,0,0,0,0,0,1,0,0,0,0
c24c75bf-371c-4ae7-bbeb-128aa2261549,1,0,0,0,0,0,0,0,0,0,0
c24caea0-0d72-4733-acc6-3bdee70c9100,0,0,0,0,1,0,0,0,0,0,0
c2563fbc-349e-4fc4-8e1b-efc406309531,0,0,0,0,1,0,0,1,1,0,0
c26a4375-9f63-481d-a0ef-7710cf272c0d,0,0,0,0,1,0,0,0,0,0,0
c26f7083-1ae1-4e76-8de2-9f28bea6d20d,1,0,0,0,0,0,0,0,0,0,0
c27259fc-225e-4ff7-b95c-746337715d71,0,0,0,0,0,0,0,0,0,1,0
c27869a3-483c-4dc3-9e10-cdaa10838605,0,0,0,0,1,0,0,0,0,0,0
c278aec1-a0ee-4ec4-b4bc-717f31214c58,0,0,0,0,0,0,0,0,0,0,1
c2803662-410f-4f56-bdd7-f320735e476f,1,0,0,0,0,0,0,0,0,1,0
c285115b-8cd0-4d9f-9e2d-9cc03d87a990,0,0,0,0,0,0,0,0,0,0,1
c28d9d6e-db0b-4610-97a5-066f081e7a82,0,0,0,0,1,0,0,0,0,0,0
c29394a5-27ae-441d-9c63-3701cc647b33,0,0,0,0,0,0,0,0,0,0,1
c296be91-db00-4b53-8531-0ecbbbf57cb8,0,0,0,0,1,0,0,0,0,0,0
c29755fb-7a58-418d-a507-382e753cc7b3,0,0,0,1,0,0,0,0,0,0,0
c2998ebd-25e2-41ed-9064-f952532edb29,0,0,0,0,0,0,0,0,0,1,0
c2a536c6-3706-4817-81f9-496f4c910adf,1,0,0,0,1,0,0,0,0,0,0
c2a8c66b-c6af-4459-b3ea-e1c8b80fca5d,0,0,0,1,0,0,0,0,0,1,0
c2c23af6-c872-4b4c-ac9c-e23675698b18,0,0,0,1,0,0,0,0,0,0,0
c2c977ec-2b7f-4d62-a9c3-58cfa065af16,0,0,0,0,1,0,0,0,0,0,0
c2e1789a-7f24-4d3d-9398-fd92ef65f4a7,0,0,0,0,1,0,0,0,0,0,0
c2e48425-e69c-448c-b380-10a70c0a9ea2,0,0,0,0,0,0,0,0,0,0,1
c2e88871-1340-45b5-a016-2f2410241991,0,0,0,0,0,0,0,0,0,0,1
c2ee2b9a-8979-47d9-8000-2cbfff259383,0,0,0,0,0,0,0,0,0,0,1
c2fe9cea-1eed-47d1-82ef-ffc9ec5bc97e,0,0,0,0,1,0,0,0,0,0,0
c2ffb147-defd-4ece-ad52-c8015f0ccea0,0,0,0,0,1,0,0,0,0,0,0
c304d97d-4ee7-46ae-9108-9ecc9ba14593,0,0,0,0,0,1,0,0,0,1,0
c3084419-8452-4a90-9e03-c0b55252c552,0,0,0,0,0,0,0,0,0,0,1
c31d5894-c665-419b-b962-969df275e8c7,0,0,0,0,0,0,0,0,0,0,1
c3264a01-7e69-4ab9-ba28-f90f95b5ec4d,0,0,0,0,1,0,0,0,0,0,0
c3292e26-fc05-42ba-adfa-d7875ed22fce,0,0,0,0,0,0,1,0,0,0,0
c32d798d-9324-42fc-848d-e96c6be94b7f,0,0,1,0,1,0,0,0,0,1,0
c33a22e3-1eed-4c20-bca0-3363a0d38835,0,0,0,0,1,0,0,0,0,0,0
c352eaa7-a84b-48b7-8b4e-74c48936c35b,0,0,0,0,1,1,0,0,0,0,0
c357eae7-5640-4952-b13a-0c17c606f084,0,0,0,0,0,0,0,0,0,1,0
c3583c25-b4a1-425a-8c03-b1f82099e01e,0,0,1,1,0,0,0,0,0,1,0
c374c661-4129-4a8a-8d13-272b2a51f49f,0,0,0,1,0,0,0,0,0,0,0
c38a91ca-6e76-4ee4-86a8-21f7404be8b0,0,0,0,0,0,0,0,0,0,1,0
c38e0ce2-199b-479d-bae4-031ee6a1babc,0,0,0,0,1,0,0,0,0,0,0
c38ea019-e743-4330-a521-7554195e37ce,0,0,0,0,0,1,0,0,0,1,0
c38f088e-084c-4da8-9d1f-4a374186b7b3,0,0,0,0,0,0,0,0,0,1,0
c393d625-473e-44a1-a73b-abae29932333,1,0,0,0,0,0,0,0,0,0,0
c396a1e0-4f28-4b0b-ba63-7da95b26e811,0,0,0,1,0,0,0,0,0,0,0
c39d7c74-af6b-4422-a7be-e4e908da1886,1,0,0,0,0,0,0,0,0,0,0
c3a0dea9-3499-4508-904d-a6af6b3f8b9c,0,1,0,0,0,0,0,0,0,0,0
c3a2d825-7389-483c-8ac4-0986f1667718,0,0,0,1,0,0,0,0,0,0,0
c3a82f25-e5c7-48c6-b8d3-89ce6bcd349d,0,0,0,0,1,0,0,0,0,0,0
c3b0d31d-a573-46b0-917d-06559323c926,0,0,0,0,0,0,0,0,0,1,0
c3b54984-4fda-4b82-8a00-4f810290803c,0,0,0,0,0,1,0,0,0,1,0
c3bda1a0-bef0-4db8-a801-4bf54ece957d,0,0,0,0,0,0,0,0,0,0,1
c3be12be-0e98-4916-b5ca-ac0c92841b41,0,0,0,0,0,0,1,0,0,0,0
c3c17b1e-834e-4fd6-b72d-331603083e27,0,0,0,0,0,0,0,0,1,0,0
c3c22056-c2e5-4abb-abaa-f59a2c9181d2,0,0,0,0,0,0,0,0,0,0,1
c3c4777e-f2c9-4ba2-90bd-7c376d47f909,0,0,0,0,1,0,0,0,0,0,0
c3ccf5aa-f051-4862-807d-3fb356683e14,0,0,0,0,0,0,0,0,0,1,0
c3e22564-551f-4577-82cd-e9ba2f42d6dd,0,0,0,0,0,1,0,0,0,0,0
c404e1f7-064f-406d-8c25-64026710f074,0,0,0,0,0,0,0,0,0,0,1
c407e5b5-b23d-4930-a359-ae6312f5596b,0,0,0,0,1,1,0,0,1,0,0
c40c4cb7-d297-4653-92c9-2f45cbb4bd5e,0,0,0,0,0,0,0,0,1,0,0
c4197b89-3d64-4101-8fea-360c5844a0bc,0,0,0,1,1,0,0,0,0,1,0
c42a39fa-104e-47e0-a190-ad34f53ba3bf,0,0,0,0,1,0,0,0,0,0,0
c42bb9fd-236e-4210-9616-e25e487dc815,1,0,0,0,0,0,0,0,0,0,0
c430bb2f-2755-42c0-a501-1f255e25936d,0,0,0,0,0,0,0,0,0,0,1
c433daac-4e23-4035-81a4-bf22d20b9516,0,0,0,0,1,0,0,0,0,0,0
c43b1c8c-b81a-4f27-a0c0-69558ddc1f7c,0,1,0,0,0,0,0,0,0,0,0
c44453e3-a8a3-4a7a-9803-cca3ceef7a19,0,0,0,1,0,0,0,0,0,0,0
c446615b-dc05-4c28-b586-4bd0d9da2d5d,0,0,0,0,0,0,0,0,0,1,0
c44d31c1-1a7e-47c3-934d-3add07ce73d1,0,0,0,0,0,0,0,0,0,1,0
c4561fbd-ab91-4716-baf3-c75b3e66d1df,0,0,0,0,0,0,0,0,0,0,1
c45a9f9c-89b6-4535-a9fd-82c4eedda4e5,0,0,0,0,0,1,0,0,0,0,0
c45e86ff-12d0-494a-8404-f754e1372109,0,1,0,1,0,0,1,0,0,0,0
c46345e1-66ea-4251-8f34-407950d2e95c,0,0,0,0,1,0,0,0,0,0,0
c46a872a-0c8e-4053-8cdc-472f38219aae,0,0,0,0,0,0,0,0,0,1,0
c4704c76-69fe-4559-9550-f1ce9f06b426,0,0,0,0,0,0,0,0,0,0,1
c4742d7b-11c0-4123-a275-8c13bf688209,0,0,0,0,1,0,0,0,0,0,0
c47f8197-c315-44b0-b778-9ed4c28fcb65,1,0,0,0,0,0,0,0,0,0,0
c48346a0-c8ab-49b1-bd3f-fc1430e48c39,0,0,0,0,0,0,0,0,1,0,0
c4875791-c405-474c-b165-32584c03ba62,0,0,0,0,0,0,0,0,0,0,1
c49af4a6-152c-478f-8c8b-af275488d25e,1,0,0,0,0,0,0,0,0,0,0
c4a1fff5-c37b-4417-827b-dae7ba3cad04,0,0,0,1,0,0,0,0,0,0,0
c4a718da-2565-4a5e-aaaf-939be73fcd62,0,0,0,0,0,0,0,0,0,0,1
c4aacc68-1a1d-4596-b1aa-e42dcd48980e,0,0,0,0,0,0,0,0,0,1,0
c4ad90cf-c69e-481f-8976-af9c9ee5548d,0,0,0,0,0,0,0,0,0,0,1
c4b7861e-acbc-46ea-8ba8-70e6a2af96b3,0,0,0,1,0,0,0,0,0,0,0
c4c163d7-ecde-4fd1-bd17-265e72641722,0,0,0,0,0,0,1,0,0,0,0
c4dae4f6-db20-4ea6-b5ae-2d2ed965c619,0,0,0,0,1,0,0,0,0,0,0
c4ded016-415b-40fd-bb6f-31b0f9345bc8,0,0,0,0,0,0,0,0,0,0,1
c4e4a2a1-c9de-42e3-ab27-ff4726f3d463,0,0,0,0,1,0,0,0,0,0,0
c4ec4aef-4b19-4c5e-ba49-81eaea9ed887,0,0,0,1,0,0,0,0,0,0,0
c51b66a8-7d9c-4fa1-8a4b-08f796e2009f,1,0,0,0,0,0,0,0,0,0,0
c5323fe4-5009-4597-b2c3-81d1819fc3b5,0,0,0,0,0,0,0,0,1,0,0
c5327390-1d34-4a32-a45a-bb724a1b41c8,0,0,0,0,1,0,0,0,0,0,0
c532f352-4071-46be-aaab-3b58fcd56787,1,0,0,0,0,0,0,0,0,0,0
c535761c-9c64-46c9-918d-d5da911f96ed,0,0,0,0,1,0,0,0,0,0,0
c53a4fe0-eb29-4718-b928-9452a644e757,0,0,0,0,1,0,0,0,0,0,0
c53c7ec2-b1a5-4662-b0ff-588ffbd9cc5f,0,0,0,0,1,0,0,0,0,0,0
c5401d1a-a653-44f9-8c8d-9cdf83b965ed,0,0,0,0,1,0,0,0,0,0,0
c5497327-04ab-4564-ae67-b3fb947b2d1d,0,0,0,1,0,0,0,0,0,0,0
c54e3cbe-6839-4c14-bfe5-9f909ad28959,0,0,0,0,1,0,0,0,0,0,0
c55404d9-77af-4658-a75b-2b6c28e090fc,0,0,0,0,0,0,0,0,0,0,1
c5598c60-3d09-4898-b43f-89ca10398e19,0,1,0,1,0,0,0,0,0,1,0
c55d1f45-b5cc-46de-a36e-8c0cd866808c,0,0,0,1,0,0,0,0,0,0,0
c55d240e-0585-483b-8482-f374ee0c1edd,1,0,0,0,0,0,0,0,0,0,0
c55f14e0-9850-4a5c-b3b2-9c812133b34f,0,0,0,0,1,0,0,0,0,0,0
c56d9449-3015-4f0a-8a1d-3fa4a080e44c,0,0,0,0,0,0,1,0,0,0,0
c56e5d80-fcca-4df7-99a9-a3b233db5e0b,0,0,0,0,1,0,0,0,0,0,0
c5707d15-063d-4235-bd33-754e740ed456,0,0,0,0,0,0,0,0,0,1,0
c5733ac0-b5ef-4db9-9daa-accbdcaf8c5c,0,0,0,0,0,0,0,0,0,0,1
c581c33d-c8aa-4cfb-ab17-63abe3893082,0,0,0,0,0,0,1,0,0,0,0
c5842f5c-a5ab-4cdc-be2d-a200dd7105ea,0,0,0,0,0,1,0,0,0,1,0
c5920535-0b9e-4fde-9fab-f2ddcc37dbd5,0,0,0,0,0,0,0,0,1,0,0
c5999f07-243b-499c-a105-b7566cc5c081,0,0,0,0,1,0,0,0,0,0,0
c59b57a5-d15c-4efe-b22d-21038087da3d,0,0,1,0,0,0,0,0,0,0,0
c5a4a853-bb18-4409-b025-07cb92df318f,0,0,0,0,0,0,0,0,0,0,1
c5b7d656-929f-4261-843f-9916d320e62d,0,0,0,0,0,0,0,0,0,0,1
c5bcd5bf-a03e-40b1-9f61-947e58b38ad2,0,0,0,0,0,0,1,0,0,0,0
c5c10a7e-8c85-494a-b80d-9e72ee34497e,0,0,0,0,0,0,1,0,0,0,0
c5c14139-986b-45d0-bf75-d251f82a3731,1,0,0,0,0,0,0,0,0,0,0
c5c7ac31-7630-453d-b937-b26bf068f069,0,0,0,0,1,0,0,0,0,0,0
c5c9d5ba-57a5-4780-8c56-e5aca269708a,0,0,0,0,1,0,0,0,0,0,0
c5cea1cc-ec8a-4468-a132-60010b7301f2,0,0,0,0,0,0,1,0,0,0,0
c5dd2aeb-1d6f-4bef-b979-f69788360131,0,0,0,0,1,0,0,0,0,0,0
c5ebd585-8b18-48ca-9d14-42a3ba0f82b2,0,0,0,1,0,0,0,0,0,0,0
c5f88ef4-3a7b-4a9b-8601-e0e6f3810340,0,0,0,0,1,0,0,0,0,0,0
c6025cf1-137e-41eb-a8f0-4a05f0864d2f,1,0,0,0,0,0,1,0,0,0,0
c6090c46-274d-4658-b67c-891b99b445fb,0,0,0,0,0,0,0,0,0,1,0
c60edb16-2ebb-4cad-9636-cf3171f51e88,0,1,0,1,1,0,0,0,0,0,0
c60f06b0-9b45-45ba-853a-4aae087555aa,0,1,0,0,1,0,0,0,0,0,0
c61ff809-1e06-4f6c-a07f-7007850ece11,0,0,0,0,1,0,0,0,0,0,0
c62b2eaf-e1ba-4acf-a719-933f5ce75cf6,0,0,0,0,0,0,0,0,0,0,1
c633a3be-dc0c-4231-812f-e4e019559fc2,0,0,0,0,0,0,0,0,0,0,1
c637d382-88fd-471f-914a-2d47598d74c3,1,0,0,0,0,0,0,0,0,0,0
c63bdba7-22c3-468d-8b94-bdf4fbc3ac2f,0,0,0,0,0,0,0,0,0,1,0
c643e71a-fe3a-4890-9f5d-c2991f2d9b4a,0,0,0,1,0,0,0,0,0,0,0
c6567191-edaf-4053-a6e4-06458b8bd8a8,1,0,0,0,0,0,0,0,0,1,0
c656a306-d0b8-4ef3-8939-82f39f8884b2,0,0,0,0,1,0,0,0,0,0,0
c658f41a-14a5-472a-af00-193bab4cf461,0,0,0,0,0,0,0,0,0,0,1
c672bad8-b223-4db2-a026-e5167eed40f1,0,1,0,0,1,0,0,1,0,1,0
c6744fe1-ed10-4fd1-a661-553571d66ce6,0,0,0,0,1,0,0,0,0,0,0
c6747bf9-dbd7-4f36-85f3-5b159e4f17b0,0,0,0,0,0,0,0,0,0,1,0
c6780cc6-671a-4a79-aa53-e3acd252aaef,1,0,0,0,0,0,0,0,0,0,0
c6802046-d468-4ca9-b15b-8765119cc279,0,1,0,1,0,0,0,1,1,1,0
c6816b4b-08df-4d6d-b316-07d0f23058f5,1,0,0,0,0,0,0,0,0,1,0
c682a36b-2f6e-4df1-ae7b-82286cf3de10,1,0,0,0,0,0,0,0,0,0,0
c69ef2bb-acd4-4be6-afaf-a45aea59d73d,0,1,0,0,0,0,0,0,0,0,0
c6aefbe6-8e66-4381-8aea-3e40efb74ec2,0,0,0,1,0,0,0,0,0,0,0
c6c91f8d-8edc-433b-ad4e-5af32a18799b,0,0,0,0,0,0,0,0,0,0,1
c6cc1824-cb03-40e3-be90-d19e8ee0ac38,0,0,0,0,0,0,0,0,0,0,1
c6e0e69c-578e-4293-8adb-277fe6ec47b2,0,0,0,0,1,0,0,0,0,0,0
c6f0b843-c551-41a1-9b0d-b6f1b456f965,0,0,0,0,0,0,0,0,0,1,0
c6f1b183-e38f-48c0-a667-13303bc40a24,0,0,0,0,1,0,0,0,0,0,0
c6ff6918-958a-44ac-af70-68eccf5a7f38,0,0,0,0,0,0,0,0,0,1,0
c708a71c-79da-4d00-abc3-56e5c87adc6e,0,0,0,0,0,0,0,0,0,1,0
c70b6279-116c-4a1b-b744-8e2cfbbfdc44,0,0,0,0,0,1,0,0,0,1,0
c712981d-8752-4829-adad-824a0e923fac,0,0,0,1,0,0,0,0,0,0,0
c7142ff5-fdf3-4a7e-8807-78d9d75f7127,0,0,0,0,1,0,0,0,0,0,0
c716d360-4d24-4d7c-aa97-eb822ea2b3a8,0,0,0,1,0,0,1,0,0,0,0
c71f52da-9f67-4f7d-8857-5d8a97bc15d4,0,0,0,0,0,0,0,0,0,1,0
c73127fa-353f-4739-ba42-9c33db6ab43a,0,0,0,0,1,0,0,0,0,0,0
c7322c20-2c8f-4fcd-9449-5c23f9983964,0,0,0,0,0,1,0,0,0,0,0
c7339eb8-28c7-4736-9474-0f456fce4d65,0,0,0,0,1,0,0,0,0,0,0
c73af164-58e1-4001-a8a6-553419da6acb,0,0,0,0,1,0,0,0,0,0,0
c740bf75-67eb-4de2-a824-3f55e6528919,1,0,0,0,0,0,0,0,0,0,0
c7425776-5d7d-440e-8d4d-3226fdff8854,1,0,0,0,0,0,0,0,0,0,0
c75a02d8-1069-4b8a-bd8b-a216d65c8fcb,0,1,0,1,1,0,0,0,0,0,0
c75d7cd7-f298-434e-9a91-90afe2ecef6a,0,0,0,0,0,0,0,0,1,0,0
c762dbd4-1204-4c42-a85b-afea5603083a,0,0,0,0,0,0,0,0,0,1,0
c76d120d-f466-4737-9ff7-dba4f6a9c3a5,0,0,0,0,0,0,0,0,1,0,0
c77a96c5-6dfe-4601-aa92-ad9769ab1414,0,0,1,0,0,0,0,0,0,1,0
c78447e3-a482-4c01-9800-213162a07849,0,0,0,0,0,1,0,0,0,0,0
c78be734-0a8e-4d1b-a302-953092e8dddf,0,0,0,0,1,0,0,0,0,0,0
c791cdd9-e2bf-4741-a998-479f8818a938,0,0,0,0,0,0,0,0,0,0,1
c7ad48ca-2944-48aa-8fde-6c454172ff56,0,0,0,0,1,0,0,0,0,0,0
c7bb42c1-fb94-4c9f-97b7-ecf31f833c60,0,0,0,0,1,0,0,0,0,0,0
c7c03da5-8e39-4cbb-8451-69ee72c9ce68,0,0,0,0,1,0,0,0,0,0,0
c7caa23a-ba89-4e1e-a4a0-d5dbb1978936,0,0,0,0,1,0,0,0,0,0,0
c7d1f404-0dbc-4a28-ba3e-85d72a710c33,0,0,0,1,0,0,0,0,0,0,0
c7dc01a1-9aa5-4d23-87cc-125cedf36ee9,0,0,0,0,0,0,0,0,0,0,1
c7e1d844-3e67-4d7a-a2f1-cad98400d028,0,0,0,0,1,0,0,0,0,0,0
c7e4dc03-baec-4403-aabf-7a9b36f55c42,0,0,0,1,0,0,0,0,0,0,0
c7e532a2-9d54-4347-8bd1-d124847f833e,0,0,0,0,0,0,0,0,0,0,1
c7eec46c-f6d8-4594-aba7-4f8b22b3a34b,1,0,0,0,0,0,0,0,0,0,0
c8157deb-f5df-4818-a2f9-036512b98ba6,0,0,0,0,0,0,0,0,0,0,1
c8163de6-7369-46ba-8653-2e4500c993b9,0,0,0,1,0,1,0,0,0,1,0
c82b22e1-7534-4529-ac90-9956e5185c84,0,0,0,0,0,1,0,0,0,0,0
c82f0761-1805-49af-82ce-43d59bbf8604,0,0,0,0,0,1,0,0,0,1,0
c8305e89-a443-479e-aa6f-1a8178986c4e,1,0,0,0,1,0,0,0,0,0,0
c835b391-c564-43f2-8104-af8981ccc7d2,0,0,0,0,1,0,0,0,0,0,0
c836630c-f861-48f2-ac6c-25436f6aaef3,1,0,0,0,0,0,0,0,0,0,0
c83bf5ec-7f9e-44ed-8ad7-b5bcd1513f19,0,0,0,0,0,0,0,0,0,0,1
c84a406d-6a0a-40b3-a065-6a7890ca1985,0,0,0,0,0,0,0,0,1,0,0
c84c2c3a-47d9-4ac9-aeed-1d758ddb7284,0,0,0,0,0,0,0,0,0,0,1
c84d7d97-2124-4e4e-9e0d-80b3286b5044,0,0,0,0,0,0,0,0,0,0,1
c84fef8c-dd7a-42cc-9c95-ffb7a6ccb63b,0,0,0,0,0,0,0,0,0,0,1
c850c5e4-cf55-4015-9b00-d93e672ee111,0,0,0,0,0,0,1,0,0,0,0
c85dc18d-271f-4cea-be18-d7b700cf1689,1,0,0,0,0,0,0,0,0,0,0
c865c327-8d52-4bdb-be42-2319091d79df,0,1,0,0,1,0,0,0,0,0,0
c86933d1-93ae-46eb-b71f-8d6077b275c6,0,0,0,1,0,0,0,0,1,1,0
c86b3208-9b6d-47f6-b5af-8638bc191b2d,0,0,0,1,0,0,0,0,0,0,0
c8794b26-04e6-4b9d-8436-542a9fbf6ee7,1,0,0,0,0,0,0,0,0,0,0
c88c8d4e-c9b9-42ff-836b-d897c346a1bf,1,0,0,0,0,0,0,0,0,0,0
c897f8da-89e2-4bdd-bcd9-4daef8b91aa6,0,0,0,0,0,0,0,0,0,1,0
c89ac978-75b9-4d7e-8c05-7316747d9606,0,1,0,0,0,0,0,0,0,0,0
c8a15a2b-534c-4343-b293-f9f62d28a97e,0,0,0,0,0,0,0,0,0,0,1
c8a60e82-f873-4552-9581-7443d87bd9ce,0,0,0,0,0,1,0,0,0,0,0
c8b2d326-328d-40f7-ac74-80920610f806,0,0,0,0,0,0,0,0,0,1,0
c8b60f98-b10a-45b9-b452-24ed850729af,0,1,0,0,1,1,0,0,0,0,0
c8be692f-1d8c-4670-ad4f-11a9ad46c30e,0,0,0,0,0,0,0,0,0,1,0
c8d1731e-2813-4bd3-99ed-8ec17e0a96f9,0,0,0,0,1,0,0,0,0,0,0
c8daddbf-be28-4ccb-830e-309cda31495b,0,0,0,0,0,0,0,0,0,1,0
c8db5d56-d432-47b2-8954-f2883a5de88f,0,0,0,0,1,0,0,0,0,0,0
c8dcdac9-0517-474e-933c-c093501c43ee,0,0,0,0,1,0,0,0,0,0,0
c8e7832b-5d88-4e51-962d-611cbe86da34,0,0,0,1,0,0,0,0,0,0,0
c8ef45d5-e788-4bce-b321-b025fec6f8d0,0,0,0,0,0,0,0,0,1,0,0
c9127108-b84b-4be3-8ad6-7d766caaf210,1,0,0,0,0,0,0,0,0,1,0
c9154aad-d1bc-487a-a29f-8802fd02c11e,0,0,0,0,0,0,0,0,0,0,1
c91d0742-d191-4a02-b066-3367917e66dd,0,0,0,0,0,0,0,0,0,0,1
c930a0db-9a56-469e-95bd-8963ff31cbf2,0,0,0,0,0,0,0,0,1,0,0
c935e7f0-5616-4fd1-a507-1ca90188802a,0,0,0,0,1,0,0,0,0,0,0
c9403be6-136a-43cf-818f-c685f61b5af8,0,0,0,0,0,0,0,0,1,0,0
c94773c2-7d67-4272-94e8-9ef1fb584302,0,0,0,0,0,0,0,0,0,0,1
c9598063-0dab-4dfe-9bb9-ada89312093c,0,0,0,0,1,0,0,0,0,0,0
c95ae9cc-3988-4cff-a930-cda5bbd52ebe,0,0,0,0,0,0,0,0,0,0,1
c95ccf5e-c358-4668-b862-6beeaccc0f44,0,0,0,0,1,0,0,0,0,0,0
c95ea15f-18a1-4549-bf3a-f6d7283544b0,0,0,0,0,1,0,0,0,0,0,0
c96ce6f9-2ecf-4e7d-bf79-d0da9ca4cca1,0,0,0,0,0,0,0,0,0,1,0
c9715189-fdbc-43b7-b25d-d371808db8fe,0,0,0,0,0,0,0,0,0,1,0
c97a7883-48ae-404c-8da3-e591e5395aa0,0,0,0,0,0,0,0,0,0,1,0
c97f9f35-0cec-4f00-bdc7-bda15a80c61d,0,0,0,0,0,0,0,0,1,0,0
c98046fd-51be-4566-8458-7db4fbcafdf1,0,0,0,0,0,1,0,0,0,0,0
c98823fc-a1a5-4c12-b134-72c24f0c71dd,0,0,0,1,0,0,1,0,0,0,0
c98dc170-2e5d-4c57-9872-8e7c3aceeac5,0,0,0,0,1,0,0,0,0,0,0
c9901028-a75a-4738-8a70-7fac1dd5ad02,0,0,0,0,0,0,0,0,0,1,0
c9902c06-e969-44d9-a169-863acdb9d50d,0,0,0,0,0,1,0,0,0,0,0
c9947470-63cd-4a4c-ac1e-c38e9555de54,0,0,0,0,0,0,0,0,1,0,0
c99c589e-f8ce-417c-a02c-e316b50e8a12,0,0,0,0,0,0,0,0,0,1,0
c9a12e52-789b-4835-9353-43cbc418b4b2,0,0,0,1,0,1,0,0,0,0,0
c9a1b951-604b-4e27-978f-253acbe3178f,0,0,0,0,1,0,0,0,0,0,0
c9a75265-069d-438e-af28-578101b66d63,0,0,0,0,0,0,0,0,0,1,0
c9aff228-c838-49d0-bfd5-7307061cc6d5,1,0,0,0,0,0,0,0,0,0,0
c9b4c97a-3904-4e71-9698-f7ecc6abfdea,0,0,0,0,0,0,0,0,0,1,0
c9b8cdfc-6ddf-488d-ab1f-bfb6889a3eab,0,0,0,0,1,0,0,0,0,0,0
c9bcb708-047b-48d2-97f3-548ab293a22e,0,0,0,0,0,0,0,0,1,0,0
c9c2cf48-e782-4bb8-be13-758e5bf29dfa,0,0,0,0,0,0,1,0,0,0,0
c9c8faf3-5413-40a7-8c0d-a94febd04971,0,0,0,0,1,0,0,0,0,0,0
c9cb1f52-9446-49c9-aebe-40721efff97d,0,0,0,0,0,0,0,0,0,1,0
c9cb93d2-a138-4be4-b5e4-cc21486c7730,1,0,0,0,0,0,0,0,0,0,0
c9ccc90f-8e8c-48af-bd62-9c1ca1252694,0,0,0,0,0,0,0,0,0,0,1
c9ec17ec-c5f8-4831-8dab-7d9ab4c82700,0,0,0,1,0,0,0,0,0,0,0
c9edd2b8-6bde-4995-88ed-3b26eb6c03cf,0,0,0,0,1,0,0,0,0,0,0
c9f08745-a8c8-4611-a0b3-38258d4833d4,0,0,0,0,1,0,0,0,0,0,0
ca02ecbb-cfe5-40eb-a7dd-e12efba08768,0,0,0,0,0,0,0,0,0,1,0
ca0ce092-0aed-49cb-93b0-86c3000a6e54,0,0,0,0,1,0,0,0,0,0,0
ca1cb403-f30b-477e-ae36-c7f1f9090621,1,0,0,0,0,0,0,0,0,0,0
ca2a1ae2-4dee-44fc-b5ce-2af761aae379,0,0,0,0,1,0,0,0,0,0,0
ca2e056e-16c1-48d0-b487-a48843085c78,0,0,0,0,1,0,0,0,0,0,0
ca327db8-5565-4657-b746-b4e198707bcd,1,0,0,0,0,0,0,0,0,0,0
ca34fa08-d1a0-4a90-8b9f-487f094cd277,0,0,0,0,1,0,0,0,0,0,0
ca37a886-c245-4f04-8ca8-be8003839b4e,0,0,0,0,1,0,0,0,0,0,0
ca45db0a-8213-4a58-bb84-7ffd1b2e561e,0,0,0,0,0,0,0,0,0,0,1
ca553928-c3c1-4c68-a68e-d7244ec192e7,0,1,0,0,0,0,0,0,0,0,0
ca56b787-cb24-44bd-b71b-55c5008b5f6a,1,0,0,0,0,0,0,0,0,0,0
ca593e3c-bbc7-442a-9c85-3a4a122621d4,0,0,0,0,1,0,0,0,0,0,0
ca5fefe4-d266-4689-89bf-0cfa4cb1e7c5,0,0,0,0,0,0,0,0,0,0,1
ca6396ee-1860-4ad9-98f9-29e4c0856257,0,0,0,0,0,0,0,0,0,1,0
ca647c8e-db61-467d-856d-361f9e4223c5,1,0,0,0,0,0,0,0,0,0,0
ca717b64-6c53-481a-935a-5791d56861ef,0,0,0,0,0,0,0,0,0,1,0
ca757924-4754-4cdd-b4ca-6804a54103dc,0,0,0,0,1,0,0,0,0,0,0
ca77836d-da4a-49e8-9aa6-ed08fcc6f362,0,0,0,0,0,0,0,0,0,0,1
ca7cab6b-333b-4721-9da2-34303b0b0b56,0,1,0,0,1,1,0,0,0,0,0
ca7d4efc-f81c-4364-9255-d609d7727ce8,0,0,0,0,1,0,0,0,0,0,0
ca8e5614-e97c-4a30-b7dc-6bdf58130608,1,0,0,0,0,0,0,0,0,0,0
ca916f5c-cb89-47d4-9c59-3a9cd6f8be16,0,0,0,0,0,0,0,0,0,0,1
ca99bec3-d29e-4167-bd54-4b3ca4c5a38b,0,0,0,0,0,0,0,0,0,0,1
ca9a81da-c250-4436-a6cb-19e0571e48ab,0,0,0,0,0,0,0,0,1,1,0
ca9dc7fc-bdce-4190-a3e3-15cc134d6957,0,0,0,0,1,0,0,0,0,0,0
caaac6b9-8382-4a25-a686-d88d11a37d9d,0,0,1,0,0,0,0,0,0,0,0
cab2ffc2-4747-4592-afb4-55cdacc6c898,0,0,0,0,0,0,0,0,0,0,1
cab40920-74ca-4e69-895e-1b71d8474493,0,0,0,0,1,0,0,0,0,0,0
cab556b5-3ada-42b7-848e-fd80e7ee2316,0,0,0,1,0,0,0,0,0,0,0
caca0dda-a473-4a38-8d84-d5992f9b2ceb,0,0,0,0,0,0,0,0,0,0,1
cad6cd0e-28a3-476e-917c-fc475e0d6a33,0,0,0,0,1,0,0,0,0,0,0
caddfa78-2b24-4a8e-880b-803ee4607081,0,0,0,1,0,0,0,0,0,0,0
cae32843-6602-47b6-b3af-be8ee5c08205,0,0,0,1,0,0,0,0,0,0,0
cae55032-98e5-47fa-a4ae-3179f61f19d3,0,0,0,0,0,0,0,0,0,1,0
cae6538f-c72e-4104-b8c2-0d01d897deb5,0,0,0,0,1,0,0,0,0,0,0
caf2df71-6a4e-4118-888c-bf673182aa9d,0,0,0,0,1,0,0,0,0,0,0
caf334a7-31f9-4ab3-9bd0-9041ac19c471,0,0,0,0,0,0,1,0,0,0,0
cafdaab6-a8f4-4300-9839-89d0072b9588,1,0,0,1,0,0,1,1,1,0,0
cb00219e-07ea-49aa-9a12-d10e405bdb8e,0,0,0,0,0,0,0,0,1,0,0
cb0ee4cb-fd8e-423c-a222-92e9ba21bd86,0,0,0,0,0,0,0,0,1,0,0
cb13a7f0-eb87-46f6-85a3-b454d332eff9,0,0,0,0,1,1,0,0,0,0,0
cb1f2148-d661-4141-bf81-7b826f46580b,0,0,0,0,1,0,0,0,0,0,0
cb2bf8b2-b1be-45b6-961b-2a327450a1fd,0,0,0,0,1,0,0,0,0,0,0
cb34100b-4344-4bb0-a286-7292068b666b,1,0,0,0,0,0,0,0,0,1,0
cb38e452-d041-4ab2-941c-6883be7ee50c,0,0,0,0,0,0,0,0,0,1,0
cb3d8a43-022b-4faf-aa68-38ca9fdce171,0,0,0,0,0,0,0,0,0,0,1
cb3ea60e-4a1c-4cef-9779-0b428ed82417,0,0,0,0,1,0,0,0,0,0,0
cb466ba0-e42f-48f6-a104-73fb12ba9712,0,0,0,0,0,0,0,0,1,0,0
cb4719f3-a1ec-4535-b1a0-3e60a60a120e,0,0,0,0,0,0,0,0,0,1,0
cb551273-8f25-478b-b559-44d2840f3c53,0,0,0,0,0,0,0,0,0,0,1
cb5ddfce-9255-4ca7-b63e-0ebeb827a29e,0,0,0,0,1,0,0,0,0,0,0
cb5e2dda-22ef-406b-8c57-61d827e9e7a5,0,0,0,0,1,0,0,0,1,0,0
cb6873f8-8344-442c-9b02-4b7e8fe8b998,0,0,0,1,0,0,0,0,0,0,0
cb6beef3-f184-45ea-9fde-adb193600e35,0,0,0,1,0,0,0,0,0,0,0
cb6c464d-a78a-4b98-8c64-9e8a87348045,1,0,0,0,0,0,0,0,1,0,0
cb6fd562-593e-4a3e-b5f1-235c36c08fe1,0,0,0,0,0,0,0,0,0,0,1
cb766654-3549-428c-8956-84ae895f6462,0,0,0,0,0,0,0,0,0,1,0
cb7fa548-99fa-4a0f-8eb6-074f997aec00,0,0,0,0,0,0,0,0,1,0,0
cb84d506-c765-4d3b-b7d5-8b4b7281fcc2,0,0,0,0,0,0,0,0,1,0,0
cb861438-226d-4c15-a839-1e15d062fa2c,0,0,0,0,0,0,0,0,0,0,1
cb87ff5b-fcce-4d0f-b425-8a659875e377,0,0,0,0,1,0,0,0,0,0,0
cb88f4cd-1aea-455b-a277-5bde23d9bf27,0,1,0,1,0,0,1,0,1,0,0
cb88fcee-6546-404d-aa11-2f29444f4542,0,0,0,0,0,1,0,0,0,0,0
cb9e8a50-df84-4559-b942-307514551eb9,0,0,0,1,0,0,0,0,0,0,0
cba0540f-fd4d-4177-9431-b7df3eb9cf32,0,0,0,0,1,0,0,0,0,0,0
cba5ed74-0dc7-4367-81fa-cb3637a99ea8,0,0,0,0,0,0,0,0,0,1,0
cbab722b-ca8f-412f-ad9e-437d616259cc,1,0,0,0,0,0,0,0,0,0,0
cbac8670-6c4f-4661-93fe-133a8768551e,0,0,0,0,0,0,0,0,0,1,0
cbc83c46-43ea-4560-859b-2dd4b0ff734a,0,0,0,0,1,0,0,0,0,0,0
cbc870f0-1090-43fe-bab6-ad30d60e0e90,0,0,0,0,0,0,0,0,0,0,1
cbcbf31f-a3e1-4651-9870-e6acb2a06ccb,0,0,0,0,0,1,0,0,0,1,0
cbcda2cf-c4ab-47b8-972d-774b100e661c,0,0,0,0,0,0,0,0,0,1,0
cbd0a9a2-3296-4693-bfb9-669baf78de79,0,0,0,0,1,0,0,0,0,0,0
cbdd3ef0-8454-4c4b-bc26-971ac8207f07,0,0,0,0,1,0,0,0,0,0,0
cbe15c43-0f98-4fe5-92c4-34e530c94922,0,0,0,0,0,0,0,0,0,1,0
cbf227f9-690c-4bcd-8f25-da7aa9944116,0,0,0,0,1,1,0,0,0,0,0
cbf4517e-cd83-4406-87d4-38d23f273ea6,0,0,0,0,0,0,0,0,0,0,1
cc01a2d6-d636-479d-a3fa-be3cefad5158,0,0,0,0,1,0,0,0,0,0,0
cc16275c-cdc5-43d4-8dbd-12cd896ab251,0,0,0,0,0,0,0,0,0,0,1
cc16c4dd-18db-4d92-aedc-f2a8d460997d,0,0,0,0,0,0,0,1,0,0,0
cc23937a-f704-4695-84d6-980feee71c28,0,0,0,0,1,0,0,0,0,0,0
cc2b4849-a958-4d81-91d1-e1c96f1b137b,0,0,0,0,0,0,0,0,0,1,0
cc2b6ea5-fa70-4ae9-8e1a-742de6dee440,0,0,0,0,1,0,0,0,0,0,0
cc2f7229-72d5-4b74-b5cf-b2d2824cb5b0,0,1,0,1,1,0,0,0,0,0,0
cc31cbcc-e014-4932-a033-d2a0969b8239,0,0,0,0,0,0,0,0,0,0,1
cc3aaff3-4d5a-4295-bc99-bf34275a7920,0,0,0,1,0,0,0,0,0,0,0
cc482a01-0dc8-40fd-b995-5ef0a98fd302,0,0,0,1,0,0,0,0,0,0,0
cc4a12f2-9172-426d-b49e-8d1940c142d3,0,0,0,0,0,0,0,0,0,1,0
cc4eeb7b-7058-4033-8465-75b8ee187502,0,0,0,0,1,0,0,0,0,0,0
cc57e3a6-0fb1-43f1-959d-839eafb38b0b,0,0,0,0,1,0,0,0,0,0,0
cc6b6c94-0fa7-4a6d-abbd-606827ab23c3,0,0,0,0,0,0,0,0,0,1,0
cc73bfd5-392e-47c5-b5ea-667c4ba41e73,0,0,0,0,1,0,0,0,0,0,0
cc8acc38-6188-48bc-be42-0e4b8277eaf8,0,0,0,0,0,0,0,0,0,1,0
cc8ff26c-a1a4-44fc-aade-96a211b60b1c,0,0,0,0,0,0,0,0,0,1,0
cc9016d2-6521-45b9-a908-250935fad48a,0,0,0,0,1,0,0,0,0,0,0
cc90ab7c-78fc-44c3-a35d-1588ffb72938,0,0,0,1,1,0,1,0,0,1,0
cc927587-1c19-49df-846a-b9f9886b8ab1,0,0,0,0,0,0,0,0,0,1,0
cc9fbc03-6459-4734-b884-c7aa5baa1954,0,0,0,1,0,0,0,0,0,0,0
cca03ee2-0668-4e1e-ae20-365acde1f165,0,0,0,0,1,0,0,0,0,0,0
cca41b43-d777-4777-988e-d230d8ef8908,0,0,0,0,1,0,0,0,0,0,0
cca6f969-7a80-49ef-b74c-c46e5319dac7,1,0,0,0,0,0,0,0,0,0,0
ccada80e-c442-4f39-a7db-fa1984400d0f,0,0,0,0,0,1,0,0,0,0,0
ccaf7990-e505-4fbd-b70b-a4bffc2cf471,0,0,0,0,1,0,0,0,0,0,0
ccb221e4-9fab-4f0b-b8b5-f354ea09a995,0,0,0,0,1,0,0,0,0,0,0
ccb746bd-a14e-401d-9de7-db47c5b350b3,0,0,0,0,0,0,0,0,1,0,0
ccbe6031-eafa-44d7-a3fd-e7e25c1b3692,1,0,0,0,0,1,0,0,0,1,0
ccd1b8cb-de07-4d2a-a511-7833e5accdc1,0,0,0,0,0,0,0,0,0,1,0
ccdaf021-ab96-4bfa-9e83-be170c590136,1,0,0,0,0,0,0,0,0,0,0
cce9ca75-3096-4a15-a5ac-eb9c8349a7d8,0,0,0,1,0,0,0,0,0,0,0
ccefaee0-60fd-4127-970b-263ddb2452fa,0,0,0,0,0,0,0,0,0,1,0
ccf10be8-6fab-4a4e-9a14-0517eba14a0d,0,0,0,0,1,0,0,0,0,0,0
ccf25d29-f73e-44d7-b81d-68984a977d19,0,0,0,0,1,0,0,0,0,0,0
ccf2be83-1b98-4a7e-a7fb-b5e571622fc3,0,0,0,0,1,0,0,0,0,0,0
ccf6c567-141c-42b4-8b7e-35cdd0d1746b,0,1,0,0,1,0,0,0,0,0,0
ccf6faa2-ab42-4d3b-90a4-2ef7fc1ff900,0,1,0,1,1,1,0,0,0,0,0
ccfb1601-c32f-4cd9-8422-72aa1805c777,0,0,0,0,1,0,0,0,0,0,0
cd002ca5-81e8-4f9b-9592-fa9c5498a819,0,0,0,0,0,0,0,0,0,0,1
cd003ac7-829a-402f-b003-8d9e6cf2235a,0,0,0,0,1,0,0,0,0,0,0
cd0d775e-6a6b-426c-b8ad-b2ddf3210042,0,0,0,0,1,0,0,0,0,0,0
cd0e8931-223c-40b0-8de2-7f6033904409,0,0,0,1,0,0,0,0,0,0,0
cd0f783f-496c-4bba-8690-c48a5eb12e11,0,0,0,0,0,0,0,0,0,1,0
cd13ef45-37f6-48e2-9d23-58d7b9a3462f,1,0,0,0,0,0,0,0,0,0,0
cd1e54ee-b77d-4ba4-b3d1-5b6327d5c3af,0,0,0,0,0,1,0,0,0,0,0
cd2d843a-1fe1-4631-affb-1ca2f12cf780,0,0,0,1,0,0,0,0,0,0,0
cd2ed2dd-e73d-4f45-837a-eb5ae719a91e,0,1,0,0,0,0,0,0,0,0,0
cd3054f7-7cdc-4efb-938a-d233243bb7e8,0,0,0,0,0,0,0,0,0,0,1
cd3aceea-a24f-466c-9d0d-0ef99d9d34ae,0,0,0,0,1,1,0,0,0,1,0
cd405a11-7f1e-42fa-a256-4f91ceb6e8c0,0,0,0,0,0,0,0,0,0,0,1
cd454d41-f3c3-4f56-9717-f4678d4e9a7b,1,0,0,0,0,0,0,0,0,0,0
cd4b40a3-b5bd-4ae9-8db0-fa495c67eef3,0,0,0,0,1,0,0,0,0,0,0
cd5cd376-8100-42b4-a96c-07e94669bf8b,1,0,0,0,0,0,0,0,0,0,0
cd638f2b-9ecd-4fec-ad96-4244c151dfb2,0,0,0,0,1,0,0,0,0,0,0
cd669f4e-72a9-493a-b005-d6913e1870ce,1,1,0,0,0,0,0,0,1,1,0
cd70400c-6cf9-4df2-828d-8e2bac934646,0,0,0,0,0,0,0,0,1,0,0
cd75e213-ab3f-465e-9e8d-6416de05e8e2,0,0,0,0,0,0,0,0,0,1,0
cd85338f-0d38-4461-8a3c-1f92effe8afe,0,0,0,0,0,0,0,0,1,0,0
cd8a5fb0-ec15-4c68-ad4c-ad2a9bdf2a9b,1,0,0,0,0,0,0,0,0,0,0
cd8dea85-003d-4120-882d-8670b7d18b13,0,0,0,0,1,1,0,0,0,0,0
cd8fc64a-a4ee-4d22-a373-b2fbca6bed1d,0,0,0,0,0,0,0,0,0,1,0
cd90e0ff-01c2-4eb0-b6dc-81013874c34e,0,0,0,0,0,1,0,0,0,0,0
cd93322a-5eff-4c38-99f3-5f45f2d70d80,0,0,0,0,1,0,0,0,0,0,0
cd9630e2-ba31-4ec7-89f6-ba371785a089,0,0,0,0,0,0,0,0,0,0,1
cd97205c-864e-4563-8211-efb33b1e8070,0,0,0,0,0,0,0,0,0,0,1
cd98df61-9aac-42e4-b429-cdd53ba98526,0,0,0,0,0,0,0,0,0,1,0
cda09509-e653-4a00-a720-140e1d4148f9,0,0,0,0,0,1,0,0,0,0,0
cda37807-e4c6-413a-a940-b217a71a3004,0,0,0,0,1,0,0,0,0,0,0
cda4e6ef-5d43-4c6c-af12-b773a2bea238,0,0,0,0,0,0,0,0,0,0,1
cdab2d85-c0c8-4866-b1bc-3a3af9ebdb0f,0,0,0,0,0,0,0,0,1,0,0
cdab333c-bfd4-4471-87d5-bd02c5f6e4e7,0,0,0,0,0,0,0,0,0,0,1
cdb10aa9-6555-4cab-b47f-bf7e74f580c2,0,0,0,0,1,0,0,0,0,0,0
cdb1fa88-39b3-4de1-a8c6-81e815439f8b,0,0,0,0,0,0,1,0,0,0,0
cdb89700-f213-4b58-99a2-ab7750695887,0,0,0,0,0,0,0,0,0,0,1
cdba256a-88f4-4e3e-853e-f484f07a86e7,0,0,0,0,0,0,0,0,0,0,1
cdbc0796-38ac-48c7-96a1-eb2a6c86a154,0,0,0,0,0,0,0,0,0,0,1
cdc41a0b-f64f-4c1c-bb77-ce165d14f32a,1,0,0,0,0,0,0,0,1,0,0
cdc45337-a613-4ec3-bc4f-0cc97e4d3f66,0,0,0,0,0,0,0,0,0,0,1
cdca86f4-5520-4f19-bbd7-9cd0f57a895c,0,0,0,0,1,0,0,0,0,0,0
cdd19e5f-0c0f-4f3b-a80a-34d6bee0bd03,0,0,0,1,0,1,0,0,0,0,0
cdd28396-b6a5-4553-a939-6bb2034328e8,1,0,0,0,0,0,0,0,0,0,0
cdd85e14-4bf6-4486-b472-68c02e87caf8,0,0,0,1,0,0,0,0,0,0,0
cde7db84-7a48-478e-afa8-fc036d5de7ea,0,0,0,0,0,0,0,0,0,1,0
cdf7eb71-0bf4-47b4-ae81-4bf5c5b80f86,0,0,0,0,0,0,0,0,1,0,0
cdfa0081-f2dd-447c-92cb-41369f453f78,0,0,0,0,0,0,0,0,1,0,0
cdfb5873-6433-4b77-832f-013e0c82e7c7,0,0,0,0,1,0,0,0,0,0,0
ce01adf5-f8f5-4c73-ad5f-2e9dff2d6ff4,0,0,0,0,0,0,0,0,0,0,1
ce083fee-0fc9-4b3b-b03a-284ec2a8c88a,0,0,0,0,1,0,0,0,0,0,0
ce126477-4a0f-402a-bec1-2465276f6dea,1,1,0,0,0,0,0,0,1,0,0
ce1b7d19-826a-4dc2-9484-096ba911a3d5,0,0,0,0,0,0,0,0,1,0,0
ce1fc2d4-0426-43f0-9c66-7c01f1645f99,0,0,0,0,0,0,0,0,0,0,1
ce250ffe-ab7a-4e0d-a619-e11f98f1b572,0,0,0,0,0,0,0,0,1,0,0
ce273f29-a2c3-4864-adb5-085af832f81b,0,0,0,0,1,0,0,0,0,0,0
ce2e90f0-39d1-4aba-955e-fec5e41b1b9b,0,0,0,0,0,0,0,0,0,0,1
ce45430a-c374-4e44-a3f2-6efcfc05e8df,0,0,0,0,0,1,0,0,1,1,0
ce502135-6f6e-457a-89c9-c3fcdd5f189a,0,1,0,0,0,0,0,0,0,0,0
ce5129be-aee2-4cb1-8c8d-0e62c676843f,0,0,0,1,0,0,0,0,0,0,0
ce662fbe-3fea-428b-9df6-b7143d86b5ae,0,0,0,0,0,0,0,0,0,0,1
ce6e5bfa-1b97-46f6-bf17-6bba26441fa2,0,0,0,0,0,0,0,0,0,0,1
ce770c5a-3eaa-4328-a8fb-30ba642cba44,0,0,0,0,1,0,0,0,0,0,0
ce7d438f-69d9-479e-ac9b-0231a8d2e7bc,1,0,0,0,0,0,0,0,0,0,0
ce836c42-149a-434b-a14d-992fcc99d73e,0,1,0,0,0,0,0,0,0,0,0
ce8cb520-cc58-4f6b-847b-67a154f4a3f7,0,0,0,0,0,0,1,0,0,0,0
ce932b2f-3f4d-4458-9110-394243068782,0,0,0,0,0,0,0,0,1,0,0
ce9a4c26-d7a3-4127-88d9-e5af59913fd7,0,0,0,0,0,0,0,0,0,1,0
ce9b8446-89b5-4d4e-ac33-ba3d28cc5205,0,0,0,0,0,0,1,0,0,0,0
ce9d904c-2e95-4234-ba26-04712cc4bb3e,0,0,0,0,1,0,0,0,0,0,0
ce9e9053-40b2-4f70-a762-5e7639356a0f,1,0,0,0,0,0,1,0,0,0,0
ceb0920b-da40-4223-8578-d9d7cced7d24,0,0,0,0,0,0,0,0,0,1,0
cec88543-4d8b-4133-80ab-9ca7eca7c2d1,0,0,0,0,0,0,0,0,0,0,1
ced91344-d425-44eb-8852-a886431fbe7a,1,0,0,0,0,0,0,0,0,0,0
cee664f6-0b79-4efd-89c7-23dcc33d2354,0,0,0,0,0,0,1,0,0,0,0
ceea96a2-99a6-4462-8792-a073aa641762,1,0,0,0,0,0,0,0,0,0,0
cef1d002-9169-4e41-a976-7fc58a981f32,0,0,0,0,0,1,0,0,0,0,0
cef3171e-6e6b-4de7-a949-e740e5cf3b75,0,0,0,1,0,0,0,0,0,0,0
cefe4337-6995-41c1-b68f-b98fca922978,0,1,0,0,1,0,0,0,0,0,0
cf04d6d9-5966-4d80-9272-d0a5cd96c62f,1,0,0,0,0,0,0,0,0,0,0
cf098536-e792-4850-8971-e2171d6b4dc1,0,1,0,1,0,0,0,0,0,0,0
cf098a8c-40f6-4328-a42d-1ba515dfa968,0,0,0,0,0,0,0,0,0,0,1
cf1cb59d-dab4-4067-93f2-de3ebe5b091d,0,0,0,0,0,0,0,0,0,1,0
cf24107c-fdd6-4136-8aa1-2655e572956c,0,0,0,0,0,0,0,0,0,0,1
cf27390f-5fd3-47fd-ad5b-23ee9a6e6553,0,0,1,0,0,1,0,0,0,0,0
cf2a942a-f4c6-43fa-a2a9-cc01a6fc5415,0,0,0,0,0,0,0,0,1,0,0
cf2e5ab7-f273-4fc5-9230-dbcd1c8792ee,1,0,0,0,0,0,0,0,0,0,0
cf3057d4-f384-4446-85e2-44b6c7e789ee,1,0,0,0,0,0,0,0,0,0,0
cf31b5ff-06c0-45cb-92f5-7ddbc5526510,0,0,0,0,0,1,0,0,0,1,0
cf3481bc-a04b-4cf7-9b9f-69e1750518db,0,0,0,0,0,0,0,0,0,1,0
cf454b01-d163-4d04-9f15-ed69d58ca572,0,1,0,0,0,0,0,0,1,0,0
cf4afc06-d78a-448c-911c-f262c74683e8,1,1,0,0,1,0,0,1,1,1,0
cf528127-5fac-4343-be13-e3b533733e31,0,0,0,0,1,0,0,0,0,0,0
cf52b0ec-00d0-454e-80ed-1c465a4aec73,1,0,0,0,0,0,0,0,0,0,0
cf56e7c1-f48d-45c8-8878-4fe3361c6c06,0,0,0,0,0,0,0,0,0,1,0
cf576c0a-3359-414f-a469-0fc4ec6bb12b,0,0,0,0,0,0,0,0,0,1,0
cf5db10f-c7ff-4490-9468-ff466525bcf9,1,0,0,0,0,0,0,0,0,0,0
cf601f86-3a8b-45c2-8d85-586a306cfded,0,0,0,0,0,0,0,0,1,0,0
cf632d2d-3644-43c7-bbea-c223c479dcdb,1,1,0,0,1,0,0,0,0,0,0
cf67b87b-b642-4641-b143-f2bc0f8a0cbc,0,0,0,0,0,1,0,0,0,0,0
cf6e188a-1559-411d-8fe6-70e03035dcae,0,0,0,1,0,0,0,0,0,0,0
cf74324e-ebdc-47ce-95d8-f3e4c716891e,0,0,0,0,1,0,0,0,0,1,0
cf7ed219-551d-4d6d-b88e-5109ee625cd0,0,0,0,0,1,0,0,0,0,0,0
cf8f77d7-5863-4358-ba55-4937402ed169,0,0,0,0,0,0,0,0,0,1,0
cf990219-e720-494c-bb80-a48fd1fee72c,0,0,0,0,1,1,0,0,0,1,0
cfb62b9f-0a6d-42d2-b8bf-e5b8ba76d6cb,0,0,0,0,0,0,0,0,0,1,0
cfc03915-8cc5-4975-a57e-48b96d9e9ba7,0,0,0,0,0,0,0,0,1,0,0
cfce2431-c1db-43d5-ace4-6f6fa594ec7e,1,0,0,0,0,0,0,0,0,0,0
cfd7f449-9a7b-4ba5-84cd-a2abd61fec41,0,0,0,0,0,0,0,0,0,1,0
cfd836c8-0e6f-471c-a9b8-61ac163ded4c,0,0,0,0,0,0,0,0,0,1,0
cfda034b-aaa4-4ad9-b84f-95e267bb29c9,0,0,0,0,1,0,0,0,0,0,0
cfdc7742-b088-404d-bb8b-a08fb2d3c1fd,0,0,0,0,0,1,0,0,0,0,0
cfe30c0f-973c-4d6c-90b6-97d702824a4c,0,0,0,1,0,0,0,0,0,0,0
cfe7bf21-f15f-4032-9f82-aa3d724efb92,0,0,0,0,0,0,0,0,1,0,0
cfeb4a96-3b28-4d7e-9d16-16b9fe35651d,0,1,0,0,0,0,0,0,0,0,0
cfee8304-c055-4a65-a8d3-975e7398639b,0,0,0,0,0,0,0,0,1,0,0
cff135b9-552f-4854-8d11-8b22130442cf,0,0,0,0,1,0,0,0,0,0,0
cff54edb-cd87-453a-98f3-4417118e05d4,0,0,0,0,0,0,0,0,0,0,1
cff5980d-5e2a-404c-be8c-d2459ce71e7c,0,0,0,1,0,0,0,1,0,0,0
d014f5ce-0497-4bd2-af2b-77170aa8fcf2,0,0,0,0,1,0,0,0,0,0,0
d01808c0-f1b8-4e34-98e6-fcc4d3b1886c,0,0,0,0,1,0,0,0,0,0,0
d021f729-6b82-4fea-a892-199a6f4bf4fc,0,0,0,1,1,0,0,0,0,0,0
d03b5151-2f61-434d-983d-a121445bf732,0,0,0,1,0,0,0,0,0,0,0
d0406654-593d-4400-95c3-4d5191456485,0,0,0,0,0,0,0,0,0,1,0
d0415750-a830-4529-9ca2-0b7c7f8e077e,1,0,0,0,0,0,0,0,0,0,0
d04bf8b1-f4c0-4032-abe5-589cbab10175,0,1,0,1,0,0,0,0,0,0,0
d04f3628-ee94-4ec6-8c7e-d3f9d3d96077,0,0,0,0,0,0,0,0,1,0,0
d0574bbd-71b2-4db7-bd57-c27de2036064,0,0,0,0,1,0,0,0,0,0,0
d05c5a61-f6dc-4e20-971a-94b211afea24,0,0,0,1,0,0,0,0,0,0,0
d05d89bf-1b55-48e1-aa59-5e0db7387c8d,0,0,0,0,0,0,0,0,0,1,0
d06e5922-e9f8-46b2-8dd5-461cac44f591,0,0,0,0,0,0,0,0,0,1,0
d076a8e0-0cb0-44c3-aaa6-a6443527560d,0,0,0,0,1,0,0,0,0,0,0
d07d3f7b-ffc1-477c-95fc-6ad5ad7aadae,0,0,0,0,1,0,0,0,0,0,0
d080ff7e-155a-4a8e-ace5-33d2782c7b2f,0,0,0,0,0,0,0,0,1,0,0
d08624b2-1cb0-4866-909d-974464c747ba,0,0,0,0,0,0,1,0,1,0,0
d08864ed-8905-49bd-bcaa-a7bfae882be8,0,0,0,0,0,0,1,0,0,0,0
d08baa8a-e9bb-4d83-a1a8-82e994d77e86,0,0,0,0,0,0,0,0,1,0,0
d0a6c05d-41d3-4d85-a20c-63681262e996,0,0,0,0,1,0,0,0,0,0,0
d0ad18b7-2e0c-4b6b-b14a-efbcf37b8ec4,0,0,0,0,0,1,0,0,0,1,0
d0aeebac-4f88-46b4-8867-13b3209f5362,1,0,0,0,0,0,0,0,0,1,0
d0b8bce4-40af-49b3-a38a-06fb2880f8d3,0,0,0,0,0,0,0,0,0,0,1
d0bcd931-1875-4b28-855b-0089db9bcfda,0,0,0,0,0,0,0,0,0,1,0
d0c264d0-aa56-40ec-a6d4-a03c25136b61,0,0,0,0,0,0,0,0,0,1,0
d0c42501-7f2e-412f-85a0-3b5593c45f8a,0,0,0,0,0,1,0,0,1,0,0
d0ddf6f8-871c-4757-a814-a4e43c1fe740,0,0,0,0,0,1,0,0,0,1,0
d0e9da36-610f-4f14-b7d5-24bf4b733730,1,0,0,0,0,0,0,0,0,1,0
d0f256c5-490b-4663-925f-9d620e9a6cd5,0,0,0,0,1,0,0,0,0,0,0
d0fb0bbe-0dc6-46ca-a2c8-146118502027,0,0,0,0,1,0,0,0,0,0,0
d1027611-174f-4300-a63d-9c72acabec78,0,0,0,0,1,0,0,0,0,0,0
d105239d-3f01-4da6-8ea0-6a63068a9410,1,0,0,0,0,0,0,0,0,0,0
d10c6bae-78de-4d7c-bb98-ab9d85729b25,1,0,0,0,0,0,0,0,0,0,0
d117b1d4-ac53-4b76-8b22-1d211004c4ee,0,0,0,0,1,0,0,0,0,0,0
d125b71f-2d2c-4cb8-a1ea-1bc94c26e84d,1,0,0,0,0,0,0,0,0,0,0
d13584da-319a-42ee-874f-1b36ef14a34a,0,0,0,0,0,0,0,0,1,0,0
d13e11e2-5233-4cee-82d5-61d441a16222,0,0,0,0,0,0,0,0,0,1,0
d1642cbf-bc77-4c41-91d3-d45a7460b98e,0,0,0,0,1,0,0,0,0,0,0
d16c4ee0-de9f-4a70-8fcf-6f46831b986e,0,0,0,0,0,0,1,0,0,0,0
d171cbdd-69e4-41e9-af46-6e4b28b88d62,0,0,0,0,1,0,0,0,0,0,0
d1733358-75d6-4afa-9041-10f8950c4019,0,0,0,1,0,0,0,0,0,0,0
d18951fe-b2fb-488c-9368-89cefdf82fff,0,0,0,0,0,0,0,0,0,0,1
d189c566-135d-419b-bf8e-401b1ef4efe5,0,0,0,1,0,0,0,0,0,0,0
d18f6b8f-d22a-4b0e-84e3-2332c1a722a0,0,0,0,0,0,0,1,0,0,0,0
d194c269-3a5d-435c-93f9-c7c7461c059e,0,1,0,0,0,0,0,0,0,0,0
d1b02cbb-c218-4057-a273-404f3fd5ffcc,1,0,0,0,0,0,0,0,0,0,0
d1b1224c-d1ac-4e76-8c7c-1ae956a322e2,1,0,0,0,0,0,0,0,1,0,0
d1b7a689-6ca5-43f3-83d8-9f6d091a84d6,0,0,0,0,0,0,0,0,0,1,0
d1c999c8-edd8-4bec-b51c-7b33fc983d05,1,0,1,0,0,0,0,0,0,0,0
d1cf3e28-e3f2-41d2-8433-8ded8d90fdff,0,0,0,0,1,0,0,0,0,0,0
d1ee6500-74e5-4c6b-a821-f75b9534be49,0,0,0,0,0,0,0,0,0,1,0
d1f755f4-6498-450a-83cb-0ee6c367d362,0,0,0,0,1,0,0,0,0,0,0
d1fa2454-7c2a-4425-b4f5-3b8bfa90eddd,0,0,0,1,0,0,0,0,0,0,0
d201600e-8328-4e71-8359-aaf973791684,0,1,0,0,0,0,0,0,0,0,0
d213c6f5-4458-42af-8b8c-04f065792568,0,0,0,0,0,0,0,0,0,1,0
d22395c7-dfd7-40d4-8f07-12b5857a5602,0,0,0,0,0,0,0,0,0,1,0
d2297e61-5c90-4bd2-922d-7be006fc626b,0,0,0,0,0,0,0,0,0,0,1
d22dd876-5bf8-498b-85df-663fd60103b1,0,0,0,0,0,0,0,0,1,0,0
d22f8ed2-b36b-48e4-bd3b-8e5f3516481a,0,0,0,0,0,0,0,0,0,1,0
d23b2cea-36ac-4a1a-9512-783e3de90cc7,0,0,0,1,0,0,0,0,0,0,0
d240d9d9-492d-4386-a7ce-fe17c0d65d6f,0,0,0,0,0,0,0,0,0,1,0
d2418b4f-d810-4c57-8871-e3a2b555333e,0,0,0,0,0,0,0,0,0,0,1
d24318ca-a01b-4d13-af60-c2f749352044,0,0,0,0,1,0,0,0,0,0,0
d2441a15-6de3-4b49-9094-11a3f2914af3,0,0,0,1,0,0,0,0,0,0,0
d24cbb02-dc17-4df8-a0fd-096522c588ca,0,0,0,0,0,0,0,0,0,0,1
d24ff2ea-1ffe-4f89-b5da-47f5b8534324,0,0,0,0,1,0,0,0,0,0,0
d25986cd-83aa-40e5-9a08-e01fa4d2df74,1,0,0,0,0,0,0,0,0,0,0
d268d2f7-a975-4436-938b-de4a28b0a5f2,0,0,0,1,0,0,0,0,0,0,0
d27911d6-97ae-4ad5-bcf4-a1e3e3b9498a,0,0,0,0,0,0,0,0,0,1,0
d284aab3-4cc4-46af-9a99-aaead2e47ff5,0,0,0,0,0,0,0,0,0,1,0
d289ee5f-780b-46c7-9b81-fd5da706ac4b,0,0,0,0,0,0,0,0,1,0,0
d29faa94-cc82-4870-a69e-777ce9cc66e6,1,1,0,0,0,0,0,0,1,0,0
d2a6293a-1684-4131-bfe7-a2af5256c2a4,1,1,0,0,0,0,0,0,0,0,0
d2a9f0d3-ea32-4672-9835-2d33dbbfde4d,1,0,0,0,0,0,0,0,0,0,0
d2bc56b1-da57-4626-bb98-33b157a4b988,0,0,0,0,0,0,0,0,0,0,1
d2dec8f6-8720-4587-b7c4-fd728619d7c2,0,0,0,0,0,0,0,0,1,0,0
d2e33190-abb7-4473-850a-da3350af9564,0,0,0,1,0,1,0,0,0,1,0
d2ff311b-89a0-467f-b081-a4cbe57a386c,0,0,0,0,1,0,0,0,0,0,0
d30b17bf-258a-4250-a280-01b3d8e79f0f,0,1,0,0,0,0,0,0,0,0,0
d30ba98f-99d4-4f9d-86ef-460be5b5250a,0,0,0,1,0,0,0,0,0,0,0
d31149e3-b80d-4ec8-a5bb-1f0fe53485f9,0,0,0,0,1,0,0,0,0,0,0
d3140eef-d0f5-4a4d-867f-3c00d6429e5e,0,1,0,0,0,0,0,1,0,0,0
d31a0f7e-7e57-43ae-8fb3-81c53b056b3a,0,0,0,0,0,0,0,0,0,0,1
d31ac335-9ed9-4330-bb98-7741e8f10d27,0,0,0,0,1,0,0,0,0,0,0
d325b0fb-8795-46c3-8cc6-f0a9dc7620d3,0,0,0,0,0,0,0,0,0,0,1
d3290ad8-1012-4e1b-8543-b1c9111f8233,1,0,0,0,0,0,0,0,0,0,0
d329b416-2be3-442a-95b8-fba104988bce,0,0,0,0,0,0,0,0,0,1,0
d32a5a9f-eecd-43d5-ba55-acebbc5dbdfa,0,0,0,0,0,0,0,0,0,0,1
d336417a-a21c-4406-8524-2ba609a8cf3a,0,0,1,0,0,0,0,0,0,0,0
d349bbc6-b17e-4c40-aa35-ad0ae2789623,1,0,0,0,0,0,0,0,0,0,0
d34e2b46-2f96-4530-b378-9028772c1dc1,0,0,0,0,0,0,0,0,1,0,0
d34fb7ec-c09d-495d-875b-9f2e2ee0d458,0,0,0,0,0,0,0,0,0,0,1
d350b268-cfa6-4940-9c21-5ae1466cc706,0,0,0,0,0,0,0,0,1,1,0
d353925e-ef96-4c86-885f-00024c1582e8,0,0,0,0,0,0,0,0,0,0,1
d35830f7-f732-4517-9e40-2bf02327f988,0,0,0,0,1,0,0,0,0,0,0
d359e2e9-e9e8-4549-b200-340406cfb360,0,0,0,0,1,0,0,0,0,0,0
d35b32f4-9144-4c95-a7f4-ef56d8e6c0f9,0,0,0,0,1,0,0,0,0,0,0
d3614d0f-faac-4f53-8f20-97a2729518d3,0,0,0,0,0,0,0,0,0,0,1
d365f552-cf45-4025-8abc-35b416188ff1,1,0,0,0,0,0,0,0,0,0,0
d3680ef5-8e9c-4eba-b1ea-1175b256c99a,0,0,0,0,0,0,0,0,0,1,0
d36f0247-b9dd-4a2f-a3a7-770b310b9653,0,0,0,0,0,1,0,0,0,1,0
d377d48d-6ac4-4446-83dd-45dcf66d42b7,0,0,0,0,0,0,0,0,0,0,1
d378622e-3bed-47e9-8b0f-faf8b8dddc6c,0,0,0,0,0,0,0,0,0,1,0
d37b1bc1-2661-4c57-a122-2c24d6e2f8ea,0,0,0,0,1,0,0,0,0,0,0
d3807569-3698-4d38-baa4-787710d3bf16,0,0,0,0,0,0,0,0,0,0,1
d381c35e-6fcd-4ea5-9890-dba1a61d0a20,0,0,0,0,0,0,0,0,0,1,0
d3853671-e087-448d-906f-15f87b7cf58a,0,0,0,0,0,0,0,0,0,0,1
d3891d70-de54-4a52-b52c-2cc94251a449,0,0,0,1,0,0,0,0,0,0,0
d38f6a7a-d501-409a-b839-c2314e9ac1ff,1,0,0,0,0,0,0,0,0,0,0
d391de6d-7b0e-402d-bd3d-e712db8ea420,0,0,0,0,1,0,0,0,0,0,0
d393c4cd-32a8-4971-98db-a87f5bda34a5,1,0,0,0,0,0,0,0,0,0,0
d395b4b4-33b2-469e-bf75-8899a8ecc93b,1,0,0,0,0,0,0,0,1,0,0
d39a77c3-0b61-483c-a550-fae26d626cef,1,0,0,0,0,0,0,0,0,0,0
d3b62405-e596-4207-b6d2-e6a1a7cf7651,0,1,0,0,0,0,0,0,0,0,0
d3b6c844-3901-47b3-9763-2f127e15e41b,0,0,0,0,0,0,1,0,0,0,0
d3bbc56f-37c9-43b5-9570-009d1cdaaca9,0,0,0,0,0,0,0,0,0,0,1
d3be0952-d8a4-4772-a860-fa9e8f58ab6a,0,0,0,0,1,0,0,0,0,0,0
d3bf577e-fab9-4d6c-817d-43ac9022f342,0,0,0,0,1,0,0,0,0,0,0
d3c15362-1a9c-4e3e-ac1d-d01c6b490d1a,1,1,1,0,1,0,1,0,0,0,0
d3d487f0-8684-4c49-8ae1-48a12cddf913,0,0,0,0,0,0,0,0,0,1,0
d3e4282c-fe3d-4e19-a104-75b6414059a0,0,0,0,0,0,1,0,0,0,0,0
d3ecdb9c-09c3-47e4-9db7-76fc377332c0,0,0,0,1,0,0,0,0,0,0,0
d3edf130-943a-4368-8186-2f25ca1c1f78,0,0,0,1,0,0,0,0,0,0,0
d3ee4289-f9ac-49ca-b548-963b42e03393,0,0,0,0,1,0,0,0,0,0,0
d3f3c853-452a-42e9-b429-19e737bd2a82,0,0,0,0,1,0,0,0,0,0,0
d3fc5e0a-1951-4c27-9bf0-7e7372f57f59,0,0,0,0,0,0,1,0,0,0,0
d3fc81e2-be5f-44a1-abcb-4d9d86f92d8a,0,0,0,0,0,1,0,0,0,1,0
d41085bf-82dd-4dc6-8f5c-5b2d8d71ac38,0,0,0,0,0,1,0,0,0,0,0
d412fe4f-ec51-4330-aed5-8d762db2eb18,0,0,0,1,0,0,0,0,0,0,0
d4165ba1-eaa2-4f2f-8ee4-01ce6529fcde,0,0,0,0,0,0,0,0,0,1,0
d41aa8ec-45e7-4ef4-b1d7-d88ff1409e8b,0,0,0,0,1,0,0,0,0,0,0
d41cc8b4-14f8-4270-92ca-5c0aec46ea2a,0,0,0,0,0,0,0,0,0,0,1
d42010cf-2691-4d60-823d-06154d4f1ea0,0,0,0,0,0,0,0,0,0,0,1
d4214c2b-f794-4625-ae9e-841543e3ec34,0,0,0,1,0,0,0,0,0,0,0
d42424b7-0fd8-47ce-bfd5-343ac977022b,0,1,0,0,1,0,0,0,0,0,0
d42865e1-13bc-4b6b-87b3-d70d7e7da75a,0,0,0,0,1,0,0,0,0,0,0
d42f439f-bd33-44e4-bd82-e93866d301a1,0,0,0,0,0,0,0,0,0,1,0
d43ce89b-ad17-498c-ad46-08c323f77960,0,0,0,0,1,0,0,0,0,0,0
d4696ef0-26f7-417e-8345-fdb5fbe9ae3b,0,0,0,1,0,0,0,0,0,0,0
d47152c9-b6e7-4330-bd64-d04e015a49be,0,0,0,0,1,1,0,0,0,0,0
d48fe035-fac3-4da1-8e35-53696927e23d,0,0,0,0,0,0,0,0,0,1,0
d4924607-a625-4383-9886-884eacd17495,0,0,0,0,0,1,0,0,0,1,0
d4977865-b188-423b-933d-a6d33d89ada8,1,0,0,0,0,0,0,0,0,0,0
d4995757-88d5-4c98-aa1d-c112e273006d,0,0,0,0,0,0,0,0,0,1,0
d4acf088-af20-40fc-a627-fc55ddb665ad,0,0,0,0,0,0,0,0,1,0,0
d4d070bc-c9e1-40a4-92cd-473813fc5cea,0,0,0,0,1,0,0,0,0,0,0
d4debf10-6b46-48b8-980a-4de8843611c7,0,0,0,1,0,0,0,0,0,0,0
d4e72cf7-e09d-4057-a5e8-6b2b433d8704,1,0,0,0,0,0,0,0,0,0,0
d4ecfc96-b9e6-4e13-849b-bb2f0834b4af,0,0,0,0,1,0,0,0,0,0,0
d4ee6df9-8cc9-491e-ae0f-66db1ef7bc37,0,0,0,0,0,0,0,0,0,1,0
d4eeff29-635c-4dce-8e26-76a3e4e46219,0,0,0,0,0,0,0,0,1,0,0
d4f093c4-a2cb-487e-9baf-7ece5d714b40,0,0,0,0,0,0,0,0,0,1,0
d4f1cbc2-f3af-4a3b-bdbd-cd122ecf820c,0,0,0,1,0,0,0,0,0,0,0
d51a3610-d99c-4e2a-9165-6a73e278f383,0,0,0,0,0,1,0,0,0,1,0
d5203f68-7ab5-4e57-8dac-3a42faf05750,0,0,0,0,0,0,0,0,1,0,0
d521608f-97f0-4886-bc7a-f484ee519708,0,0,0,0,1,0,0,0,0,0,0
d5250dd3-94bf-4110-9232-109f8531d8fe,0,1,0,1,1,0,0,0,0,0,0
d532020c-ccb6-492d-8273-93385ac27cbe,0,0,0,0,0,0,0,0,1,0,0
d538cf5b-b49f-42ff-b767-e7b3af165b8e,0,0,0,0,0,0,0,0,0,0,1
d53b06a6-70c1-4bfb-83ec-e0930c6a43b1,0,0,0,1,0,0,0,0,0,0,0
d53bfa15-5140-4b42-bdbc-58291f51c92a,1,0,0,0,0,0,1,0,0,0,0
d550b7c0-6a3e-4bbc-bf92-e491a0e5c6d4,0,0,0,0,1,0,0,0,0,0,0
d55f6f1a-de7a-4bb4-aa73-feb55e11ac13,0,0,0,0,0,0,0,0,0,0,1
d5639fda-e66f-4535-9f1d-8f52896b6b85,0,0,0,0,0,1,0,0,0,1,0
d564b831-343a-49fe-b04a-bc0bf4c8ca45,0,0,0,0,0,0,0,0,1,0,0
d56753ee-e913-4ad9-834a-534c755ee86f,0,0,0,0,0,0,0,0,0,0,1
d573597c-0f15-45b2-a9c1-ce713cbf5199,0,0,0,0,0,0,0,0,0,0,1
d577329c-7af3-4e10-9b10-bef8ab4cf103,0,0,0,0,1,0,0,0,0,0,0
d57e8e45-8393-4086-bc40-0cf927e67869,1,0,0,0,0,0,0,0,0,0,0
d5800144-c001-4b08-9234-b492b96beecf,0,0,0,0,0,0,0,0,1,0,0
d5804659-f958-4ffe-866c-20a889c7028e,0,0,0,0,1,0,0,0,0,0,0
d58411a1-f2e6-4301-9caa-968e02b6fcaf,0,0,0,0,0,1,0,0,0,0,0
d58b3328-d787-4e34-9f9d-a79190949282,0,0,0,0,0,0,1,0,0,0,0
d596efd3-88a5-430c-95f3-a3af27649416,0,0,0,0,0,0,0,0,0,0,1
d5a4fb07-5192-4121-91a1-c495f3dec803,0,0,0,0,1,0,0,0,0,0,0
d5a712ed-6831-4fb8-b158-b1f8c86dbeac,0,0,0,0,0,0,0,0,0,0,1
d5aa4205-2f7c-4e7a-ad6f-edc402c54fe5,0,0,0,0,0,0,0,0,0,1,0
d5b714b2-a89c-4902-bff2-2e3ab7f30d9f,0,0,0,0,1,0,0,0,0,0,0
d5d4f9cf-4840-4efe-bd3c-992ccc380c7b,0,0,0,0,1,0,0,0,0,0,0
d5d641c9-e243-4e70-bad7-a6a8369ec87d,0,0,0,0,1,0,0,0,0,0,0
d5d934b7-4d6d-4f3b-b563-268e48b22fae,1,0,0,0,0,1,0,0,0,1,0
d5d9c8c5-c883-432e-a385-7bbe49b49dc7,0,1,0,0,1,0,0,0,0,0,0
d5e449a8-7a3d-4117-a75a-4880fdbed0f9,1,0,0,0,0,0,0,0,0,0,0
d5eb7c92-d8aa-4d41-b4e9-3033e57f0590,0,0,0,0,1,0,0,0,0,0,0
d5f3232b-b6d1-4c7e-ab32-3fa039b05f38,0,0,0,0,0,0,1,0,0,0,0
d5fcd270-67b7-4339-9359-c2a4c8b77fa3,0,0,0,0,1,0,0,0,0,0,0
d619027c-5964-483a-bdeb-06fd9acd5860,0,0,0,1,0,1,0,0,1,1,0
d61e66b0-e725-4799-bdb3-fe77850dfe1c,0,0,0,0,0,0,0,0,0,1,0
d633af90-e709-4fd9-aef6-0835bb929b4f,0,0,0,0,0,0,1,0,0,0,0
d6345545-5da6-4962-858d-03a01c5d1546,0,0,0,0,1,0,0,0,0,0,0
d635f1b6-b71c-4e5f-9da2-92c33cbb3068,0,0,1,0,0,0,0,0,0,0,0
d638329b-93ea-4e6d-a367-6f7a161ada24,0,0,0,0,1,0,0,0,0,0,0
d654a294-a633-4658-aecb-b9aa4293d4c2,0,0,0,0,1,0,0,0,0,0,0
d66d14e0-8ace-425d-b9c0-bcd22bb2e9cf,0,0,0,0,1,0,0,0,0,0,0
d681dd6d-4700-450a-9851-b86d0a3a892d,0,0,0,0,0,0,0,0,0,0,1
d6991487-f107-4448-924b-e6fb865044d1,0,0,0,1,0,0,0,0,0,0,0
d69fffd7-79f3-48b6-805c-dac5d19cde36,0,0,0,0,0,0,0,0,0,1,0
d6a2d656-0217-4a26-9782-1ce778c34e6c,0,0,0,0,1,0,0,0,0,0,0
d6a62cc9-0b0c-4206-893e-9250b827663b,0,0,0,1,0,0,0,0,0,0,0
d6b31bbe-cfcd-42bb-a102-fb8bdb909e24,0,0,0,0,0,0,0,0,0,0,1
d6ba9988-4ac9-482f-9309-7ca5f3092a01,0,0,0,0,1,0,0,0,0,0,0
d6bec9fc-9db7-4c5a-829f-c22d8b94278e,0,0,0,0,1,0,0,0,0,0,0
d6bedaa4-46ef-4a15-9ec7-4e96f786993e,0,0,0,0,0,0,0,0,0,1,0
d6c4b1b1-ad30-434c-a7df-fa4e9af3adfc,0,0,0,0,0,0,1,0,0,0,0
d6c54bec-9be7-4a22-94f4-2bfb685aa57c,0,0,0,0,1,0,0,0,0,0,0
d6c8cc66-d96c-4d12-aa43-65640bea147b,0,0,0,0,1,0,0,0,0,0,0
d6d3275c-e35d-4f0c-abeb-9757d2d59f1d,0,0,0,1,0,0,0,0,0,0,0
d6d4c4eb-d76a-41a9-af4e-d70fb3c229fb,1,0,0,0,0,0,0,0,0,0,0
d6f017c6-c996-407b-b19f-eb736588e46a,0,0,0,0,1,0,0,0,0,0,0
d6f05064-f328-408d-a2bd-a4e7dae54de2,0,0,0,0,1,0,0,0,0,0,0
d6f30922-a150-40d7-b883-40c9cf5caffc,0,0,0,0,1,0,0,0,0,0,0
d6f626e9-6ed6-4a57-a49c-848494230b06,0,0,0,0,1,0,0,0,0,0,0
d7033e65-93f6-4443-8789-2089887be043,1,0,0,0,0,0,0,0,1,0,0
d704758d-3b21-4a39-8899-5dc7c6eb02b6,0,0,0,0,0,0,0,0,1,0,0
d70e5814-1909-41b2-86f6-801c45a93db4,0,0,0,0,0,0,0,0,0,0,1
d70e8203-2c35-44ae-888c-5d346834c416,0,0,0,0,1,1,0,0,1,0,0
d719c068-39eb-43b3-a5a1-14451bce861d,0,0,0,0,0,0,0,0,1,0,0
d72a2773-b732-4f08-8bc1-70f0a12a42e3,0,0,0,0,1,0,0,0,0,0,0
d730adce-f342-4516-b594-8b0daa178222,0,0,0,0,0,0,0,0,0,0,1
d732b838-5902-427f-8ec4-a38d9cb766c2,0,0,0,0,0,0,0,0,0,0,1
d7377615-7507-420b-a04b-2a8ca808e528,0,1,0,1,0,0,0,0,0,0,0
d7387dbf-dc59-49c7-bf4f-8f5d58638139,0,0,0,0,0,0,0,0,0,1,0
d7449c69-78d0-459e-9840-4fcd83ccf49c,0,0,0,0,1,0,0,0,0,0,0
d74ead00-b656-41ef-b9e8-2538c981e3c7,0,1,0,0,1,0,1,0,0,0,0
d75172e8-dae1-4cf6-bc41-179dbd2d4c9d,0,1,0,0,1,0,0,0,0,0,0
d75593f5-5515-4258-8c93-d71222d949f6,0,0,0,1,0,0,0,0,0,0,0
d75b13f5-ddbe-409c-a600-c64a42e4912f,1,0,0,0,0,0,0,0,0,0,0
d75d628f-e4a6-4e8d-85f5-aa6f08b92b84,0,0,0,0,0,0,0,0,1,0,0
d7625d8f-2c15-43d2-af23-fcf3065159c4,0,0,0,0,1,0,0,0,0,0,0
d7751143-8b98-48c1-a9be-2ad8c88f1e7e,1,0,0,0,0,0,0,0,0,0,0
d779f4b2-2b5e-41a0-967d-47a9c8bf4d0e,0,0,0,0,0,0,0,0,1,0,0
d77b93ed-5e7a-4cf1-9aa4-a069dba405eb,1,0,0,0,0,0,0,0,0,0,0
d77ddd91-3548-42db-b01e-05631ccb575a,0,0,0,0,0,0,0,0,0,1,0
d7851338-8f23-41cf-ab8e-b1d8b1ebb05e,0,0,0,0,0,0,0,0,0,0,1
d79c471a-a300-4287-9f9a-b046353a9a30,0,0,0,0,0,0,0,0,0,0,1
d7a1a663-c710-4be2-89fb-e38c1fe99150,1,0,0,0,0,0,0,0,0,0,0
d7a84e2f-555c-491c-8c98-323db60dc66a,0,0,0,1,0,0,0,0,0,0,0
d7b06f48-6810-457d-9f7b-4425b66c2346,0,0,0,0,0,0,0,0,0,0,1
d7baf1f7-2188-4442-8f32-6f674bf897bc,0,0,0,0,0,0,0,0,0,0,1
d7bc7e31-2576-4318-8b42-e5187380cb8c,0,0,0,0,0,0,0,0,0,1,0
d7bdd058-afaf-42fb-9dc6-5cb31686d6f7,1,0,0,0,0,0,0,0,0,0,0
d7d12290-29a7-4900-9cb8-a4b392efcfa9,0,0,0,0,0,0,0,0,0,0,1
d7d69f78-151e-4271-8230-03297c203059,0,0,0,1,0,0,0,0,1,0,0
d7e34d3e-5239-41ea-8c04-45911ac97ece,1,0,0,0,0,0,0,0,0,0,0
d7e4109c-50f4-426e-af7f-34ddcefe0a71,0,0,0,0,1,0,0,0,0,0,0
d7e413c7-72bc-47f1-8c4b-15601bdf980f,0,0,0,0,0,0,0,0,1,0,0
d7e55a87-f328-41ea-8f68-926d53db422f,1,0,0,0,0,0,0,0,0,0,0
d7e6c33e-8bba-47ca-b151-519582b6c4c3,0,0,0,0,0,0,0,0,1,0,0
d7ec0914-bc86-4ea5-b85a-25e0c783d864,0,0,0,0,1,0,0,0,0,0,0
d7f8570d-46d8-4b58-88b7-46c93ff8c1de,0,0,0,0,0,1,0,0,0,1,0
d7fb8747-5ddf-4918-8fa5-16b177f0ca96,0,0,0,0,1,0,0,0,0,0,0
d7fc3ba0-16f4-42e3-b6e2-7020de64eba8,0,0,0,0,0,0,0,0,0,1,0
d8029181-ec2a-4816-a832-d371b5287d0d,0,1,0,0,1,0,0,0,0,0,0
d804dfe4-626c-462e-a031-ce8c8cdc477d,0,1,0,0,0,0,0,0,0,0,0
d809938f-d194-4903-9b77-dd466b0c9b73,0,0,0,0,1,0,0,0,0,0,0
d815adc8-82ee-4851-b1c3-40b20aade264,0,0,0,0,0,0,0,0,0,0,1
d8198252-84ea-4995-b5ef-dfb805f12ae9,0,0,0,0,1,0,0,0,0,0,0
d81bd97c-3203-4e5a-8615-cb275cb9a094,0,0,0,0,0,0,0,0,0,1,0
d81c6a3e-0d41-4edb-9d1a-eb45c26eabbc,1,0,0,0,0,0,0,0,0,0,0
d8308819-9c81-435e-aa24-a430f8d09bcf,0,0,0,1,1,0,0,0,0,1,0
d83ac044-a2d7-48bd-89f5-1ffdc7555df1,0,0,0,0,0,0,0,0,0,0,1
d83d034b-1508-4e0f-8564-85929f547af4,0,1,0,0,0,0,0,0,0,0,0
d84c4bd3-be90-4ca0-81a4-6f533064b9a1,0,0,0,0,1,0,0,0,0,0,0
d84f0282-7637-4920-8e69-129b345b407a,0,0,0,1,0,0,0,0,0,0,0
d8507e7d-192b-4493-96db-313bcda28f5a,0,1,0,1,0,0,0,0,0,0,0
d85109c1-e6b6-4956-8bbc-59f14e53f2ca,1,0,0,0,0,0,0,0,1,1,0
d8554002-cb72-4734-96cf-21f1232e2129,1,0,0,0,0,0,0,0,0,0,0
d8579345-2cff-4da5-bb79-1f3fbcb00f7f,0,0,0,0,0,0,0,0,0,1,0
d8582f37-c617-4ac7-9801-878ea568a5a4,0,0,0,0,1,0,0,0,0,0,0
d85fdcbe-8710-4934-a2fe-a77d8a8c2ca3,0,0,0,0,0,0,0,0,0,0,1
d867da44-2611-40a9-a2de-e4781bf18451,0,0,0,0,0,0,0,0,0,0,1
d86e0bd5-9069-469d-8327-193184ebd0f4,0,0,0,1,0,0,0,0,0,0,0
d8750d12-497d-4d01-869e-f90d70088945,1,0,0,0,0,0,0,0,0,0,0
d8784dce-c674-43ff-9975-de2e7086ee0a,0,0,0,0,1,1,0,0,0,1,0
d87d3ffc-b79d-4605-9f53-7eeb3c1095a0,0,0,0,0,1,0,0,0,0,0,0
d88a154f-a193-4518-81be-1dd3ceec820b,0,0,0,0,0,0,0,0,0,1,0
d898319c-61ad-4638-85c3-238abfce36f4,0,0,0,0,0,0,0,0,0,0,1
d89bc7ac-5765-47ff-ab2b-71f8f2ebcd7d,0,0,0,0,0,0,0,0,0,0,1
d89e0265-85f4-4077-9d1a-33b63fb9d808,0,0,0,0,0,0,0,0,1,0,0
d8a316c3-ac34-429d-a81b-e623c4e84022,0,0,0,0,1,0,0,0,0,0,0
d8ae6b4f-bcaa-452b-9815-1a344bada937,0,0,0,1,0,0,0,0,0,0,0
d8af1a99-7154-4f98-b206-0a5c9455ed1e,0,0,0,0,0,0,1,0,0,0,0
d8b493dd-43f8-4c8e-875e-d82bdec47752,0,0,0,0,1,0,0,0,0,0,0
d8b49ed3-e021-42cb-b4b5-d1635156d74b,0,0,0,0,0,0,0,0,0,0,1
d8c3e0ac-6ebc-4415-8528-34ab86f2c2fa,0,0,0,0,0,0,0,0,0,1,0
d8c6e0b2-5f3b-4c00-acfb-d1053a263034,1,0,0,0,0,0,0,0,0,0,0
d8ca48ce-df60-4c92-9c9f-3fdcffda6d6c,0,0,0,0,0,0,0,0,0,1,0
d8cb61a3-a834-44cc-8cdd-242ffaa9125f,0,0,0,0,0,0,0,0,0,1,0
d8ce9217-d44b-4be1-bc8e-680d7e36c3ba,0,0,0,0,0,0,0,0,0,0,1
d8d45740-cc3b-444a-8fac-136d1d74b3af,0,0,0,0,1,0,0,0,0,0,0
d8d4e3e5-712a-4a9a-95fb-2243c2c2b06a,0,0,0,0,0,0,0,0,0,1,0
d8de241c-1f66-4ad0-a51b-de8ade445660,0,0,0,0,0,0,0,0,0,0,1
d8df2e17-390b-4067-ac34-3cf704e0ef6b,0,0,0,1,1,0,0,0,1,0,0
d8e12b1d-84cd-477f-be8d-7931cc69157e,0,0,0,0,1,0,0,0,0,0,0
d8e13d98-3fbe-455d-9579-cc71ba659a50,1,0,0,0,0,0,0,0,0,0,0
d8e401ff-9095-4950-8ded-85732d231d14,0,0,0,1,0,0,0,0,0,0,0
d8e57061-9f12-446b-8756-dd31a8c90a2a,0,0,0,0,1,0,0,0,0,0,0
d8e8be6b-b98f-44ae-bc55-8d772bfbd815,0,0,0,0,0,0,0,0,0,1,0
d8e9a1fb-ec40-46d0-9ccf-2b10ccaeb850,0,0,0,0,0,0,0,0,0,1,0
d8fcbd10-ed2c-42f2-b7b5-2b3800a1d20c,0,0,0,0,1,0,0,0,0,0,0
d904c087-73d2-458a-ba38-4367948d38da,0,0,0,0,1,0,0,0,0,0,0
d90aee3f-295e-41e8-a495-949796b7d5f2,0,0,0,0,0,0,0,0,0,0,1
d90e7209-4f0f-47fd-b99e-bf39ca80c4e9,0,0,0,1,0,0,0,0,0,0,0
d911a67f-e5dd-4277-847c-9170524250d3,0,0,0,0,1,0,0,0,0,0,0
d917e75f-7ded-47da-96a9-ba39ac9eba18,0,0,0,0,0,0,0,0,1,0,0
d922fdab-6a84-458b-9333-703ee3284b90,1,0,0,0,0,0,0,0,0,1,0
d9237328-d167-4e46-8d53-93b851169e68,0,0,0,0,0,1,0,0,0,1,0
d92ac22b-a575-418f-b6ee-14943427cfa7,0,0,0,0,1,0,0,0,0,0,0
d938da4c-c7cd-42d3-860f-0b5507f2e47f,0,0,0,0,0,0,0,0,0,1,0
d950f03f-af2d-412a-9427-50372c2f3c0e,1,0,0,1,1,0,0,0,0,0,0
d95186e3-b9f5-4b1d-84b0-400bb7d8ea48,0,0,0,0,0,0,1,0,0,0,0
d951aa1e-2101-457d-a36b-0dabf701a459,0,0,0,0,1,0,0,0,0,0,0
d960c15c-905b-4b87-94e2-35ab116e6886,0,0,0,0,1,0,0,0,0,0,0
d966dff9-696e-4db0-8fa6-ea74dbe28873,0,0,0,0,1,0,0,0,0,0,0
d96732f2-15f0-426a-a251-1b70cf631766,1,0,0,0,0,0,0,0,0,0,0
d969e414-eef9-439f-bf4e-3ad176de1c1a,0,0,0,0,0,0,0,0,1,0,0
d971e5da-768e-4cd4-94ad-14e6dd427c7e,0,0,0,0,0,0,0,0,1,0,0
d972edaf-f93c-40f3-ad11-c3ac5883f137,0,0,0,0,0,0,0,0,0,1,0
d97b8d9c-757f-4e96-913a-fe00d7c19a18,1,0,0,0,0,0,0,0,0,1,0
d98a8a1b-1efb-44df-a11b-bf3cde7d127d,0,0,0,0,0,0,0,0,0,1,0
d98b946c-e3ea-4c29-ba9b-92aaf4b7d907,0,0,0,0,0,0,0,0,0,0,1
d98cf376-7492-4d86-974f-4e9789abeccc,1,0,0,0,0,0,0,0,0,0,0
d98dc1c0-324b-426c-8d17-3176949348fb,0,0,0,0,0,0,0,0,0,0,1
d98e5ac7-8fa6-43a4-a5af-483789194591,0,0,0,0,0,0,0,0,0,1,0
d990fc03-2a2c-4f3e-a058-50eb377cabf3,1,0,0,0,1,1,0,0,0,1,0
d997411b-9d89-4997-a5a3-9506ac02761b,1,0,0,0,0,0,0,0,0,0,0
d99d9750-c43f-4fa0-b612-1b795b30f339,0,0,0,1,0,0,0,0,0,0,0
d9a16064-4df2-4b90-9150-2437876a1c59,0,0,0,1,0,0,0,0,0,0,0
d9a3b4f6-5144-4812-b64e-738fbfc1b43a,0,0,0,0,0,0,0,0,0,1,0
d9a444a4-73e3-4ad7-9feb-20ccf51b005e,0,0,0,0,0,0,0,0,0,0,1
d9b9c2a9-40d4-4d29-91ac-73a21a7b9da4,0,0,0,0,1,0,0,0,0,0,0
d9c71c2f-e195-49d7-b20a-b43031b76b93,0,0,0,0,1,0,0,0,0,0,0
d9ce168b-ec4a-4e9c-8c05-4b79fd664fee,0,0,0,0,0,0,0,0,0,0,1
d9dad354-f75e-4690-b898-84be499a246b,0,0,0,0,0,0,0,0,0,0,1
d9e6eb3c-c0af-494b-aad9-5fab68007692,1,0,0,0,0,0,0,0,0,0,0
d9f1ec31-657b-4cec-8bec-d30f7c9aaca3,0,0,0,0,0,0,0,0,0,0,1
d9f69afc-c647-42ea-82ea-200c86280465,0,0,0,0,0,0,0,0,1,0,0
d9f8b94f-8939-4f7f-ba26-2a680e7429fe,0,0,0,0,0,0,0,0,0,0,1
d9fa11d1-2a07-45cb-9b88-bdd43e79ecfe,0,0,0,0,1,0,0,0,0,0,0
da00d4b2-a37e-47a7-9c79-8c46480faec8,0,0,0,0,1,0,0,0,0,0,0
da03b442-9eca-4c8f-af89-2a61c15bc78c,0,0,0,1,0,0,1,0,0,0,0
da0962b4-006c-40a5-99d3-6b58e6f4b327,1,0,0,0,0,0,0,0,0,0,0
da09c784-443d-4e11-b18f-a2815311f761,1,0,0,0,0,0,0,0,0,0,0
da0ddecd-9511-4be3-89d4-d13c66183da6,0,0,0,0,0,0,0,0,0,0,1
da12ad84-e97b-4e85-bf89-ce6fb3a302e0,0,0,0,1,0,0,0,0,0,0,0
da2ca35a-9e3d-4263-b2eb-fcb40e7733d6,0,1,0,0,0,0,0,0,0,0,0
da2d4a27-80b6-4a09-b99b-8d50041e0541,1,0,0,0,0,0,0,0,0,1,0
da3acde7-8a93-47ed-b3f6-b51191f1d925,0,0,0,0,0,0,0,0,0,1,0
da54a262-f7eb-4e7a-89f8-00aa942651e3,0,0,0,0,0,0,0,0,0,0,1
da59aab2-bb76-48fd-966f-42114ebb624c,0,0,0,0,0,0,0,0,0,1,0
da60dacd-df91-4097-a7f3-918393bdab33,1,0,0,0,0,0,0,0,0,0,0
da622f3d-a451-48dc-9f7b-3d06a0aef6a0,0,0,0,0,1,0,0,0,0,0,0
da665e76-ca75-4a02-985e-031349292212,0,0,0,0,0,0,0,0,1,0,0
da67f2d0-eb37-4cf1-8ef2-e2e635e63eec,0,0,0,0,0,0,0,0,0,0,1
da6a6e1d-378b-43b3-85f9-f7c96eec14ac,0,0,0,0,0,0,0,0,0,1,0
da81802f-ffd1-4bb0-b2bc-7e633c1b1814,0,0,0,0,1,0,0,0,0,0,0
da8619d7-5a48-4c11-bdf2-6b23436c5a5a,0,1,1,0,0,0,1,0,0,0,0
da88f355-7642-4d55-b22a-08509f6ff292,0,0,0,0,1,0,0,0,0,1,0
da923e44-6c5c-44c8-b562-2472db31aa01,0,0,0,0,0,0,0,0,0,1,0
da957060-4e87-4787-b899-de14e8444ecd,0,0,0,0,0,0,0,0,0,0,1
daa738e0-e6c7-48d0-b882-69cf05e58187,0,0,0,0,0,0,1,0,0,0,0
daaf8300-63af-4cb2-aeb9-bb24c76a2b26,0,0,0,0,1,0,0,0,1,0,0
dab237df-28ef-4d6c-b147-55125c9a8469,0,0,0,0,0,0,1,0,0,0,0
dac085f2-149a-42ba-8fa3-6ba124ffdc0d,0,0,0,0,0,0,1,0,0,0,0
dac570ed-542e-48d5-8055-0fa1fa608072,0,0,0,0,0,0,0,0,0,1,0
dac7f065-9f95-4575-9966-1cd5ab199a4c,0,0,0,0,1,0,0,0,0,0,0
dadb8abe-0e51-4e74-a573-11c73d0cf159,0,0,0,0,0,0,0,0,0,1,0
dae5c5e4-0ab4-465b-9f0a-6e14a9aeaeb0,0,0,0,1,0,0,0,0,0,0,0
dae62076-ac18-42e6-a67c-569eb3679f3d,0,0,0,0,0,0,0,0,0,1,0
daf80723-64a9-4e26-85ab-77ef9f3db125,0,0,0,0,0,0,0,0,0,1,0
db0d00d9-d66f-419e-9df9-20ab24681d77,0,0,0,0,0,0,0,0,0,0,1
db108117-bd9e-42b1-826f-5bdb45cbde95,0,0,0,0,0,0,0,0,0,0,1
db1091ee-5014-40f8-8e24-5c201a300744,0,0,0,0,0,0,0,0,0,0,1
db127b82-ea76-4f10-ae3f-6c90c5ec11cb,0,0,0,1,0,0,0,0,0,0,0
db272d35-870d-4dc9-bd04-cc6b73ad92b3,1,0,0,0,0,0,0,0,0,0,0
db2f9dab-73fb-4284-b80d-0e86c03ab3e2,0,0,0,0,0,0,0,0,0,0,1
db358df4-144f-4add-9ebe-1ec30678669f,0,0,0,0,1,0,0,0,0,0,0
db3707f4-a345-4c44-9c7f-e893d1d95ca9,0,0,0,0,0,0,0,0,0,0,1
db419519-61d1-4b78-8228-ac21a41714e5,0,0,0,0,1,0,0,0,0,0,0
db44bc80-327d-47c2-ba05-48d022d3d4ec,0,1,0,0,0,0,0,0,0,0,0
db47160e-d6c9-488f-b45d-758d22436cd5,0,0,0,0,0,0,0,0,0,1,0
db574cb2-e3a3-4585-b1a8-e027e714c2c0,0,0,0,0,0,0,0,0,0,0,1
db5a171a-81a5-4927-966a-eefd5d10a2ce,0,0,0,0,0,0,0,0,0,0,1
db5a4b70-7715-4152-8d26-e720e82f35a8,1,0,0,0,0,0,0,0,0,0,0
db6a72b8-c8d2-40dd-8b8a-7d8e85ab17e6,0,0,0,0,0,0,0,1,0,0,0
db6fc27c-5070-4f82-b0e1-b960140f4be5,0,0,0,0,1,0,0,0,0,0,0
db76c614-c611-4a3c-a3b0-800f50e7dc12,0,0,0,0,0,0,0,0,0,1,0
db7d4fa4-9ba8-46ab-8685-6c964c27463b,0,0,0,0,1,0,0,0,0,0,0
db7fff92-b5ac-43b9-9761-3d7d6161fead,0,0,0,0,1,0,0,0,0,0,0
db8c05f1-c9c3-40a7-b112-5b93894b7de0,1,0,0,0,0,0,0,0,0,0,0
db8f8222-83fc-4759-ab2b-29cde979afb9,0,0,0,0,1,0,0,0,0,0,0
db961b72-935b-4414-b468-ac559af8f496,0,1,0,0,0,0,0,0,0,0,0
db999fed-c12a-4bad-913d-a5c757f75767,0,0,0,0,0,0,0,0,0,1,0
db9cecb6-e655-4da8-bde5-f59a1f962470,0,0,0,0,0,0,0,0,0,1,0
db9f9e78-d033-4205-9b29-39684bc34239,0,0,0,1,0,0,0,0,0,0,0
dba18267-cb9e-4d1a-91ae-ab4f9c66bd65,0,0,0,1,0,0,0,0,0,0,0
dba446b1-f247-474c-a182-5795e4b731c7,0,0,0,0,0,0,0,0,1,0,0
dba680d0-2d35-4b3a-89a7-1ffe11ca0891,0,0,0,0,0,0,0,0,0,0,1
dbb119e1-b66e-4bd8-afc7-d3d9d92801d9,0,0,0,1,0,0,0,0,0,0,0
dbb18e42-c163-4b4d-b720-a36b691e5913,0,0,0,1,0,0,0,0,0,1,0
dbb942ff-ba34-4aec-a8bb-150e9b36a9b5,0,0,0,0,1,0,0,0,0,0,0
dbbb4586-442a-4f90-8de4-eda49500d412,0,0,0,1,0,0,0,1,0,0,0
dbbd5383-2df8-49cb-9159-6058fa801dd1,0,0,0,0,0,1,0,0,0,0,0
dbbf5ff8-af29-4910-98d1-c05360574be2,0,0,0,1,0,0,0,0,0,0,0
dbc7c662-995a-413d-bf40-f2d0efa05acc,0,0,0,0,0,0,0,0,0,0,1
dbc94133-ba65-4fa0-9078-4bb5cd394f2b,0,0,0,0,0,0,0,0,0,1,0
dbcfce5b-ffc3-43ad-9a19-a5a35afb768f,0,0,0,0,0,0,0,0,0,1,0
dbe1a39a-d064-48ad-b539-214069c1543a,1,0,0,0,0,0,0,0,0,0,0
dbe45680-52f2-47eb-a80a-b4ab978c1044,0,0,0,0,0,0,0,0,1,0,0
dbe601f3-c29c-4250-88e5-5f2a5f9a9e20,0,0,0,0,0,0,0,0,1,0,0
dbe7d8b1-fb5c-4077-9481-65ec2e7fc01d,0,0,0,0,0,0,0,0,1,0,0
dbe8b683-64d9-4661-9789-899e53774025,0,0,0,0,1,0,0,0,0,0,0
dbe9d0f0-3d52-4b05-bae4-8fcfb0c9013c,1,0,0,0,0,0,0,0,0,0,0
dbf00a5d-f8ea-41cb-a6c6-7ea0a03c8495,0,0,0,0,0,0,0,0,0,1,0
dbf5f962-b19f-4856-9ddb-79771c3f6682,0,0,0,0,0,0,0,0,0,1,0
dbf8afec-59ec-4a40-a017-e2213fda3bda,0,1,0,0,1,0,0,0,0,0,0
dbf97202-b2a1-4010-ae0b-a87808e7a4be,1,0,0,0,0,0,0,0,0,0,0
dbfd37bf-f4d0-4de8-b214-40502e8d91e4,0,0,0,0,1,0,0,0,0,0,0
dc0d4365-673f-47b8-ad87-beea89df82d6,1,0,0,0,0,0,0,0,0,0,0
dc1543bf-4abd-4c95-a552-b2039ec50dc4,0,0,0,0,0,0,0,0,0,0,1
dc173034-0e71-4a07-89c2-aa4f13096b47,0,0,0,0,0,0,0,0,1,0,0
dc185e86-3507-4c9b-9df9-5a4a7f927792,0,1,0,0,0,0,0,0,0,0,0
dc225283-9500-48ce-9b09-2896cba033a2,1,0,0,0,0,0,0,0,0,0,0
dc27fb0f-797a-4f9f-8e7c-242e79be221e,0,0,0,1,0,0,0,0,0,0,0
dc2dac18-b399-4f1d-b0c9-5ecd3abe1463,1,0,0,0,0,0,0,0,0,1,0
dc3636d6-e5db-493d-8d8e-9b100f7c06c5,0,0,0,0,1,1,0,1,0,0,0
dc429cde-646d-4927-bb03-62037094a899,0,0,0,0,1,0,0,0,0,0,0
dc43699a-0e82-4b80-9f32-885d7805d8e6,0,0,0,0,1,0,0,0,0,0,0
dc452bca-fcf9-4650-8f29-29b73ed21320,0,0,0,0,0,0,0,0,0,1,0
dc4c4d80-571f-45f2-9275-7870ffab08ce,0,0,0,0,0,0,0,0,0,0,1
dc559670-d734-43c3-b0ac-16472c5451a3,0,0,0,0,1,0,0,0,0,0,0
dc727ec6-a29d-4fa8-b177-dcf25738419b,0,0,0,0,0,0,0,0,0,0,1
dc8197e4-a07f-4a31-8500-d97b1ca7bbba,0,0,0,0,0,0,0,0,0,0,1
dc850896-bfd6-4f07-9f47-a8b83c61ce83,0,0,0,0,0,0,0,0,1,0,0
dc852734-85d0-4ac5-8c86-35db2ede278f,0,1,0,0,0,1,0,0,0,0,0
dc870e46-36de-46b0-a308-7fa6db1acf43,0,0,0,1,0,0,0,0,0,0,0
dc891d11-a1f2-439a-b036-d5713f632701,0,0,0,0,0,0,0,0,0,1,0
dc90ad5b-cd28-461b-97e8-4caac4078fe3,0,0,0,0,0,0,0,0,0,0,1
dc93baa3-32d9-4b4b-935e-b5b8a387a808,0,0,0,0,1,0,0,0,0,0,0
dc95f84f-2c72-4800-a037-8d62985d5247,0,0,0,0,0,0,0,0,0,0,1
dca6af92-ba5f-4009-a2d5-a0f84f310afa,0,0,0,1,0,0,0,0,0,0,0
dca7886e-e178-43e4-a5fb-f4498d1dbc50,0,0,0,0,1,0,0,0,0,0,0
dca93d0f-07a3-4da4-80ca-b8b9192c7729,0,0,0,0,0,0,0,0,0,0,1
dcac2246-fd7c-4f13-8079-d08dfca0c1c2,1,0,0,0,0,1,0,0,0,1,0
dcbd584c-20ff-4f7f-aaa9-4e5dd931aba7,0,1,0,0,0,0,0,0,0,0,0
dcc8772f-b7d0-41e4-8595-55178e6caeb3,0,0,0,0,0,0,0,0,0,0,1
dccaefef-7c27-4950-9669-90ab3a5e3ed3,0,0,0,1,0,0,1,0,0,1,0
dccd3e81-8e67-4af1-86c0-f7fbc38e0eca,0,0,0,0,0,0,0,0,0,1,0
dcd86bb7-ba65-43fa-b334-ec8c9001e1f5,0,0,0,0,0,0,0,0,0,0,1
dcdabca9-432d-4ce0-8883-0c7f76659254,1,0,0,0,0,1,0,0,0,1,0
dce1c4b5-8581-45b9-b2cd-df441c72c0ae,0,0,0,0,0,0,1,0,0,0,0
dce678ff-edc0-465e-8fc3-825901ee4ddb,0,0,0,0,0,0,0,0,0,0,1
dd0a0940-e8cb-4c7a-b320-7222ba8fad69,1,0,0,0,0,0,0,0,0,0,0
dd0e11cc-f987-4646-9619-a8c40d01ae28,0,0,0,0,0,0,1,0,0,0,0
dd1b4590-0156-478b-b67e-184e9b6d0431,0,0,0,0,1,0,0,0,0,0,0
dd1bb530-5dc4-426a-9e1b-35bcc4e4edb8,0,0,0,0,0,0,0,0,1,0,0
dd1e17b8-6b36-4ff1-9cc5-7d592319e8fe,0,1,0,0,0,0,1,1,0,0,0
dd23945d-777f-49b7-8eea-e071f4c2c15e,0,0,0,0,1,0,0,0,0,0,0
dd27af57-cb01-4608-9a36-76d049339fec,0,0,0,0,1,0,0,0,0,0,0
dd39fffc-5f0c-4de2-b307-8b6429072656,1,0,0,0,0,0,0,0,0,0,0
dd405cba-6442-4f55-848c-e38811fa7ccd,0,0,0,0,0,0,0,0,0,1,0
dd49f68b-0e68-4219-bb57-2e1beb054d7f,0,0,0,0,1,0,0,0,0,0,0
dd682852-b90f-40b9-89b3-dc780023cbb9,0,0,0,0,0,0,0,0,0,0,1
dd68485b-5e7b-4d04-bcb4-952024195845,0,0,0,0,0,0,0,0,0,1,0
dd68f0e4-1a67-4c35-8ff4-aacc7c3751d3,0,0,0,0,0,0,0,0,1,0,0
dd69f602-04ca-43ac-9f97-ba301c8d3d41,0,0,0,0,0,1,0,0,0,1,0
dd6e4fd5-e812-4b9a-83ba-a31dfefa6d63,1,0,0,0,0,0,0,0,0,0,0
dd7177be-af43-4d61-9c04-1223f0792be0,0,0,0,1,0,0,0,0,0,0,0
dd7a5ad6-4a01-432a-846a-5103cb42be8f,0,0,0,1,0,0,0,0,0,0,0
dd7b4406-576e-489c-81cf-8e76e2fcdcea,0,0,0,1,0,0,0,0,0,0,0
dd8daa16-e86b-4b61-afba-09796f624857,0,0,0,0,1,0,0,0,0,0,0
dd8de298-8865-4ff6-ada3-860f23513b0d,0,0,0,0,1,0,0,0,0,0,0
dd923ec8-edff-4a25-9c1a-940e48494cde,0,0,0,0,0,0,0,0,0,0,1
ddaa2213-a521-469c-b929-939437e0541f,0,1,0,0,0,0,0,0,0,0,0
ddbdaa39-4ad3-4c0b-8dff-e8aee45af04c,0,0,0,0,0,0,0,0,0,1,0
ddc098e6-fcb9-442e-b13b-4da636219f2e,0,0,0,0,1,0,0,0,0,0,0
ddc8bce0-40b0-4609-8372-317c81c19ce9,0,0,0,0,1,0,0,0,0,0,0
dde423f5-5a36-4d85-943a-61583106ba89,1,0,1,1,0,0,0,0,0,0,0
dde52bf8-3bbf-49ec-aca6-85385e267146,0,0,0,0,0,0,0,0,0,0,1
de06842c-549b-474f-b871-71cbb45ebe01,0,0,0,0,0,0,0,0,0,1,0
de1b5be9-8416-4e7c-acd0-d0b0f87ccf75,0,0,0,0,0,0,0,0,1,0,0
de23a5a0-610f-4353-92dd-acf4cd5e917d,0,0,0,0,1,0,0,0,0,0,0
de2733f7-2d47-498f-81c7-546308f5d882,0,0,0,1,0,0,0,0,0,0,0
de2840dd-27e1-45e1-af06-582e576dced3,0,1,0,0,0,0,0,0,0,0,0
de28a8b8-eb5b-450f-ac3c-0a7077b2abb2,0,1,0,0,0,0,0,0,1,0,0
de34682b-c0a3-4c02-842b-337062a14c5b,0,0,0,0,0,0,0,0,0,1,0
de364ced-3980-4115-a8ee-a99be4f948f6,0,0,0,0,0,0,0,0,0,1,0
de38660b-57fb-4f5f-aa32-3fffe66b90c6,0,0,0,0,0,0,0,0,1,0,0
de3dce66-a528-4243-a9f1-3ec5b7e61cd9,0,0,0,0,1,0,0,1,0,0,0
de405875-2729-4f06-9246-bbbc10824182,0,0,0,0,0,0,0,0,0,0,1
de449ffa-f2cf-491a-91b9-0e06a034f29b,0,0,0,0,1,0,0,0,0,0,0
de49582c-21b7-4881-9739-b2623c0c8f89,0,0,0,0,1,0,0,0,0,0,0
de4f61d2-0131-4b5f-9dda-1a71e2d04b41,1,0,0,0,0,0,0,0,0,0,0
de5f10e0-5a43-4cd4-b26e-b50a090fcd80,0,0,0,0,0,0,0,0,0,1,0
de69e63c-e213-4a80-8929-c307bacb38eb,0,0,0,0,0,0,1,0,0,0,0
de84e970-0441-4775-b07d-8313daee528f,0,0,0,0,0,0,0,0,0,1,0
de850f61-ce53-418e-8b6f-f0bd0580811d,1,0,0,0,0,0,0,0,0,0,0
de8773e6-e8dd-43cd-aeed-947928a93ae6,0,0,0,0,0,0,0,0,0,1,0
de886080-42d2-49c1-8a69-54dc95069ae4,0,0,0,0,0,0,0,0,0,0,1
de88c676-a03b-49f1-9a3a-02722d112ed1,0,0,0,0,0,0,0,0,0,0,1
de8d63fd-618e-4d6b-ab48-4e802dfeb333,1,0,0,0,0,0,0,0,0,1,0
de934564-5a6f-4f93-94f6-5a9602f97a9b,0,0,0,0,0,0,0,0,0,1,0
de9580f4-6af8-47df-859d-c22df2c8a839,0,0,0,0,1,0,0,0,0,0,0
de9e4151-0a8d-4877-a4d9-1ebf2934a846,0,0,0,0,0,0,0,0,0,0,1
de9e7128-8a2a-446c-b2dc-b813d1451a45,0,1,0,1,0,0,0,0,0,0,0
de9fa419-b120-479c-b397-2e482f3af5e4,1,0,0,0,0,0,0,0,0,0,0
deab0847-9bf8-4f9a-9e71-07c8d3ccbd5a,0,0,0,0,0,0,0,0,0,1,0
deb77b3b-a2eb-4d59-9eec-43b13c63131e,0,0,0,0,0,0,0,0,0,1,0
dec0afdb-c6c9-4741-a9b2-d619f9d19f1b,0,0,0,0,0,0,0,0,1,0,0
dec5e464-ec63-4228-80a8-9e1613e31a81,0,0,0,1,0,0,0,0,0,1,0
dec81513-3552-4fe0-9e63-fad3b0ce8fc9,0,0,0,0,0,0,0,0,1,1,0
ded00474-c3d2-46a6-ab3b-2a0d2715d5e1,0,0,0,0,0,0,0,0,1,0,0
ded05e50-dd1d-4f39-9747-2ac5e4e1f467,0,0,0,0,1,0,0,0,0,0,0
ded572b4-55f1-4400-a384-cabd1d04da85,0,0,0,0,0,0,0,0,1,0,0
ded906b0-f703-4ad1-87ba-d4914731ff57,0,0,0,0,0,0,0,0,0,0,1
dee5234b-4af1-445b-a0d0-a7603dbbd5d9,0,0,0,0,1,0,0,0,0,0,0
deeabf58-9f14-493b-a032-6f5de6978861,0,0,0,0,1,0,0,0,0,0,0
df0146f1-3dd4-439e-a743-8565c558961f,0,0,0,0,0,0,0,0,0,1,0
df045578-8a8d-4f52-a79c-1e9c64fa9f63,0,0,0,1,0,0,0,0,0,0,0
df046427-541f-4900-b6c9-05417f6cea41,0,0,0,0,1,0,0,0,0,0,0
df0d491c-1b3d-4517-ba17-40a4dd5af69d,0,0,0,0,0,0,0,0,0,0,1
df1bffa9-402b-4a93-9f36-51831f2242bb,0,0,0,0,0,0,0,0,0,0,1
df1dd96f-a03b-46c4-8594-c504a7e3e95c,0,0,0,0,0,0,0,0,1,0,0
df354d4a-58eb-4b0a-9065-7e726e1908ce,0,0,0,1,1,0,0,0,0,0,0
df3b83ee-303c-4a44-bbc0-a1d4c9aa0eed,0,0,0,0,0,0,0,0,0,1,0
df449679-73a3-4c05-98ec-522f6f1f0894,0,1,0,0,0,0,0,0,0,0,0
df4ebac2-cab8-4f27-be94-c80a4486c8d6,0,0,0,0,0,0,0,0,0,0,1
df528883-0d9c-4f1d-95a4-e860ea59f444,0,0,0,1,0,0,0,0,0,0,0
df54f03f-db2a-47e4-9326-04cc684a1f2d,0,0,0,1,0,0,0,0,0,0,0
df599554-4515-483f-b831-e3a3d93d372b,0,0,0,0,0,0,0,0,1,0,0
df5bee2f-7a1c-48b8-9dea-24abfcc66452,0,0,0,0,0,1,0,0,0,1,0
df6fc150-b001-4f7e-9be2-a1735c2da11e,0,0,0,0,0,0,0,0,0,1,0
df763a64-a35d-42ed-85fe-3d7b5b52c25c,0,0,1,1,0,1,0,0,0,1,0
df7cba81-08ba-415b-9b64-ddb36ae9fce3,0,0,0,0,0,0,0,0,0,0,1
df92d69b-d51a-4e95-84de-74350ab60207,0,0,0,0,0,0,0,0,0,0,1
df9755cb-4f2f-43a1-ace7-4c1589771265,0,0,0,0,0,0,0,0,0,0,1
dfa03b4d-1119-41ad-afd4-0ca8861daae9,0,0,0,1,0,0,0,0,0,0,0
dfa87c33-d607-4a15-9ab4-66bb906c9e23,0,1,0,0,0,0,0,0,1,0,0
dfb26624-d5cf-47c4-a959-9bba838d4eee,0,0,0,0,1,0,0,0,0,0,0
dfb752c9-9685-4cf8-a4cc-e8c0c0c1749d,0,0,0,1,0,0,0,0,0,0,0
dfb98bd7-6d19-4fb6-970c-a0ec031c98b7,0,0,0,0,0,0,0,0,0,1,0
dfc21e95-f67f-4c31-8df6-a1caf42aa180,1,0,0,0,0,0,0,0,0,0,0
dfe23fc1-1802-4cba-9fdc-e76626baf1b4,0,0,0,1,0,0,0,0,0,0,0
dff08ec7-8a65-4c2c-bcb9-5fc005859306,0,0,0,0,0,0,0,0,1,0,0
dff29e58-c9be-4521-b74b-13b778978613,0,0,0,1,0,0,0,0,0,0,0
dffa3e3a-5242-46d8-90fd-488ebfd73ced,0,0,0,0,0,0,0,0,0,1,0
dffbeb97-c253-4239-9a27-e4a63e6b690b,0,0,0,0,1,0,0,0,0,0,0
e0093b13-aa8c-41fa-9501-02918760cdca,1,0,0,0,0,0,0,0,0,0,0
e009cc6b-d734-415e-8c0f-6ff74dd771df,0,0,0,0,1,0,0,0,0,0,0
e00cddad-cc57-4b2b-b589-b0960d505bce,0,1,0,0,0,0,0,0,0,0,0
e0103014-cfbf-413d-9851-c518378bf827,0,0,0,0,1,0,0,0,0,0,0
e01409a5-8891-4e8b-982d-f1a077bac236,0,0,0,0,0,0,0,0,0,1,0
e0145325-6631-4174-87e6-6057fb96ac03,0,0,0,0,0,0,0,0,0,1,0
e01d3a88-103c-466c-aaf1-7e1b4baca67a,0,0,0,1,0,0,0,0,0,0,0
e02232c3-7341-4e93-ab88-475bf8f7f632,0,0,0,0,0,0,0,0,1,0,0
e0264b13-9782-475a-9be4-4d82bc9f1016,0,0,0,0,1,0,0,0,0,0,0
e028eed2-5ad0-4749-9f9a-3f0df39b7e39,0,0,0,0,0,0,0,0,0,1,0
e0290ca8-e85f-4230-bfbe-40dc9987d4b1,0,0,0,1,0,0,0,0,0,0,0
e03311fa-4043-4fb2-9198-7d1e1da3172f,0,0,0,0,0,0,0,0,0,1,0
e03805cb-8204-442d-8aa0-777b9b4ba5c2,0,0,0,0,0,1,0,0,0,1,0
e03d6cb2-e8b8-4c67-845a-b1d8b2f739b2,0,0,0,0,1,0,0,0,0,0,0
e03e9f6f-3d86-4c1b-8eec-4fecc0d5d7a2,0,0,0,0,0,0,0,0,0,0,1
e03eb63a-78c4-4f26-a9a9-b55adabccb49,0,1,0,1,0,1,0,0,0,1,0
e0430534-f570-4dfa-a59a-742ee980d79b,0,0,0,0,1,0,0,0,0,0,0
e0464894-3377-4e5a-85c8-6b8646fb5ff9,0,1,0,0,0,0,0,0,0,0,0
e046ef3a-e1f7-40b6-b149-cc1a743f1785,0,0,0,0,0,0,0,0,0,1,0
e04823d7-e3ba-4061-a146-9c37831b4f5d,0,0,0,0,0,0,0,0,0,1,0
e0490671-f96a-4e17-9b5e-c5cc294513a9,0,0,0,0,1,0,0,0,0,0,0
e04c11bd-6d1c-459a-8e4c-40d319d24591,0,0,0,0,0,0,0,0,0,1,0
e05e262d-860c-44be-a90c-d8813ea8ee5d,0,0,0,0,0,0,0,0,0,1,0
e063eac5-d704-45f7-9771-737c6e7f48e4,0,0,0,0,0,0,0,0,0,0,1
e06eb635-b509-4a2c-b408-4e5cddaaaaf9,0,0,0,0,0,0,0,0,1,0,0
e070c56f-10c5-4dd2-b652-69bbf30cdea7,0,0,0,0,0,0,0,0,0,0,1
e0797a17-8523-4cf7-98aa-353e533ac4a3,0,0,0,0,0,1,0,0,0,1,0
e0837c07-530b-495d-a6be-5fdea7ee83c5,0,0,0,1,0,1,0,0,0,1,0
e096bba9-af8d-4e6b-b7c3-5ebb2bbc08dc,0,0,0,1,0,0,0,0,0,0,0
e09e6dd1-4978-4790-88c8-8d6371ca3520,1,0,0,0,0,0,0,0,1,0,0
e0a94063-4261-4134-aade-53b7b0b91252,0,0,0,0,0,0,0,0,0,0,1
e0ae6d16-e941-49d4-bc50-020e576d91f9,0,0,0,0,0,0,0,0,0,0,1
e0bc7f09-4d64-4964-a66c-1d9f497b2591,0,0,0,0,0,0,0,0,0,0,1
e0c8345d-2a72-4412-8cd7-c47f95f61ece,0,0,0,0,0,0,0,0,0,1,0
e0ce1589-6538-437e-9b86-c0587efeb3d4,0,0,0,0,0,0,0,0,0,0,1
e0d5832a-7edf-4c59-923d-998c3d9f8695,0,0,0,0,0,0,0,0,1,0,0
e0d6626d-d405-4156-99a7-5ebbf5b55604,0,0,0,0,1,0,0,0,0,0,0
e0de2918-f251-4c43-a09f-77bc09ae459d,0,0,0,0,1,0,0,0,0,0,0
e0f343e9-b640-4282-a557-edf8fa7e1a7e,0,0,0,0,1,0,0,0,0,0,0
e1065963-08ed-49e1-b747-5a0b2c42ae94,0,0,0,0,0,0,0,0,0,1,0
e107ce6a-1925-471a-8f6b-cfac54e2ffb1,0,0,0,0,1,0,0,0,0,0,0
e10a1ad9-941e-4ed9-a5ee-73addb2e61fc,0,0,0,0,1,0,0,0,0,0,0
e10ae03e-2ecd-48c8-a87a-5d9c02456330,0,1,0,0,0,0,0,0,0,0,0
e1186ba8-d34f-478a-9fa5-39e781831b8b,1,0,0,0,0,0,0,0,1,0,0
e1244877-19a9-45be-9d28-0fe64dc88d81,1,0,0,0,0,0,0,0,0,0,0
e13e759b-7867-4e85-96c1-0d04517b5e5b,0,0,1,0,0,0,0,0,0,1,0
e144bad8-3ad9-4d17-a946-10ac0a8a8d86,0,0,0,0,0,1,0,0,0,1,0
e14645e5-01dc-47b3-9805-bf81310005d0,1,0,0,0,0,1,0,0,0,1,0
e1477f5e-ec7d-4bb6-ab04-a9747421cb14,0,0,0,0,0,0,0,0,0,1,0
e1538b6b-05ba-4e21-abaa-c394dc56c29a,1,0,0,0,1,1,1,0,0,1,0
e153fcf0-a9b0-47a6-8fff-2b906015838e,0,0,0,1,0,0,0,0,0,0,0
e159b268-fc3d-4f12-a723-54b8bafb27d7,0,0,0,0,0,0,0,1,0,0,0
e16fcaf1-1752-4f0b-9a3a-2f47f57ed3fd,0,0,0,0,0,0,0,0,0,0,1
e173f264-b1fd-432d-a7cf-a4ed09e5e8c6,0,0,0,0,1,0,0,0,0,0,0
e174ce0d-75f0-4cdc-a6f2-f6bef510f7a4,0,0,0,0,0,0,1,0,0,0,0
e1784e47-9ce3-4fae-b4b5-53fefd7f1b34,0,1,0,0,0,0,0,0,0,0,0
e179dafb-4022-4477-b837-88cc2f1b4fa0,0,0,0,0,0,0,0,0,1,1,0
e184f0f8-85f2-4d60-af96-12a3ae51ab83,0,0,0,0,0,0,0,0,0,1,0
e185a3b7-486e-42f9-92d3-531e9a2a4efb,0,0,0,0,0,0,0,0,0,1,0
e18ad1ad-7a27-49e2-a7a8-c3a26a0a7ec3,0,1,0,1,0,0,0,0,0,0,0
e18d792e-5f9d-4f1b-93a9-8df692ed7bb2,0,0,0,1,0,0,0,0,0,0,0
e18fa25e-01a6-473d-b553-70a9750b3a1f,0,0,0,1,0,0,0,0,0,0,0
e18fcc93-52b6-4f08-a541-8c65b7a10733,0,0,0,0,1,0,0,0,0,0,0
e198be06-7694-4d93-b2f7-61d71e91ca48,0,0,0,0,0,0,0,0,0,1,0
e1a15c8d-aeab-42ed-8287-d6f56d898c8d,1,0,0,0,0,0,0,0,0,1,0
e1a3c76e-95b0-4bfb-9a19-0a21533e8c09,0,0,0,0,0,0,0,0,0,0,1
e1b0fea5-b13e-482b-9af2-3fef98b53460,0,0,0,0,1,0,0,0,0,0,0
e1b901c8-4bb6-4a01-98db-13a9dcb2b821,0,0,0,0,0,0,0,0,0,1,0
e1bee01f-5ed7-4356-b3a6-051cb8eb4765,0,0,0,1,0,0,0,0,0,0,0
e1bf6768-1962-4336-b618-2cee62a275d2,0,0,1,0,0,0,0,0,0,0,0
e1c6ffba-025c-49b7-8e85-c29ec3483d79,0,0,0,0,0,1,0,0,0,0,0
e1cc3b28-7ec2-48c6-802f-96d33dad1f98,0,0,0,0,0,0,0,0,0,1,0
e1e578a9-c0ca-4f18-ac41-0972cca096ed,0,0,0,1,0,1,0,0,1,0,0
e1faf4eb-ed2e-4997-8331-eb8000271e5f,0,0,0,0,0,0,0,0,1,0,0
e1fb58b1-c2cb-4611-a085-1cdda28a8b58,1,0,0,0,0,0,0,0,0,0,0
e200c39a-de91-48ed-87f5-b110c1585b44,0,0,0,0,0,0,0,0,0,1,0
e2073d63-018f-4389-ad3b-9eca7fcf8e31,0,0,0,0,0,0,0,0,0,1,0
e20740df-b779-4927-9756-a709b4d8f117,0,0,0,0,0,0,0,1,0,0,0
e208a30f-f61e-45a5-a866-f47d4a5e673f,0,0,0,0,0,0,0,0,0,0,1
e20e8763-a33e-4e9a-8547-c6e8f20c8cae,0,0,0,0,0,0,0,0,0,1,0
e21292f8-1a57-4dd6-a945-2bd50bac2979,0,0,0,1,0,0,0,0,0,0,0
e215e810-7a7c-4d64-a95f-d041747f554f,0,0,0,0,0,0,0,0,0,1,0
e21bf7d3-8ac8-4f46-962c-ea78df3588e0,0,0,0,0,0,0,0,0,0,1,0
e21d8854-4540-4e96-b0eb-758bb54b112e,1,0,1,0,1,0,0,0,0,0,0
e22988be-9d21-4b8a-8d3e-8137ac0aa4f3,0,0,0,0,1,0,0,0,0,0,0
e22d4997-3be6-4950-b7db-3323e40a88b5,0,0,0,0,1,0,0,0,0,0,0
e22effbc-e2da-471b-addc-6a2d859f31d2,0,0,0,0,0,0,0,0,0,1,0
e23cb7b7-1058-4476-b82e-d25e8a5e8196,0,0,0,0,0,0,0,0,0,0,1
e2404e85-6406-4b17-b8dc-8da299b9ed9b,0,0,0,0,0,0,0,0,1,0,0
e247a95e-d573-4549-9182-122b5aceb51d,0,0,0,1,0,0,0,0,0,0,0
e250506d-5eca-4b2e-aedd-9d828727e5ec,0,0,0,0,1,0,0,0,0,0,0
e253a9d0-b29f-4a50-ab6a-a088aa09d002,0,0,0,0,1,0,0,0,0,0,0
e253f94c-8f32-451e-baaf-2fd97f87ccab,0,0,0,0,0,0,0,0,0,0,1
e25a79a9-9d78-46b8-a283-69db78037f4c,1,0,0,0,0,0,0,0,0,0,0
e25df206-b5e8-4302-9906-4cea8762a0a7,0,0,0,0,0,0,0,0,0,0,1
e260f93a-a466-478c-befc-bc957dcd5ed0,0,1,0,0,0,0,0,0,0,0,0
e26e61e5-9ec6-4e3d-b3ae-f28c39222be5,0,0,0,1,0,0,0,0,0,0,0
e27d5d3e-e027-44b7-a941-209f1027902a,1,0,0,0,0,0,0,0,0,0,0
e27dcd6c-3d1c-49c1-a2fa-5b5ffbcebe50,0,0,0,1,0,0,0,0,0,0,0
e2823804-178e-4b88-a5b1-03b0a6ff8c51,0,0,0,0,0,0,0,0,0,1,0
e28a7941-bf6d-4c52-bdb2-897828cb25da,0,0,0,0,0,0,0,0,0,1,0
e29235f7-9fd0-4272-acd6-d6ba990e2f52,0,0,0,0,0,0,0,0,0,1,0
e2944d27-60af-4d8f-8437-47881001155b,0,0,0,1,0,0,0,0,0,0,0
e2988e68-7024-4aee-b752-c013876890e7,0,0,0,0,0,0,0,0,0,1,0
e2991bd2-80c2-418e-b839-ccfd3e09a887,0,0,0,0,1,0,0,0,0,0,0
e29c4ebc-9058-4834-8d96-197b0fe0b771,0,0,0,0,1,0,0,0,0,0,0
e2a27c0e-964d-4dcc-a4c1-f6b083170f47,0,0,0,0,1,0,0,0,0,0,0
e2a52def-f29f-41e7-bbdb-739bb436e2c5,0,0,0,0,0,0,0,0,0,0,1
e2a70498-be1e-4b55-83d6-674c327383ca,0,0,0,0,0,0,0,0,0,1,0
e2b7b68e-f549-451b-87be-47387268d46f,0,0,0,0,1,0,0,0,0,0,0
e2bf025b-234a-4a28-9c3b-39705fc66319,0,0,0,0,1,0,0,0,0,0,0
e2c586af-709a-483b-845c-d2b19b764b89,0,0,0,0,0,0,0,0,0,0,1
e2c93dc0-4316-4987-9a8b-f4c6f3ac1234,1,0,0,0,0,0,0,0,0,0,0
e2ccc086-7ffa-44bc-9c8c-6b148fbf8422,0,1,0,1,1,0,1,0,0,0,0
e2cd3188-4edf-4673-a920-6dfb6cc0c791,0,0,0,0,0,0,0,0,0,1,0
e2ce53ec-786a-4e2f-aaae-69c387304d87,0,0,0,1,0,0,0,0,0,0,0
e2d1edcc-c565-41d5-a94b-5007d2f34421,0,0,0,0,1,0,0,0,0,0,0
e2d52a4e-658b-473c-98c9-8e23d2a6a8cc,0,0,0,0,0,0,0,0,0,0,1
e2de1b16-79bb-4a58-8846-8a4f48c3e1bc,0,0,0,0,1,0,0,0,0,0,0
e2df5d8e-9c7f-4021-a3f4-3b48e5e3e7ec,0,0,0,0,0,0,0,0,0,1,0
e2e10bc4-3d1b-4863-88e8-e21f20eaf4b7,0,0,0,0,0,0,0,0,0,1,0
e2e324e8-1fb0-4914-a521-57633ea93bc1,0,0,0,0,0,1,0,0,0,0,0
e2f36de4-d173-47cd-bd9d-b79b9cbbcc4c,1,0,0,0,0,0,0,0,0,0,0
e2f705c9-271a-47dd-9180-e96aeb20fdc8,0,0,0,1,0,0,0,0,0,0,0
e2fbee09-4582-4ddb-b8ec-0a29df1a6dea,0,0,0,1,0,0,0,0,0,0,0
e2fee277-3bad-4fbf-aab0-219e3979418c,0,0,0,0,0,0,0,0,0,1,0
e309ed4f-4f98-4589-8424-55ad189ba7ba,0,1,1,0,0,0,0,0,0,0,0
e30edd53-b5b8-47c4-baa1-572b62f2db9b,0,0,0,0,0,0,0,0,0,1,0
e3134926-bc1c-455e-86b3-2342433124ab,0,0,0,0,1,0,0,0,0,0,0
e3137dcf-8e9e-4ec2-ba2a-98c70dc57583,1,0,0,0,0,0,0,0,0,0,0
e3240433-cf80-466e-ba63-abde396fd17d,0,0,0,0,1,0,0,0,0,0,0
e32e8be4-cc99-4e83-ab00-5bcc42b5bea3,1,0,0,0,0,0,0,0,0,0,0
e33908b9-42c3-4e6e-9578-6cc2dff8052e,0,0,0,0,0,1,0,0,1,0,0
e33cac4e-ea7d-4393-8c2a-603c9ecc7458,0,0,0,0,0,0,0,0,0,0,1
e341afe9-de70-4d89-bd1e-5ef2fef727dd,0,0,0,0,1,1,0,0,0,0,0
e3425a6b-a35e-4902-a231-4593e2918135,0,0,0,0,1,0,0,0,0,0,0
e34810c2-6224-4761-a240-176ab8536012,0,0,0,1,0,0,0,0,0,0,0
e34c6b37-eaa0-4a37-b865-df7aa40db927,0,0,0,1,0,0,0,0,0,0,0
e34d6e95-6eb5-428b-b8ec-42a4a9f85a02,0,0,0,0,0,0,0,0,0,0,1
e354e4c6-f816-4f42-b0a5-e671f3343322,0,0,0,0,1,0,0,0,0,0,0
e360d01b-4355-41f0-b66f-20d3251b2538,0,0,0,0,1,0,1,0,0,0,0
e36f9524-476b-4673-9afc-e148d58927f7,0,0,0,0,1,0,0,0,0,0,0
e377b713-e9c0-4d3e-b678-093188d4b851,0,0,0,0,0,0,0,0,0,0,1
e39240f2-27f5-4536-b247-d5d139d49061,0,0,0,0,1,0,0,0,0,0,0
e395b198-6a3e-4d8c-9a60-3735537883b9,0,0,0,0,1,0,0,0,0,0,0
e39d018d-08d7-4a3a-9a40-b5c9e4ee143c,0,0,0,0,0,0,0,0,1,0,0
e3a02ff7-6121-4fb0-b647-ab5df2146ba7,0,1,0,1,0,0,0,0,0,0,0
e3a8661f-1222-4beb-a5a7-9c7af3e7953b,0,0,0,1,0,0,0,0,0,0,0
e3ae4f7f-5e03-4433-968b-78178a1b0fec,0,0,0,0,1,0,0,0,0,0,0
e3b953dd-ef55-4d4f-b3ad-36e1fadc1be4,0,0,0,0,0,0,0,0,1,0,0
e3b9e545-9794-4528-825a-ecbb60632424,1,0,0,0,0,0,0,0,0,0,0
e3bdacf7-4786-4647-a09a-2f79ad68e076,0,0,0,0,1,0,0,0,0,0,0
e3cce7cb-402f-4faf-8b1b-170570c5b333,0,0,0,1,0,0,0,0,1,0,0
e3cf60a5-2a91-4433-9ad7-5b3fe7d6feb3,0,0,0,0,1,0,0,0,0,0,0
e3d1e828-0a41-4b5b-bc36-749ad79f7953,0,0,0,0,0,0,0,0,0,0,1
e3df200e-289a-4425-b320-3fe9f76bfc1f,0,0,0,0,1,0,0,0,0,0,0
e3e5f3d8-c2c1-461e-84e4-0df814d0973f,1,0,0,0,0,0,0,0,0,0,0
e3e7e6c7-2f60-4bbe-8a18-4629fc7859fe,0,0,0,1,0,0,0,0,0,1,0
e3ecd58b-61e0-4db2-81dc-8a4518d7ff85,0,0,0,0,0,0,0,0,1,0,0
e3f03b51-eb07-41f5-92ae-1fc75fd4ea2e,0,0,0,1,1,0,0,0,0,1,0
e3f5ff68-f683-4ed3-844b-b2ac99d71f08,1,0,0,0,0,0,0,0,0,0,0
e403e744-87dc-42ef-93a1-a31edd787f7a,0,0,0,0,0,0,0,0,0,1,0
e40f8a44-7f08-4a84-910a-1214c1903dae,1,0,0,0,0,0,0,0,0,0,0
e4122cae-dc12-466c-b316-05b7744ad607,0,0,0,0,0,0,0,0,0,0,1
e4135471-fb17-457f-9f46-40016ab33b55,0,0,0,1,0,0,0,0,0,0,0
e42c2417-567e-45e3-8850-63b20daf3921,0,0,0,0,0,0,0,0,0,1,0
e43d1336-cd9b-477f-9803-e812c0c47376,1,0,0,0,0,0,0,0,0,0,0
e43dbfe3-464e-49cf-9818-6c4658b49b68,0,0,0,0,0,0,0,0,1,0,0
e440dd72-1470-4801-b5fb-7c37ae9e79e8,0,0,0,0,1,0,0,0,0,0,0
e4452bb4-219e-4bc6-9852-d027363c4fd2,0,0,0,0,0,0,0,0,0,1,0
e445345a-258d-468a-98bc-39c0c0accee0,0,0,0,1,0,0,0,0,0,0,0
e4474d4d-84a2-4105-a119-91c8ca15f27b,0,0,0,0,0,0,0,0,0,0,1
e4490abb-4cbb-4541-9ec2-d2a148171091,0,0,0,1,0,0,0,0,0,0,0
e44c16e2-6664-4cca-80fe-f9fde5d728db,0,0,0,0,0,0,0,0,0,0,1
e452e7e2-f613-4781-8059-3c9168aa9bd2,0,0,0,0,0,0,0,0,0,0,1
e45ee341-3dfd-4836-b7a8-8b6ac59cc858,0,1,0,0,0,0,0,0,0,0,0
e46c72fa-0d4e-4c0c-b7d1-c4d90e3b2fe8,0,0,0,0,1,0,0,0,0,0,0
e47196aa-f574-403e-84a9-329084aaa57e,0,0,0,0,1,0,0,0,0,0,0
e47587d0-0a93-4bfd-a7e7-1a394df3484d,0,0,0,0,1,0,0,0,0,0,0
e475ee22-0ea9-418a-aff0-bea28e8e9d30,0,0,0,0,0,0,0,0,0,1,0
e480111a-1333-4d44-bc08-d289ec4c6f9d,0,0,0,1,0,0,0,0,0,0,0
e48bbd0d-5b95-45dc-aa1b-574c1793cce7,0,0,0,0,0,0,0,0,0,1,0
e4a1e11f-6270-4d69-af64-f6737111abcc,0,0,0,0,0,0,0,0,0,0,1
e4a5ab7f-bd47-42da-a240-a5d0bae8ce59,0,0,0,0,1,0,0,0,0,0,0
e4ac3737-0b7a-4243-ab1a-634336907682,0,0,0,0,1,0,0,0,0,1,0
e4b02b22-1d97-4414-ad6e-8af9615d13b2,0,0,0,0,0,0,0,0,0,0,1
e4b0d42e-0672-446a-881d-e1f9ac7e872e,0,0,0,1,0,0,0,0,0,0,0
e4c6664d-0aa9-4483-b685-ea8c5184211e,0,0,0,0,0,0,1,0,0,0,0
e4cfb727-4c79-4a79-b08d-c78ab051e5ed,0,0,0,1,0,0,0,0,0,1,0
e4d5e898-a05b-4b55-aa11-579bdeb12c57,1,0,0,0,0,0,0,0,0,0,0
e4db424f-9a5e-4fa1-ba42-fb6dd0e54306,0,0,0,0,0,0,0,0,0,0,1
e4efd078-b533-48fe-b2aa-f51969672d5f,0,0,0,0,1,0,0,0,0,0,0
e4f5a4f7-a28c-4ee5-a85a-1546a1526a56,0,0,0,0,1,0,0,0,0,0,0
e4fba620-4b5d-4572-88a2-a64afa4e9e65,0,0,0,0,0,1,0,0,0,0,0
e4fc3b95-4b1c-4bb3-b4eb-4d7827384c7a,0,0,0,0,0,0,0,0,0,1,0
e4fcc4ed-82e6-420b-816a-64efc8f7c232,1,0,0,0,0,0,0,0,0,0,0
e4fdd0f1-9653-4340-8ac6-59f962d03555,1,0,0,0,0,0,0,0,0,1,0
e50bf110-911e-4cad-a2df-3540ac81882e,1,0,0,0,0,0,0,0,0,1,0
e50f6e85-59d3-4449-a1cc-f2dbceed36ea,0,0,0,0,0,1,0,0,0,0,0
e51896b7-aaf9-4334-a7ba-1e8954728994,0,0,0,0,0,0,0,0,0,1,0
e524006b-4cb8-4179-be3c-2dbc318c6d3e,0,1,0,0,1,0,0,0,0,0,0
e53b6321-1a41-4021-9baa-44737401ca60,1,0,0,0,0,0,0,0,0,1,0
e544462a-d045-4691-8a8d-7d67c0890dcb,0,1,0,0,0,1,0,0,0,0,0
e548a058-628c-4732-85f0-953d83f996f4,1,0,0,0,0,0,0,0,0,0,0
e553c41c-934d-4fb3-9ee7-1dd5a34f765d,0,0,0,0,0,0,0,0,0,0,1
e563689b-05fb-4ef3-b33a-32d7b17e0de0,0,0,0,0,0,0,0,0,0,0,1
e56d7f94-c0af-4e00-8c83-0f3135441ea3,0,1,0,0,1,0,0,0,0,0,0
e58abc8a-0ae5-4828-b9ed-e7753fb4ef9a,0,0,0,0,0,0,0,0,0,1,0
e597b554-8442-4ac7-803d-8e9e707677f4,0,0,0,0,1,0,0,0,0,0,0
e59e97df-a34c-4a1b-a6fb-c1772fca0db8,0,0,0,1,0,0,0,0,0,0,0
e5b20c62-becb-4a5f-969f-0e72aca497be,0,0,0,0,0,0,0,0,0,0,1
e5b416b2-f26c-46ac-819f-e8653a65ccc7,0,0,0,0,0,0,0,0,0,1,0
e5b76e1a-4ee7-4bb3-8c7d-cbe27af9fc06,0,0,0,0,1,0,0,0,0,0,0
e5b8ed9f-0202-4eec-8cf6-52698815ddd4,1,0,0,0,0,0,0,0,0,0,0
e5bb9afb-80d6-4d37-969e-3f5b19d2c54a,0,0,0,0,0,0,0,0,0,0,1
e5c8fee4-a4bd-449c-8535-b5327a47a5f6,0,0,0,0,0,0,0,0,0,1,0
e5e17db0-e5c1-483b-ad80-ea2884ea5390,1,0,0,0,0,1,1,0,1,1,0
e5e2edc6-b50e-40d3-b25a-db37c68720ad,0,0,0,0,0,0,0,0,0,0,1
e5f74293-5780-401b-b427-757edf28ba47,0,0,0,1,0,0,0,0,0,0,0
e5fdd892-966e-4277-a5d5-16496ff46867,0,0,0,0,0,1,0,0,0,1,0
e5fef233-0ef1-4eca-8a37-e3f44a2e0179,0,0,0,0,0,0,0,0,0,1,0
e6054dad-8255-4195-be6c-51084a0ffdd7,0,0,0,1,0,0,0,0,0,0,0
e6098e17-58f8-436c-af3c-535e7394727f,1,0,0,0,0,0,0,0,0,0,0
e61380dd-66f8-4c35-84f8-9b24d6e3e289,0,0,0,0,0,1,0,0,0,1,0
e61a5710-9a54-4357-9389-fee3e3004f73,0,0,0,0,0,0,0,0,0,0,1
e6257645-3c4b-40a8-a8ae-18290b3079a6,0,0,0,0,0,0,0,0,0,0,1
e6272ca7-4a1d-4b9d-ad2d-62664b8cd758,0,0,0,0,0,0,0,0,0,1,0
e6327648-6d9b-496b-bbc1-27c8af1b19f4,0,0,0,0,0,1,0,0,0,1,0
e63e457d-1289-404b-b38b-6a79147be2d1,0,0,0,1,0,0,0,0,0,0,0
e646f75f-3396-402d-912f-b8321c49bb41,0,0,0,0,0,0,0,0,1,0,0
e6496c0c-f4a0-468d-b833-708b6c0575e8,1,0,0,0,0,0,0,0,0,1,0
e657bccd-3722-48d7-95c1-4eaa2d535423,0,0,0,0,1,0,0,0,0,0,0
e663a757-6531-40a4-b372-503c32242641,0,1,0,0,0,0,0,0,0,0,0
e66b595d-16c4-4552-9300-ceba5cb949d9,0,0,0,0,0,0,0,0,1,0,0
e66fcb3f-ac28-4d02-bb2d-9c749abd2533,0,0,0,0,0,0,0,0,1,0,0
e675503c-6759-45a2-a0ba-e7c88e43ad43,1,0,0,0,0,0,0,0,0,0,0
e67b01df-81ba-4a85-84ea-43184598b289,0,0,0,1,0,0,0,0,0,1,0
e685aacc-77d6-45b1-b7af-4d34516aa4e1,0,0,0,0,1,0,0,0,0,0,0
e6875a93-08a0-4015-a342-c14a85dcfc70,0,0,0,0,0,0,0,0,0,1,0
e688b10a-32fa-4506-b0b5-47d697b5821f,0,0,0,0,0,0,0,0,0,0,1
e68a0889-f0e4-4a97-8f62-f91899621801,0,0,0,0,0,0,0,0,1,0,0
e68a59db-1cc8-4c5c-93a9-15d35931dd32,0,0,0,0,0,1,0,0,0,0,0
e6abe2af-5854-4f82-af49-9dcd64117214,0,0,0,1,0,0,0,0,0,0,0
e6ade0de-a25a-45de-b963-9d1d27e56460,0,0,0,0,0,0,0,0,0,0,1
e6b288fa-98ae-4890-b7cc-26327bdf0f63,1,0,0,0,0,0,0,0,0,1,0
e6bd860c-942e-4878-b533-709fd78b4d79,0,0,0,0,0,0,0,0,0,0,1
e6c8088e-d047-4d24-b067-c28324b36622,0,0,0,0,0,0,0,0,0,1,0
e6d23a92-33d2-455b-a1e2-57a746b28b94,0,0,0,0,0,0,0,0,0,0,1
e6d3a520-afbf-474a-8b95-c209b4ad9d02,0,0,0,0,1,0,0,0,0,0,0
e6d4bc31-5f47-43e4-acd6-f878d20baa08,0,0,0,0,0,0,0,0,0,0,1
e6d54ec5-7b17-4a1c-a966-33d904040f67,0,0,0,0,1,0,0,0,0,0,0
e6da5a24-971a-41b5-947e-c32a798b667e,0,0,0,0,1,0,0,0,0,0,0
e6df7b85-fae4-4b33-95af-4567c2fdab40,0,0,0,0,0,0,0,0,0,1,0
e6e03d34-12e6-40c1-b1e4-ebe2d5181f67,0,0,0,0,1,0,0,0,0,0,0
e6ef1b11-b426-4a63-8b54-4ae5fa07fb62,0,0,0,0,0,0,1,0,0,0,0
e6f5102e-e6a0-436d-95b9-4a127008e658,0,0,0,0,0,0,0,0,0,0,1
e7028e48-91d3-46d3-ac45-32ef371ddf9e,0,0,0,1,0,0,0,0,0,0,0
e7086259-f409-4d17-91a9-60eabb505586,0,0,0,0,0,0,0,0,1,0,0
e711f69b-5fa4-44ca-a4c0-e0de0eb57077,0,0,0,0,0,0,0,0,0,0,1
e71febe7-f319-48c3-bb2d-a17e2a3276c6,1,0,0,0,0,0,0,0,0,0,0
e72f4774-9a75-46d3-b035-70d1eff07be3,0,0,0,0,1,0,0,0,0,0,0
e7328c9a-083a-476f-b20e-8417be23b78e,0,0,0,0,0,0,0,0,0,0,1
e73b6700-ae48-47c3-9618-cdbb6a2c0d78,0,0,0,0,0,0,0,0,1,0,0
e73d9cbf-5b18-4964-a9e6-a2751f848b7e,0,0,0,0,0,0,0,0,0,1,0
e7514e62-bdd7-4d6a-86e6-2d26f40b17aa,0,0,0,0,1,0,0,0,0,0,0
e75a3efa-872d-4006-abc9-8fc2e3df619a,0,0,0,0,0,0,0,0,0,0,1
e7644004-c807-43de-863d-04085264aea3,1,0,0,0,0,0,0,0,0,0,0
e76e0e16-8b12-4be5-9983-e0a8d7ab7a35,0,0,0,0,0,0,0,0,0,1,0
e77aa81f-0ebe-4206-967a-2032471a3041,0,0,0,0,0,0,0,0,0,0,1
e781d0fd-6f8e-4cb8-bf52-0d79aabfe766,0,0,0,0,0,1,0,0,0,0,0
e789c12f-1070-42cf-bb66-9e3a9c63dbef,0,0,0,0,0,0,1,0,0,0,0
e78bea6e-10af-4db5-b47a-140a96168321,1,0,0,0,0,0,0,0,0,0,0
e78e385f-8aaa-4a12-bb4b-3e5120d10281,0,0,0,1,0,0,0,0,0,0,0
e792e5ac-8076-4899-99cf-8b5661973d48,0,0,0,0,1,1,0,0,0,1,0
e794be7c-1408-4f00-8425-ad87b9dbb432,1,0,0,0,0,0,1,0,0,0,0
e7a2f3a5-88c7-46d8-9fa3-72ef549aca5d,0,1,0,0,1,0,0,0,0,0,0
e7a4a28f-7667-4df2-ae7b-eaaf0ffaafe3,0,0,0,0,1,0,0,0,0,0,0
e7a8627d-ee9d-4fcd-ba81-38ec2909a053,0,0,0,0,1,0,0,0,0,0,0
e7a91aca-5ad2-4f96-8674-2fd8a63e0439,0,1,0,0,1,0,0,0,0,0,0
e7b92d22-fd73-4baa-ae52-31dee47944a3,0,0,0,1,1,0,0,0,0,0,0
e7bc2ab0-db4b-4d66-9f72-11a59d3b3ee7,0,0,0,0,0,0,0,0,0,0,1
e7c7241a-63ca-4785-a300-51c071237c30,0,0,0,0,1,0,0,0,0,0,0
e7cc4841-aad2-4985-8364-7f8859236f23,0,0,0,0,0,1,0,0,0,1,0
e7d5595e-69b0-4ba5-9d1e-009eb83830d7,0,0,0,1,0,0,0,0,0,0,0
e7d9c506-a2bc-4b63-938f-8c73c92876e5,0,0,0,1,0,0,0,0,0,0,0
e7e0daa8-e8a7-48db-9f52-4907109f8753,0,0,0,0,0,0,0,0,1,0,0
e7e6ef4f-36b7-451c-8430-e6ad42c32331,0,0,0,0,1,0,0,0,0,0,0
e7eadeca-1868-475b-b7d9-8986c6956725,0,0,0,0,0,1,0,0,0,0,0
e7f3f18d-6984-4ba3-912a-390fb241c0a8,0,0,0,0,0,0,0,0,0,0,1
e7fa077b-c378-4edd-840f-18ec0e8600db,0,0,0,0,0,0,1,0,0,0,0
e7fc1b08-6c8a-4b83-9fd8-6705661051a1,0,0,0,0,1,0,0,0,0,1,0
e7fedbf8-0902-45e3-99af-322c47d25fa6,0,0,0,0,1,0,0,0,0,0,0
e7ff41cb-68c4-4c85-b640-fa83b39f4377,1,0,0,0,0,0,0,0,1,1,0
e822a3ea-8828-4310-adae-44d13554b583,0,0,0,0,0,0,0,0,0,1,0
e82a7398-1f88-44d5-ae73-22fe68c69e46,0,0,0,0,0,0,0,0,0,0,1
e82c6bf0-cbf8-464d-8bfb-f858381be866,0,0,0,0,0,0,0,0,0,0,1
e834f1f6-8d79-4841-a066-82622fb84c1f,0,0,0,0,1,0,0,0,0,0,0
e83cc6ad-00e7-4b0c-a73e-236a8589f88e,0,0,0,0,0,1,0,0,0,0,0
e843d833-3a71-480d-b68c-eb49f3f34fda,1,0,0,0,0,0,0,0,0,0,0
e847543d-cedb-4a95-91a3-e718b19d519a,0,0,0,0,0,0,0,0,0,1,0
e84e43a3-ea9e-427b-9f33-7c913fb3a4e0,0,0,0,0,0,1,0,0,0,1,0
e8613cab-dc0f-481a-b060-6dc564831c0e,0,0,0,0,0,0,0,0,0,1,0
e862bf20-72bc-4f1d-93e6-1012e7bf58ef,0,0,0,0,0,0,0,0,0,0,1
e8689b2e-a875-4023-bf26-3b3e4edc775a,0,0,0,0,0,0,0,0,0,0,1
e86dacb4-6213-4aca-979a-cc0904eea0bb,0,0,0,0,0,0,0,0,0,1,0
e870b7c5-73cb-478e-9b90-c24c360200f4,1,0,0,0,0,0,0,0,0,0,0
e8939e7d-3a6c-4ca1-8366-b0a24bb493ca,1,0,0,0,0,0,0,0,0,0,0
e8a12e38-c92a-4ed7-a779-1322dbb3038d,0,0,0,0,0,0,0,0,0,1,0
e8ae5761-c1fb-402f-88f2-114536e1108e,0,0,0,0,0,0,0,0,0,1,0
e8aeed52-c779-473b-a9e0-831f7c1eff98,0,0,0,0,1,0,0,0,0,0,0
e8b51d45-2200-4b50-9610-e8d599e11bf0,0,0,0,0,0,0,0,0,0,0,1
e8b7857c-e67a-4ea6-befb-f4bb4ca4bfdb,0,0,0,0,0,0,0,0,0,1,0
e8bdffcd-3c7b-46a1-953d-7e4955ca62d0,0,0,0,0,1,0,0,0,0,0,0
e8cf2b81-e2cd-40dd-9114-117bbec2c132,0,0,0,0,0,0,0,0,0,0,1
e8d252b5-0623-456b-969f-91ceecca58c1,0,0,0,1,0,0,0,0,0,0,0
e8dfd362-8ce5-40f0-a132-5c6e1e0bcc10,0,0,0,0,0,0,0,0,0,0,1
e8e5afa5-eaea-474c-a428-86a5cef75f1e,0,0,0,0,1,0,0,0,0,0,0
e8e894bb-62f4-43aa-a80e-181b4f39b049,0,0,0,0,1,0,0,0,0,0,0
e8e9604e-1ef4-44fe-a46b-83eb0d238caf,0,0,0,0,0,0,0,0,0,1,0
e8eec207-8df6-4240-a77d-4da936b9d858,0,0,0,0,1,0,0,0,0,0,0
e8eec257-9741-4979-92b9-07910e9298f1,1,0,0,0,0,0,0,0,0,0,0
e8fd8c2c-dd4c-4c6f-95f9-78ebf2d7cf48,0,1,0,0,0,0,0,0,0,0,0
e90658ba-f8e3-4eda-a4ac-0a1867a6ec16,0,0,0,0,0,0,0,0,1,0,0
e90f8416-10d2-4cc9-a94f-e11e88a0a5a4,0,0,0,0,1,0,0,0,0,0,0
e915d99c-fcd9-4a69-9189-69be594dcf4a,0,0,0,0,0,0,1,0,0,0,0
e9165926-05cd-4c87-9958-e6bed9a96df9,0,0,0,0,0,0,0,0,0,0,1
e918a07f-4595-4577-bce3-7043be257aed,0,0,0,0,0,0,0,0,0,1,0
e92574ee-f215-449e-ac36-1ea1c66c17d8,0,0,0,1,0,0,0,0,0,0,0
e92a63f4-c7a0-4170-b9f0-d12fc3f296a6,0,0,0,0,1,0,0,0,0,0,0
e92bb569-5d46-4e64-88b0-856c1c87d90e,0,0,0,0,0,0,0,0,1,0,0
e93c1608-3bb7-4444-9642-3455cc920f04,0,0,0,0,0,0,0,0,0,0,1
e94adb41-64d1-48a1-9e5c-2b6c439086db,0,0,0,0,0,0,0,0,0,0,1
e94cba37-129c-46b7-be8a-23c590529252,1,0,0,0,0,0,0,0,0,0,0
e951e85f-c134-47a7-a6b0-ebd0b130e03f,0,0,0,1,0,0,0,0,0,0,0
e95aa679-a9a2-4a9e-b28e-f3d45bca8773,1,0,0,0,0,0,0,0,0,0,0
e9706a3d-9406-47f7-8c87-8197e6f0d74a,0,0,0,0,0,0,0,0,0,0,1
e9722fa1-fad4-424e-ac56-8606a89e8f84,1,0,0,0,0,0,0,0,0,0,0
e97d9c3a-74fe-45bd-9fd3-a89a6c8f0a97,0,0,0,0,0,0,1,0,0,0,0
e9814080-d132-406f-aea8-6b0ce258aae7,1,0,0,0,0,1,0,0,0,1,0
e9836a2f-6ca4-42d6-ae61-ca8616469c84,0,0,0,0,0,0,0,0,1,1,0
e98903e4-7b2c-4c4b-b099-1192a66f4029,0,0,0,1,0,0,0,0,0,0,0
e98acb62-54ab-4a19-8fe6-3f4349f70417,0,0,0,0,0,0,0,0,0,0,1
e9980b58-7b9c-4d9d-af02-4268db2d2aea,0,0,0,0,0,0,0,0,0,0,1
e9a018e2-a340-45f4-b92a-3dbc34bbc1a7,0,0,0,0,1,0,0,0,0,0,0
e9a25326-2d92-4dcb-aa1c-fa88c97e0c6b,0,0,0,0,0,0,0,0,0,1,0
e9a2a8a2-4e3a-40c1-ad96-b4d9f9eea8c1,0,0,0,0,0,0,0,0,0,1,0
e9a7e70b-797a-4641-bc67-6dce436b7432,0,0,0,0,1,0,0,0,0,0,0
e9ab786a-08b6-4c13-8f9e-387d6aeeb8a3,1,0,0,0,0,0,0,0,0,0,0
e9ad00ca-b054-4e5a-958a-2c6ce2eab370,0,0,0,0,0,0,0,0,0,0,1
e9cde58d-efa2-452a-a261-01a1d894c2a6,0,0,0,1,0,0,0,0,0,0,0
e9da4b20-e4f9-4d44-8490-106b9c1099fc,0,0,0,1,0,0,0,0,0,0,0
e9db93e9-e6b2-4ea7-9192-2ba251fec8de,1,1,1,0,0,0,0,0,0,0,0
e9dc2a30-d1e3-4b85-8993-234d0297cb09,0,0,0,0,0,0,0,0,0,1,0
e9dc3017-af8a-4645-be4b-23434be8666c,0,0,0,0,1,0,0,0,0,0,0
e9ddbf87-fb50-4ca6-bc19-340db4d6324a,0,0,0,0,0,0,0,0,0,1,0
e9de6491-c87a-431d-aeb8-bdeaf542f693,0,0,0,0,1,0,0,0,0,0,0
e9ee1e15-871b-4b7a-9e30-33f1a76aa0fa,0,0,0,0,0,0,0,0,0,1,0
e9f5ce0f-c6af-4941-a909-447d81258c7b,0,0,0,1,0,0,0,0,0,0,0
ea04cdcd-ac33-4a99-be88-1fb009938990,0,0,0,0,0,0,0,0,0,1,0
ea0d2efe-361a-45f9-a8a7-6fe6c4decab7,0,0,0,0,1,0,0,0,0,0,0
ea10e144-a5a4-47ea-98b6-c768c823bc7c,0,0,0,0,0,0,0,0,0,0,1
ea24216f-7ef6-4c91-b9bf-cae0ab2ef954,1,0,0,0,0,0,0,0,0,0,0
ea2713e7-2f93-446b-b1ca-252e4fe2667e,0,0,0,0,0,0,0,0,1,0,0
ea4755bd-3b05-41f4-af96-d39a81ad9958,0,0,0,0,0,0,0,0,0,1,0
ea4908d4-9227-47d2-bdb5-f8dbeda893d9,0,0,0,0,0,0,0,0,0,0,1
ea4d1138-a573-4abf-98df-2ec876c71ab0,1,1,0,0,1,0,1,0,0,0,0
ea538fbc-85b3-432f-9435-f6c69c4bc23a,0,0,0,0,0,0,0,0,0,1,0
ea5db4ba-4499-4fd2-a9ec-6dd2a4dc9df0,0,0,0,0,0,0,0,0,1,0,0
ea5ee9b0-a77f-4e77-bbca-82295564129e,0,0,0,0,0,0,0,0,0,0,1
ea606560-f388-4c99-8d3a-4d4e9a322ec1,0,0,0,0,0,0,0,0,0,1,0
ea64f63f-a641-4692-88cb-14861e538f69,0,0,0,0,1,0,0,0,0,0,0
ea71bad6-0d5c-4c5d-a384-b1525bee95d4,0,0,0,0,0,0,0,0,0,1,0
ea7aabfd-f2b0-4e8a-95d6-28df29210ed5,0,0,0,0,0,0,0,0,0,0,1
ea883c33-4799-4383-8983-92f5bd75dfb0,0,0,0,0,0,0,0,0,0,0,1
ea9e783e-2737-4130-921e-e3f5fab9c987,0,0,0,0,0,0,0,0,0,0,1
eaa61ce2-828c-41ab-9faa-0ec2adad4a62,0,0,0,0,1,1,0,0,0,1,0
eab0dea5-7a27-4b94-b194-6b35013d1790,1,0,0,0,0,0,0,0,0,0,0
eab9765e-7216-434d-a433-cb7299d94f4a,1,0,0,0,0,0,0,0,0,0,0
eabba1eb-5e2a-452c-af84-fd03604f35e6,0,0,0,0,0,0,0,0,0,1,0
eac9f621-55c9-497e-aaaa-92a89265016c,0,1,0,1,1,0,0,0,0,0,0
eaca14af-4936-4921-ba6e-0b0b446ea3af,0,0,0,0,1,1,0,0,0,0,0
eacf5be7-37cc-4d3b-9fcb-37b6af84ed48,0,0,0,0,0,0,0,0,0,0,1
ead1200e-64a9-4256-82cc-5e07bf30503c,0,0,0,0,0,0,1,0,0,0,0
eadbeb9d-10c2-4364-a23e-9108d4cd236c,1,0,0,1,0,0,0,0,1,1,0
eae26a0c-7037-43fe-96ea-f3dfc650a068,0,0,0,0,0,0,1,0,0,0,0
eae5952e-62f8-43b9-a3d2-627cbd2b66b7,0,0,0,0,1,0,0,0,0,0,0
eafb08da-872c-4ddd-aad0-c3e74c175e6a,0,0,0,0,1,0,0,0,0,0,0
eafbf433-c56a-4307-87e9-76d20ec86b97,0,0,0,0,1,0,0,0,0,0,0
eafc1513-7086-4f10-afa5-2519350dee47,0,0,0,0,1,0,0,0,0,0,0
eb010d39-7e89-4d2c-be9d-ebef79a9bcc8,0,0,0,0,1,0,0,0,0,0,0
eb02eb8d-3c7c-4097-bc03-db75aa60abb9,1,0,0,0,0,0,0,0,0,0,0
eb0511e0-4aea-495e-bee1-75c843580086,0,0,0,0,0,0,0,0,0,0,1
eb1b7883-de08-4838-b3f5-bdf2062c3dd4,0,0,0,0,1,0,0,0,0,0,0
eb1ec868-958c-4e96-b095-90d6024a28df,0,1,0,1,1,1,0,0,1,0,0
eb2c1a3c-c535-444a-804d-6e618971d268,0,0,0,0,0,0,0,0,0,1,0
eb2e54aa-f28d-4425-8970-2066ac4537aa,0,1,0,1,0,1,1,0,0,0,0
eb35bbc1-7a73-4bcf-a570-686b0fa22470,0,0,0,0,0,1,0,0,0,0,0
eb360388-90c9-41ae-ae1c-febb01b2da5d,0,0,0,0,1,0,0,0,0,0,0
eb3c3d10-69d6-4116-850c-ee5867c6ebd0,0,0,0,0,0,0,0,0,0,0,1
eb6535dd-adc6-4a56-aaa7-baa9ac6651f4,0,0,0,0,0,0,0,0,0,1,0
eb660ec5-c69a-4f98-83e7-899ca95d45d4,0,0,0,1,0,0,0,0,0,0,0
eb6dfa4a-88e6-4b7c-b82e-ccd8c1c21c4a,0,0,0,1,0,0,0,0,0,0,0
eb770e58-6438-4a9e-846f-e40343dea8c7,0,0,0,0,0,0,0,0,0,0,1
eb8151de-33ab-425a-8687-cf30706e4a94,0,0,0,0,1,0,0,0,0,0,0
eb821820-8677-489a-83a6-1fbb5fe934e0,0,0,0,0,1,0,0,0,0,0,0
eb929488-aeee-4188-88d9-d25bc0a0d058,0,0,0,0,1,0,0,0,0,0,0
eb95b51e-3db8-47cc-81b1-e1d9d73aaf77,1,0,0,0,0,0,0,0,0,0,0
eba58e91-6464-4d55-975d-bac588094af0,0,0,0,0,0,0,0,0,0,1,0
ebcbff09-cca0-4f90-aeff-cd92267369d4,0,0,0,0,1,0,0,0,0,0,0
ebd5d22d-74ef-4f22-9f5e-2a0721c2fd71,0,1,1,0,0,0,0,0,0,0,0
ebddc4f1-e365-48b4-afd1-609f6ac86918,0,0,0,0,0,0,0,0,0,1,0
ebe004d2-9154-4718-b054-1c4994cb5560,0,0,0,0,0,0,0,0,0,1,0
ebf3ca96-9d4f-4d7d-bb95-66bbc5722cd5,0,0,0,0,0,0,0,0,0,0,1
ebf455c9-a19e-4298-812b-37d58e36cd3a,0,0,0,0,1,1,0,0,0,0,0
ebf6c49f-f759-44b6-9368-4bcd8bb3d8d0,0,0,0,0,1,0,0,0,0,0,0
ec000278-6f93-4a7c-89aa-39f76e308e66,0,0,0,0,0,1,0,0,0,1,0
ec1885ee-a0e6-4972-b10c-dc915d0e9e4b,0,0,0,0,1,0,0,0,0,0,0
ec37ad03-a35d-4b8b-b890-bd109812379f,0,0,0,0,0,0,0,0,0,0,1
ec3c9930-da96-489c-821c-3205e8a17ce0,0,0,0,0,1,1,0,0,0,0,0
ec52d53b-d965-4e68-850c-4899a1afcaf6,0,0,0,0,0,1,0,0,0,1,0
ec612f61-5e48-4112-9ac0-6b74ee9e097d,0,0,0,1,0,0,0,0,0,0,0
ec658f2b-f99c-40f0-8aac-3f8c33c0fc7f,0,0,0,0,1,0,0,0,0,0,0
ec676cad-7286-4e4a-9be9-77b50ce6d00c,0,0,0,0,1,0,0,0,0,0,0
ec6b7191-759e-4f13-9837-2b3ecb73f4cf,0,0,0,0,1,0,0,0,0,0,0
ec6c8514-bc2c-49e5-ba50-6da167fa0c49,0,1,0,0,1,0,0,0,0,0,0
ec6c8e64-618e-400e-8b9e-845954bfd46e,0,0,0,0,1,0,0,0,0,0,0
ec6f2fef-b352-43bf-b1ab-de159edbcc34,0,1,1,0,1,0,0,0,1,0,0
ec773be3-c6c0-4050-9c02-87ad8534133f,0,1,0,1,1,0,0,0,0,0,0
ec7ab018-1e91-4e88-ad06-9a8cc9ec2cc1,0,1,1,1,0,0,0,0,0,0,0
ec7ea276-771c-4c6b-a22f-0cb66704813c,0,0,0,0,0,0,1,0,0,0,0
ec7ff1e5-ee51-4b97-ba3c-4def4bf63b88,0,0,0,0,1,0,0,0,0,0,0
ec8d14b8-add9-4c14-b05c-c2c2deb4f234,0,0,0,0,0,0,0,0,0,1,0
eca309c4-8ba5-4ded-a33e-769a3a6dbaef,0,0,0,0,0,0,0,0,0,1,0
eca33f8a-afee-4261-8616-0d259991023d,1,0,0,0,0,0,0,0,0,0,0
eca610b7-1237-4b79-acaa-f2c604e3fcfb,0,0,0,0,1,0,0,0,0,0,0
ecad5266-3508-40fc-a83d-a534985b1322,0,0,0,0,1,0,0,0,0,0,0
ecbeea73-8351-43b6-a129-06ca437d6183,0,0,0,0,0,0,0,0,0,1,0
ecc36c5d-30f9-40d4-88fc-dbb63e9b6729,1,0,0,0,0,0,0,0,0,0,0
eccba7cf-d5e5-4921-af54-d053dff63591,0,0,0,0,0,0,0,0,0,0,1
eccd5762-3d3f-415e-9aca-c2db7ee30f35,0,0,0,0,1,0,0,0,0,0,0
ecd29c2d-704e-4370-a31a-0769b31299ab,0,0,0,0,1,0,0,0,0,0,0
ecdb4eb0-3369-41ea-8156-069291e7a3ec,0,0,0,0,1,0,0,0,0,0,0
ece14a3b-7e18-49a9-a292-8cc51da57537,0,0,0,0,0,0,0,0,0,0,1
ece2aa66-a2b0-4801-869d-aae41f4a5f81,0,0,0,1,0,0,0,0,0,0,0
ece3d8ab-77d8-4b65-9178-a03c12cff2b4,0,0,0,0,0,0,0,0,0,0,1
ecec34ef-d504-40b4-bbe3-6fa5a0e7b419,0,0,0,0,1,0,0,0,0,0,0
ecefbce3-ef59-427b-bb93-2c90830f730b,1,0,0,0,0,0,0,0,0,0,0
ecf49345-77f9-42e6-895a-1871218b9277,0,0,0,0,1,0,0,0,0,0,0
ecfaaec2-bc12-4a65-a413-51ead52abaec,1,0,0,0,0,0,0,0,0,0,0
ecfe3543-f697-40ad-b57c-9a5468ed3132,0,0,0,0,0,0,0,0,0,1,0
ed006d35-806f-4e2a-b189-95bb80666eec,0,0,0,0,0,1,0,0,0,1,0
ed06284f-650f-44e6-8306-c210805dbac6,1,0,0,0,0,0,0,0,0,0,0
ed07f713-e430-4c17-9904-90b6fb165fd5,0,0,0,0,0,0,0,0,1,0,0
ed24f0a0-3f0e-434c-b9fe-2c22e65f1fb1,0,0,0,0,0,0,0,0,0,1,0
ed26a984-5cb9-4c94-ab83-72f2308ef118,1,1,0,0,0,1,0,0,1,0,0
ed2724d4-3bca-4e57-9797-c03f42962bd1,0,0,0,0,0,0,0,0,0,0,1
ed2c9d98-bd85-4e0f-96e2-e59a251a75e5,0,0,0,0,0,0,0,0,0,1,0
ed357065-a7b8-42c7-9843-116db952dc4c,0,1,0,0,1,1,0,0,0,0,0
ed46e2ed-2e30-4844-b61a-6f72b13f0808,0,0,0,0,1,0,0,0,0,0,0
ed4e6e77-d910-409f-9169-97850256a272,0,0,0,0,1,0,0,0,0,0,0
ed5e8cda-8534-45d1-bf15-b400cf926265,0,0,0,0,0,0,0,0,1,0,0
ed5ea73e-e0a6-4839-9cf8-a82198d393fb,0,0,0,0,0,0,0,0,0,0,1
ed71d3e9-6190-4ca0-9d53-b60b7d631809,0,0,0,0,0,0,0,0,0,1,0
ed73bfc8-9bc8-4859-beb6-7d615ba757ec,0,0,0,0,0,0,0,0,0,0,1
ed7a86fa-9a84-4426-a1ff-3e9839fcea71,0,0,0,0,1,0,0,0,0,0,0
ed7d6f9f-8000-4270-a9bc-09101df3915c,0,0,0,1,0,0,0,0,0,0,0
ed88cad2-da99-4048-9a2a-31fc284ec507,1,0,0,0,0,0,0,0,0,0,0
ed8b4381-f3f5-4d28-a26d-574d01de9102,0,0,0,0,1,0,0,0,0,0,0
ed917810-62ab-4907-a1c3-103e683bce1f,0,0,0,0,0,0,1,0,0,0,0
ed99c149-9e6c-4e9c-868b-1f9d82c7f30e,1,0,0,0,0,0,0,0,0,0,0
eda131a2-8c63-456c-8e8c-00e142351875,0,0,0,0,1,0,0,0,0,0,0
eda29d2e-5d30-41d5-ad07-11fa26c3dc98,0,0,0,0,1,0,0,0,0,0,0
eda75085-8415-491d-8bf6-03cf59dec985,0,0,0,0,0,0,0,0,0,1,0
edb27407-9c12-4580-ac69-7441a25305a5,0,0,0,0,1,0,0,0,0,0,0
edc25969-7708-450c-aab2-7f7981d23a59,1,0,0,0,0,0,0,0,0,0,0
edc66eb0-fae3-46af-ad41-0c38236dc402,0,0,0,0,0,0,0,0,1,0,0
ede10ce3-8526-4708-b6ad-5c5ca4d26c0c,0,0,0,0,1,0,0,0,0,0,0
ede1db13-a2e5-40bd-9c5e-f64a94f6ecde,0,0,0,0,1,0,0,0,0,0,0
ede4d5cb-9fc1-4c28-86cc-554cc3b356f4,1,0,0,0,0,0,0,0,0,0,0
edea5f68-fd8b-4626-9190-675f56540b54,0,0,0,0,1,0,0,0,0,0,0
edf33aa0-2194-4f05-8e1c-3bb3a119c8db,0,0,0,0,0,0,0,0,0,0,1
edf4df1c-24d1-4e32-ae8a-1a37e505c158,0,0,1,0,0,0,0,0,0,0,0
edf6ca26-dc7e-4560-8707-7f32cc249f9c,0,0,0,0,0,0,0,0,0,1,0
ee071f96-677e-43bb-9dd4-331685c903be,0,0,0,0,0,1,0,0,0,0,0
ee2f5016-d1df-4e70-ad35-756a53013f2e,0,0,0,0,0,0,0,0,0,0,1
ee329538-11ab-4906-8366-324db01ea971,0,0,0,0,0,0,0,0,0,0,1
ee3d1e26-f926-488a-bf32-bb9b6ed9c533,0,1,0,0,1,0,0,0,0,0,0
ee425402-399e-436f-a750-737003ab3f8f,0,0,0,0,0,0,0,0,0,0,1
ee4b8fae-b2c9-4495-8f16-1d66c5fd53ca,0,0,0,0,1,0,0,0,0,0,0
ee4f4830-ec77-485d-993c-f4943321b4ed,0,0,0,0,0,0,0,0,1,0,0
ee582436-81e7-45b4-968f-482c4e061f6f,0,0,0,1,0,0,0,0,0,0,0
ee60ece7-483c-40ae-8a5e-2139dee446b5,0,0,0,0,0,0,0,0,0,1,0
ee63d6b2-1b4a-46d0-925e-25930777471c,0,0,0,0,1,0,0,0,0,0,0
ee680118-d3c2-4037-8a8f-ccbb2d9f14be,0,0,0,0,0,0,0,0,0,0,1
ee6ae87f-1295-48b0-bcd9-8878f4ca772a,0,0,0,1,0,0,0,0,0,0,0
ee70f780-5851-4942-beee-2241decaedb1,0,1,0,0,1,0,0,0,0,0,0
ee758f57-bf13-4cc6-b430-89bd32c72939,0,0,0,0,0,0,0,0,0,0,1
ee7f5f5c-fc73-4aed-8eaa-a90e55bf1622,0,0,0,0,0,0,0,0,0,0,1
ee8831fc-23c3-43ac-8a73-9b0e2a2b75ad,0,0,0,0,0,0,0,0,1,0,0
ee8ab851-c771-4691-8701-cd8d1dd9483e,1,0,0,0,0,0,0,0,0,0,0
ee8feea6-e6b5-4b6c-870d-347c4f427462,0,0,0,0,1,0,0,0,0,0,0
ee90093a-54bd-4d52-b9e7-9f77dd6f30ae,0,0,0,0,0,0,1,0,0,0,0
ee9353e3-2936-456e-9a05-5fe1a069235c,0,0,0,0,0,0,0,0,1,0,0
ee94c039-2e66-48f0-bcee-bc4bcffdfe06,0,0,0,0,1,0,0,0,0,0,0
ee978aa5-d791-413c-a463-e5347ac614e3,0,0,0,0,0,0,0,0,0,0,1
ee97a588-6d8e-4f2b-86d3-2c06cc26ec05,0,0,0,0,1,0,0,0,0,0,0
eeb181c7-4c52-43b8-81a0-ae5f377f9182,0,1,0,0,1,0,0,0,0,0,0
eeb58ffc-0506-4f28-a34f-69cd41d0148e,0,0,0,0,1,0,0,0,0,0,0
eebd41f9-ac63-475b-abaf-277858ae6e6a,0,0,0,0,1,0,0,0,0,0,0
eec8b612-f504-43af-8a2b-a3016eadf13e,0,0,0,0,0,1,0,0,0,0,0
eecc3d03-e1e7-4983-9ac4-e577074bbf98,0,0,0,0,0,0,0,0,0,1,0
eed4684a-d4e1-4f6e-a897-838647535a79,0,0,0,0,1,0,0,0,0,0,0
eee096b5-6831-408b-a184-9e3e76a9cabe,0,0,0,0,0,1,0,0,0,0,0
eee443c7-caf6-47c8-a06b-3f0a5eea8bbd,0,0,0,0,1,0,0,0,0,1,0
eee9ff04-82b0-422a-ae35-5e8caf86830f,0,0,0,0,0,0,1,0,0,0,0
eeedd69e-3915-4876-a5ec-99ac5195b038,0,0,0,1,0,0,0,0,0,0,0
eef1f20c-ffb9-4186-9c1c-28a75d843744,0,0,0,0,0,0,0,0,0,1,0
ef03b121-03a9-4f8e-b860-f86f55bc7330,0,0,0,1,0,0,0,0,0,0,0
ef0bb59f-ba79-4ee6-a73c-1fec7cea6d23,0,0,0,0,0,0,0,0,0,0,1
ef0c206f-9b6d-457f-890f-b69126eb4f6f,0,0,0,0,1,0,0,0,0,0,0
ef0d7aef-4820-47a4-af08-938b20591557,0,0,0,0,0,0,0,0,1,0,0
ef1ae9b7-78f5-442f-b085-03c10b95e056,0,0,0,0,0,1,0,0,0,0,0
ef1e0b18-12d5-4b4d-99d6-8e6f1807740a,0,0,0,0,0,0,0,0,1,0,0
ef33d265-c9ba-46b5-8213-b168a21c54ff,1,0,0,0,0,0,0,0,0,0,0
ef39fb13-61dd-4ea4-86be-a2823afdf1ef,1,0,0,0,0,0,0,0,0,0,0
ef424682-7439-40ea-ad0c-00091c1d882e,0,0,0,0,0,0,0,0,0,0,1
ef540897-9945-432d-80d5-536490c0b8c2,0,0,0,0,0,0,0,0,0,0,1
ef55e87d-76a6-47c4-a4e8-2615e23bc1dd,0,0,0,0,0,0,0,0,1,0,0
ef5c0d42-64a9-443b-a656-fbae7328c106,0,0,0,0,0,0,0,0,0,0,1
ef6175f7-0a42-4c0b-833a-62cdee118097,0,0,0,0,0,0,0,0,0,0,1
ef66b740-d25d-49bf-ad62-6518c2717b4f,0,0,0,0,0,0,0,0,0,0,1
ef6ce470-6e78-4721-a0b6-3d5bbfbe899d,0,0,0,1,1,0,0,0,1,0,0
ef714e3a-b9a6-4cb4-8305-a31655e8c25f,0,0,0,0,1,0,0,0,0,0,0
ef75c82e-ba7c-4f37-aab2-0af436a0176e,0,0,0,0,0,0,0,0,1,0,0
ef78b952-a6eb-40c2-b3c9-67551be04a90,0,0,0,0,0,0,0,0,0,1,0
ef7be35a-53d6-4b12-bd16-688ce1d0ecf3,0,0,0,0,0,0,0,0,0,1,0
ef850573-32d0-4175-8325-aab9a5d5791e,0,0,0,0,0,0,0,0,0,1,0
ef8d8937-60d5-49ea-9293-c80379028b43,0,0,0,0,0,0,0,0,0,0,1
ef94c5db-ef87-4643-aaf2-4e5fedb0e2d9,0,0,0,0,0,0,0,0,0,1,0
ef95475a-b923-4743-8969-353ca39b0753,0,0,0,0,0,1,0,0,0,0,0
efa7e697-9398-4dae-8423-44beb9768a28,0,1,0,0,0,0,0,0,0,0,0
efb250d5-42c4-4def-8829-9669326aaff8,1,0,0,0,0,0,0,0,0,0,0
efb76d4b-16a2-44e9-9949-85e5a1a51a00,1,0,0,0,0,0,0,0,0,0,0
efbba83e-79c7-4e48-9914-d1f7b7d4a6c4,0,0,0,0,1,0,0,0,0,0,0
efbc5bb3-3fcf-4b3b-b3db-f71fb0cff390,0,1,0,0,0,0,0,0,0,0,0
efc0812d-01c2-44b1-a7ab-190565f6cf76,0,0,0,0,1,0,0,0,0,0,0
efcc5dd2-db70-43f0-b799-e4820c5e1537,0,0,0,0,1,1,1,0,0,1,0
efcf9c9c-48ac-436d-9455-eee77aa07570,1,0,0,0,0,0,0,0,0,0,0
efd27519-1cce-4d84-8709-6ebca50881ac,0,0,0,0,0,0,0,0,0,0,1
efd2d922-5f43-4aae-a9fc-06885bf476b8,0,0,0,0,0,0,0,0,0,0,1
efd52e3f-23e0-439a-97c0-3725ea79cd78,0,0,0,0,0,0,0,0,0,1,0
efd86179-6ce0-4e29-a641-2ca0b95ffdc5,0,0,0,0,0,1,0,0,0,1,0
efe0a25a-b1c9-4311-8ccb-f97ed7788448,0,0,0,0,0,0,0,0,1,0,0
f00e8482-a6c2-45e3-93a0-ff40ea8d3719,0,0,0,0,1,0,0,0,0,0,0
f01f59ae-fd68-4ea6-a1ef-0a04a3bcaf6a,0,0,0,0,0,0,0,0,0,0,1
f02b454e-1e61-4c44-a68a-492a7b3579f2,1,1,0,0,0,1,0,0,1,1,0
f0342470-b754-4117-86fe-4e2c5d853694,0,1,0,0,1,0,0,0,0,0,0
f03851d6-ff1b-4bcb-8f29-8b9ae936eb0c,0,0,0,0,0,0,0,0,0,1,0
f03b685a-2b89-437b-a9c0-fd8502aae958,0,0,0,0,1,0,0,0,0,0,0
f046bc6c-ed29-49bd-924b-900681ab0bf6,0,0,0,0,0,0,0,0,0,1,0
f0632254-6722-4cb7-92e7-ed71a653dc4d,0,0,0,0,0,0,0,0,0,0,1
f06f168b-5794-4148-8185-bf6704cabc82,0,0,0,0,0,0,0,0,0,0,1
f079849d-0ec8-48b4-a048-47cfd3dd1831,0,0,0,0,1,0,0,0,0,0,0
f0a194c0-5b54-456c-a947-798afee8f3d9,0,0,0,0,0,0,0,0,0,1,0
f0a4d3ff-8900-4217-8802-5baafde3d055,0,0,0,0,0,0,0,0,1,0,0
f0a4fd1b-96a2-49ab-acf9-a9b46d8826b8,0,0,0,0,0,0,0,0,0,1,0
f0a7459c-8710-4cce-ab85-65e68ff3d938,0,0,0,0,0,0,0,0,0,0,1
f0a93484-330d-4c34-bf38-b532c327aa0a,0,0,0,0,0,0,0,0,0,1,0
f0aa0d09-7358-4230-9516-1fdbb1fd2a8a,0,0,0,0,0,0,0,0,1,0,0
f0acef10-a5c6-455b-af7e-0f0585ffe1d8,1,0,0,1,0,0,0,0,0,1,0
f0b4a2de-001d-474c-8c32-c8d3520c9dbb,0,0,0,0,0,0,0,0,0,1,0
f0b96a95-f9ad-4b06-b25f-7f10682ddb6c,0,0,0,1,0,0,0,0,0,0,0
f0bdd3de-6c16-44fe-bd7a-0ae4f88be499,0,0,0,0,0,0,0,0,0,0,1
f0c16aad-8445-473a-a558-9580e5e339b8,0,0,0,0,0,0,0,0,0,0,1
f0d6be10-327d-49ee-bcbb-4a1048f50018,0,0,0,1,1,1,0,0,0,1,0
f0da3e92-3484-4b08-997a-605fe3e16354,0,0,0,1,0,0,0,0,0,0,0
f0e2aea3-225f-42e1-b27d-47de86e3150f,0,0,0,0,0,0,0,0,0,0,1
f0e3b399-62a2-4126-a032-ff3edf322f8e,0,0,0,0,1,0,0,0,0,0,0
f0e3c1b4-0fb4-4fde-b974-0afb7facdacd,1,0,0,0,0,0,0,0,0,0,0
f0e54f9a-4b5c-429a-b849-dfe699a96dfe,0,0,0,0,0,0,0,0,0,1,0
f0ed2ae1-f87c-489a-a509-af974bc165dd,1,0,0,0,0,0,0,0,0,1,0
f0ef5fc0-4ae8-4fd4-b5e2-81e6b989629f,0,0,0,0,1,0,0,0,0,0,0
f0f1d60f-b177-4568-b654-137124703232,0,0,0,0,1,0,0,0,0,0,0
f0f9a854-b65b-4530-9e32-467a8c767c56,0,0,0,1,0,0,0,0,0,0,0
f102162a-1d16-4900-88cd-cbf877f917a0,0,0,0,0,0,0,0,0,0,1,0
f10fdba6-cafe-4db4-b2cb-1f90fce0c6ae,0,0,0,0,0,0,0,0,0,1,0
f115deed-eb6d-4b1d-86a6-3c2870d0a973,1,0,0,0,0,0,0,0,0,1,0
f1290b87-6770-443c-8b8f-a6f060030e0f,0,0,0,0,0,0,0,0,0,0,1
f12ca006-91bb-4d60-8ead-04eed8949e19,0,0,0,0,0,0,0,0,1,0,0
f139406d-6116-4206-b847-1cfae091a0aa,0,0,0,0,0,0,0,0,0,0,1
f13c5551-6836-40dd-be24-7e7f632c3a19,1,0,0,0,0,0,0,0,0,0,0
f1411c30-e398-4f6c-a174-7d0f8d262cd3,0,0,0,0,0,0,0,0,0,1,0
f173065c-45ce-4a20-a523-743e25cd0d31,0,0,0,1,0,0,0,0,0,0,0
f176cab0-dc8d-4618-bb10-48e4899162ea,0,0,0,1,0,0,0,0,0,0,0
f17c6880-dfc7-4301-9c5e-903eed3e3d33,0,0,0,0,0,0,0,0,0,1,0
f1829b72-8fe0-4958-9bdf-f4c907d493fc,0,0,0,0,0,0,0,1,0,1,0
f184e4f4-e768-4d71-842f-de1d9f90aaac,0,0,0,0,0,0,0,0,0,0,1
f185f6ce-6020-4b5e-9170-59b6edf35302,0,0,0,0,1,0,0,0,0,0,0
f18aba87-ce89-4e78-908f-87600f5bab31,0,0,0,0,1,0,0,0,0,0,0
f18b33a6-27d6-4f87-a848-f10c396ac17d,0,0,0,0,0,1,0,0,0,0,0
f18dd1e7-1f3e-46d0-b0c3-0ed0140737a4,0,0,0,0,0,0,0,0,0,0,1
f190664c-139f-4435-9c16-d4d2bea21747,0,0,0,0,1,0,0,0,0,0,0
f1920578-f1ec-46b9-b3d7-a1985a60a95a,0,0,0,0,0,0,0,0,0,0,1
f196035a-51a1-4cf7-b5ec-2763929170c6,0,0,0,0,0,0,0,0,0,0,1
f1960a93-b293-40d6-9975-2999188f3c3a,0,0,0,1,0,0,0,0,0,0,0
f1abad27-b63c-4e57-9d66-3c051e93e18c,0,0,0,0,0,0,0,0,0,1,0
f1ad555e-804f-43ea-b283-92799b176f38,0,0,0,0,1,0,0,0,0,0,0
f1ada26f-4689-4b60-8e58-ebbed3f77f72,1,0,0,0,0,0,0,0,0,0,0
f1bb1eb5-228a-4c4e-8c44-1cc2dbce0f14,0,0,0,0,0,0,0,0,0,0,1
f1bbd363-66bf-490b-acf9-82a036241489,1,0,0,0,0,0,0,0,0,0,0
f1c9994e-99f3-45c2-8531-79b15e72e938,0,0,0,0,0,0,0,0,0,1,0
f1d03e57-a12a-4569-beaa-57e6c27a19b0,0,0,0,0,0,1,0,0,1,0,0
f1de1e7e-dda8-4655-b551-bf6a3a519d43,0,0,0,0,0,0,0,0,0,0,1
f1e2a4e8-94e6-468e-b6bf-cb1bb3499e57,0,0,0,0,0,0,0,0,0,0,1
f1f1098f-a1d0-49bb-85a0-7622017b33db,0,0,0,0,0,0,0,0,0,0,1
f1f977d9-2d6b-4d60-afe0-116426cd38ec,0,0,0,0,1,0,0,0,0,0,0
f1fc31dc-6a13-45bb-a7e4-6fbc59846db1,0,0,0,0,0,0,0,0,0,0,1
f20e4da4-2556-4302-bb14-6cde865fa41f,0,0,0,0,0,0,1,0,0,0,0
f21209a5-7dc4-4b94-94c0-237262682302,1,0,0,0,0,0,0,0,0,0,0
f21ac85f-d3f9-43d6-b9ed-b5ff60e46a3a,1,0,0,0,0,0,0,0,0,0,0
f21d5f25-a6bf-4208-9950-b1f14f19194f,0,0,0,0,0,0,0,0,0,1,0
f2221615-6a1f-4353-a952-0469c7680848,0,0,0,0,0,0,0,0,0,1,0
f2249a04-f586-420d-a4c5-156edfd877d5,0,0,0,0,0,0,0,0,1,0,0
f23691b0-1ab4-4e28-be62-fad2d74a480f,0,0,0,0,0,0,0,0,0,1,0
f237c5b7-d81e-40d8-9e9a-f1594ae1c3f6,0,1,0,0,0,0,0,0,0,0,0
f239ec51-9a02-44c6-b254-db94bc4b08da,0,0,0,1,0,0,0,0,0,0,0
f2406434-498c-4f32-ac1d-a82ad2121a3b,0,0,0,0,0,0,1,0,0,0,0
f24b8b76-0fae-49c6-bc66-3eca5b0441a0,0,1,0,0,0,0,0,0,0,0,0
f2547220-e98b-446f-abbb-8790c0cd9884,0,0,0,0,0,0,0,0,1,1,0
f255756f-df22-4755-844f-698544317486,0,0,0,0,0,0,0,0,1,0,0
f269e621-7757-401a-b59c-9acf5dcedb69,0,1,0,0,0,0,0,0,0,0,0
f26f73f8-ede2-4c1c-8b57-e2118186549b,0,0,0,0,0,0,0,0,0,1,0
f275a332-bc07-47d6-8d80-5a58616f9b1d,0,0,0,0,0,0,0,0,0,0,1
f286303d-a88a-4d8b-8022-0ad4bff02b53,0,0,0,0,0,0,0,0,0,0,1
f296d34c-54c7-4fc0-b5e9-d2476ee6b7a6,1,0,0,0,0,0,0,0,0,1,0
f2b87fd3-1490-4f2a-84b0-58a8716d3231,0,0,0,0,0,0,0,0,0,0,1
f2c51908-45da-42fe-911c-eb8e7c38864f,0,0,0,0,0,0,0,0,1,0,0
f2c71ee2-d079-4b26-81f5-71d085ce0d19,0,0,0,0,0,0,0,0,0,0,1
f2cb546d-083c-4c30-a4ff-539f358dcea5,0,0,0,0,0,0,0,0,0,0,1
f2d197d4-60ba-4e0b-911f-0207f34b4271,0,0,0,0,1,0,0,0,0,0,0
f2da55d7-1c2b-41de-8f3f-b770a17e6f99,0,0,0,0,1,0,0,0,0,0,0
f2f49ae3-02a2-4771-9993-15ea90f42c39,0,0,0,0,1,0,0,0,0,0,0
f2f51606-d1d8-4097-bc40-f14635aa65fa,0,0,0,1,0,0,0,0,0,0,0
f2f6d4e9-2681-459a-a82b-cc632493daf7,0,0,0,0,1,0,0,0,0,0,0
f2f9e8f4-adb9-41e7-a04e-e8aada7a754c,0,0,0,0,1,0,0,0,0,0,0
f3008830-024b-4803-a391-c1b62e7f3c47,0,0,0,0,0,0,0,0,0,0,1
f31113f5-de8d-45bf-b759-2fdb4daaf212,0,0,0,0,1,0,0,0,0,0,0
f31521fe-3f5a-4dea-a3db-a4e39938d9a9,0,0,0,1,0,0,0,0,0,0,0
f31b55fe-23ad-4773-98fd-e1e98d518596,0,0,0,0,1,0,0,0,0,0,0
f31ba5a0-8434-448d-aeae-26cd5bbdc134,0,0,0,0,0,0,0,0,0,0,1
f32a80b2-37ab-48b6-b151-2247f4498808,0,0,0,0,0,0,0,0,0,1,0
f337d849-cd12-4d92-82d3-203dfd42a5b9,0,0,0,0,1,0,0,0,0,0,0
f33a3f0c-87fb-4790-b6ca-c8095929fd6c,0,0,0,0,1,0,0,0,0,0,0
f34f5bff-2585-410d-bb01-d92b7c32683c,0,0,0,0,1,0,0,0,0,0,0
f359c3d1-86ec-4a68-97d4-6f0623090667,0,0,0,0,0,0,0,0,0,1,0
f35c9308-99af-4ac5-9c80-7598bd120de6,0,0,0,0,1,0,0,0,0,0,0
f36be81a-b995-47a5-945c-e716b15d46e0,0,0,0,0,1,0,0,0,0,0,0
f3752733-d13f-4d37-abb4-5be8e248564e,0,0,0,0,0,0,0,0,1,0,0
f3773114-fe1d-4740-b0b0-2ffda08b2dca,0,0,0,0,0,0,0,0,0,1,0
f3815f7e-a2c5-44b8-a5dd-1ae91ae581b9,0,0,0,0,0,0,0,0,1,0,0
f391f8a7-c13c-4818-9d06-0683151a37a3,0,0,0,0,0,0,0,0,1,0,0
f39c256a-0fc5-4de8-b97b-2bd61a3dcfea,0,1,0,0,0,0,0,0,0,0,0
f3ac0332-4037-4804-92a6-e6913f6d6e87,0,0,0,0,1,0,0,0,0,0,0
f3b2ee4f-d33a-46dc-80e1-7eb10f3eb981,0,0,0,0,0,0,0,0,0,1,0
f3bfd9ac-dabc-49ad-81c5-fb7daf035e6b,0,0,0,0,1,0,0,0,0,0,0
f3c466e5-917c-4332-92d0-e03f865cfda9,0,0,0,0,0,1,0,0,0,0,0
f3ea61cc-d4c5-4cec-9c7d-a21d06f6b795,0,0,0,0,0,0,1,0,0,0,0
f3f37141-d9ff-4fca-8b4a-49974cc1c0df,0,0,0,0,0,1,0,0,0,1,0
f4028a1f-9f5c-4cea-9ca6-f71e95d65cd0,0,0,0,0,1,0,0,0,0,0,0
f4063e79-1376-42e1-821f-3b9ab46c7259,0,0,0,0,1,0,0,0,0,0,0
f40a2e50-44ec-4ff6-add0-d74f0c94d03b,0,0,0,0,0,0,0,0,0,1,0
f40c1ed8-b62c-4a10-aeaa-c26d7688bef1,0,0,0,0,0,0,0,0,1,0,0
f40fd23a-1632-401f-b8b3-9fd254f851f9,0,1,0,0,0,0,0,0,0,0,0
f410fbfa-a011-4489-8ff9-13aba37c4c84,0,0,0,0,0,0,0,0,0,1,0
f416af67-34d5-4958-94b7-2b50a7e53ce4,0,0,0,0,1,0,0,0,0,0,0
f41cbfb2-05c6-4c69-98ff-729b34480d68,0,0,0,0,1,0,0,0,0,0,0
f43e95f3-d2b1-4644-959d-42bd128c6c9a,0,0,0,0,0,1,0,0,0,0,0
f44c745d-7326-47a9-bd59-5e5ad3794439,0,0,0,0,0,0,0,0,1,0,0
f44e41c7-a290-460a-83d4-078bd1eb7e2f,0,0,0,0,0,0,0,0,1,0,0
f44f07a9-48eb-4a0e-b651-2b8faa861930,0,0,0,0,0,0,0,0,0,1,0
f452cff9-ee27-495e-87cd-f259fa4dc9d7,1,0,0,0,0,0,0,0,0,0,0
f45873ba-448d-48ae-8cb6-ad39b5e86775,0,0,0,1,0,0,0,0,0,0,0
f4638c82-3808-44cd-81ad-b76d0d9819a8,0,0,0,0,0,0,0,0,0,1,0
f46516e6-5c9b-4d93-95c0-fa8232adc60d,0,0,0,1,0,0,0,0,0,0,0
f46d082a-20a9-4b45-bf23-c4a97299bf9b,1,0,0,0,0,0,0,0,0,0,0
f47d0e1a-2945-451f-83a6-7e5c598e2851,0,0,0,0,0,1,0,0,0,1,0
f491c43b-4566-488d-b011-ff7bcc7807aa,1,0,0,0,0,0,0,0,0,0,0
f4a310e8-731f-4462-997c-8d0a2cad08a7,0,0,0,0,0,0,0,0,0,1,0
f4aacf31-c7de-4238-b52d-090ad32fc871,0,0,0,1,0,0,0,0,0,0,0
f4ac8aa5-b09d-4b24-bfa3-56b5b2e4a6c7,0,0,0,0,0,1,0,0,0,0,0
f4b94b5b-3451-40db-90ce-2be3f0f849c4,0,0,0,0,0,0,0,0,0,0,1
f4c14d29-5487-4d80-bbed-1e7a174c73db,1,0,0,0,0,0,0,0,0,0,0
f4c38342-3a39-43af-b17b-8a3eea3e4cea,0,0,0,0,1,0,0,0,0,0,0
f4c3e065-d427-423e-8db5-c7daa19818b2,1,0,0,1,0,0,0,0,0,0,0
f4cd0934-a456-4ad0-9433-8e6963d1c396,0,0,0,0,1,0,0,0,0,0,0
f4d1ba75-b263-4440-8e2e-ed529da80f5b,0,0,0,0,1,0,0,0,0,0,0
f4d47c45-c9a5-4916-bda1-6d215e29cb1b,0,0,0,0,0,0,1,0,0,0,0
f4d6289c-a018-4dfb-9cb9-3e807bffbe56,0,0,0,0,1,0,0,0,0,0,0
f4d79a62-3322-4135-908c-041358ce3eeb,0,0,0,0,0,0,0,0,0,1,0
f4db4d27-73c8-46fc-8f55-f3962e28f3c6,0,0,0,0,1,0,0,0,0,0,0
f4de1027-f4e2-4ddc-bd52-ed48e594e03c,1,0,0,0,0,0,0,0,0,0,0
f4dee7bb-8d43-4ee4-a394-0e4b52e18d35,1,0,0,0,0,1,0,0,0,0,0
f4e07605-2590-493a-9267-6f18f81b0db1,0,0,0,0,0,0,0,0,0,1,0
f4e134ce-e18e-44c6-951f-e4be287b4ab1,0,0,0,1,0,0,0,0,0,0,0
f4ee607f-6414-4f02-87c6-bbf2e6f28146,0,0,0,0,1,0,0,0,0,0,0
f4f3dc05-26c2-4cc7-aa95-f37204dabb0a,0,0,0,0,1,0,0,0,0,0,0
f4faff4a-d335-4e83-8426-58e1a9d1e21d,0,0,0,0,0,0,0,0,0,1,0
f4fbe67c-4594-4f9f-ad00-4fa65b8df440,0,0,0,0,0,0,0,0,0,1,0
f5005aad-0b03-44ff-b73e-0ab42dc12398,0,0,0,0,0,0,0,0,0,1,0
f5038f5f-66e5-48fb-9315-f4866bf13c88,0,0,0,0,1,0,0,0,0,0,0
f50efaba-f1cd-48b8-85ad-9833e8c19301,0,1,0,0,1,0,0,0,0,0,0
f51a3214-9964-4c81-8b36-dc6d87d4bf15,0,0,0,0,1,0,0,0,0,0,0
f524a92e-09d2-4819-a237-2bfe51b4cae1,0,0,0,0,0,0,0,0,0,1,0
f52df970-02b5-4925-bef4-6513e052df43,0,0,0,0,0,0,0,0,0,0,1
f54766a2-ff10-4bcf-8e8e-370d138efe7d,0,0,0,0,0,0,1,0,0,0,0
f54cd279-21e0-4555-85de-509b11959478,1,0,0,0,0,0,0,0,0,0,0
f54ff605-0af3-4460-b19d-19bd9d8af0ae,0,1,0,0,1,0,1,0,0,0,0
f554d9b2-af52-42e2-bd32-eb20a6fb4c98,0,0,0,0,0,0,0,0,0,1,0
f558ec38-d0f3-4acd-a7c4-ca3e1b85b964,0,0,0,0,0,0,0,0,0,0,1
f5667762-058f-411f-b701-c41e276829d7,0,1,0,0,0,0,0,0,0,0,0
f5755814-f0e2-4d5d-b9ae-0cad03275cd0,0,0,0,0,1,1,0,0,0,0,0
f575e942-f242-430f-a908-a4f4d8348246,0,0,0,0,1,0,0,0,0,0,0
f57bca45-4d15-4911-8a9b-e0d641cffd7d,0,0,0,0,1,0,0,0,0,0,0
f588275f-0653-4568-87a9-ef7c4b0755a3,0,0,0,0,1,0,0,0,0,0,0
f588f79f-28f5-4ab8-a095-6b6e7f9a6b6d,0,0,0,0,1,0,0,0,0,0,0
f5893035-54dd-4409-8d1c-0d902b938b86,0,1,0,0,1,0,0,0,0,0,0
f58c69c8-49fb-42d6-a62e-49308c6faea9,0,0,0,0,0,0,0,0,0,1,0
f5950815-a348-4cf2-806f-e87c084c5605,0,0,0,0,0,0,0,0,0,0,1
f59c873f-bb5e-46b0-b008-4add4c9fec92,0,0,0,0,0,0,0,0,1,0,0
f5a93d22-47bb-4986-82e2-726564f0ae57,0,0,0,0,1,0,0,0,0,0,0
f5b68636-e9e7-4986-bafa-6124b14e6914,0,0,0,0,1,1,0,0,0,0,0
f5b68bf2-0a73-4f33-ac93-1a9e24f2e4ba,0,0,0,0,0,0,0,0,0,0,1
f5bb8609-c823-4785-bd8e-fa0281485ad7,0,0,0,0,0,0,0,0,1,0,0
f5c092e6-7c48-40d3-b655-0befee792048,0,0,0,0,1,0,0,0,0,0,0
f5c1f618-5217-494a-8c23-5bf352cb8996,0,0,0,0,1,0,0,0,0,0,0
f5c41e8d-8a91-47fd-91ad-9ec395a2f2b9,0,0,0,0,0,0,0,0,0,0,1
f5cdc1b2-a13c-42c4-9234-10d261989977,0,0,0,0,0,1,0,0,0,0,0
f5d247a3-07ee-4476-bf18-86ac537d8c3e,0,0,0,0,0,0,0,0,0,0,1
f5d82f6e-2dbe-46e9-8e23-cc342241d1ba,0,0,0,0,0,0,0,0,0,1,0
f5df5291-e685-4101-8fba-5cda871db686,0,0,0,0,0,0,0,0,0,0,1
f5ebf73d-9a41-4fbf-aff1-cd86a310c94f,0,0,0,0,0,0,0,0,0,0,1
f5f2b6ab-77cc-46c9-9c6c-bf4831c41118,1,1,0,0,1,0,0,0,0,0,0
f5f4ab4d-68bf-405b-8a8c-c9299cfe4caa,0,0,0,1,0,0,0,0,0,0,0
f5f95bd0-ef94-464a-93b5-275a4af4bb21,0,1,0,0,1,0,0,0,0,0,0
f60390e0-ee05-483b-9763-54c060601a9e,1,0,0,0,0,0,0,0,0,1,0
f607a71e-9530-4fb2-979e-38eec07dd409,1,0,0,0,0,0,0,0,0,0,0
f609e625-f8d3-42bb-8b53-b285190352d9,0,0,0,1,0,0,0,0,0,0,0
f624f8c9-e6b1-42a6-8555-23d565f4e2c1,0,0,0,0,0,1,0,0,0,0,0
f625d2da-86cf-4ef0-8e6c-86dad980cc20,1,0,0,0,0,0,0,0,1,0,0
f62f162c-9690-4b8b-91cf-03e99f66cfe0,0,0,0,0,1,0,0,0,0,0,0
f62fb66d-7f62-4fe3-ba62-fb83f0bce177,0,0,0,1,0,0,0,0,0,0,0
f630f3f1-f7d2-4515-86db-a566a26e6421,1,0,0,0,0,0,0,0,0,0,0
f631640a-1ecf-4137-8c64-44020646d58a,0,0,0,0,1,0,0,0,0,0,0
f6416006-14b5-40dd-9fbd-0d0f71e3dcf8,0,0,0,0,0,0,0,0,0,1,0
f644531a-5194-4231-8e3c-e95db00f7586,0,0,0,0,0,1,0,0,0,1,0
f6446059-2a3c-4c4c-a66a-4ff2180aef62,1,0,0,0,0,0,0,0,0,0,0
f6468302-45de-44a0-bc68-e7857292cf31,0,0,0,0,0,0,0,0,0,1,0
f658303a-fb61-4848-8f8b-befd6fed7bd5,0,1,0,0,1,0,0,0,0,0,0
f6638aef-2d43-40b2-9e13-0b38b91c2828,1,0,0,0,0,0,0,0,0,0,0
f66a63ab-4048-4046-bc27-99dca0566cea,0,0,0,0,0,0,0,0,0,1,0
f6738452-636b-467d-8fe2-8e5fd1f7424c,1,0,0,0,0,0,0,0,0,1,0
f6799387-c0ef-43e7-ba0f-df4dc9b06b6e,0,0,0,0,1,0,0,0,0,0,0
f67a0f4e-ac07-425a-a769-a95d632344a6,1,0,0,0,0,0,0,0,1,0,0
f68c7231-45fe-4ea5-b137-c11f8f628cc7,0,0,0,1,0,0,0,0,0,0,0
f6941748-f38c-4e88-b7e9-2ea47195a543,0,0,0,0,0,0,0,0,0,0,1
f6a03fab-3f88-4952-ae3e-8b905af237b7,0,0,0,0,1,0,0,0,0,0,0
f6a5f6e1-eebf-44cb-9823-7b01d44160f5,0,0,0,0,0,0,0,0,1,0,0
f6b25cbb-8d6f-429b-902a-68869434bd5c,0,0,0,0,1,0,0,0,0,0,0
f6b32ff7-f2f6-4d01-85d9-9f5288166868,0,0,0,0,0,0,0,0,0,1,0
f6b75f95-1b42-44cd-b408-04a61709c808,0,0,0,0,1,0,0,0,0,0,0
f6bf0717-d22d-4fa4-92cc-65fa76ffdff8,0,0,0,0,1,0,0,0,0,0,0
f6ce6f9f-0ccd-466a-8c08-f50a8f76aa30,1,0,0,0,0,0,0,0,0,0,0
f6da8364-f813-48e1-808c-10c9bd49a283,0,0,0,0,0,0,0,0,0,1,0
f6e4afa9-8f2b-4f9d-a4eb-acccbf194814,0,0,0,1,0,0,0,0,0,0,0
f6e6e8a0-8557-4255-8d7f-d01fa3c46ac6,0,0,0,0,1,0,0,0,0,0,0
f6eaa3ef-1491-408e-a7b0-ab89084ad8b8,0,0,0,0,1,0,0,0,0,0,0
f6ee119e-7948-46fb-a561-b92174385d26,0,0,0,0,1,0,0,0,0,0,0
f6ee2749-d8a3-4ae9-a535-a18571da343b,0,0,0,0,0,0,0,0,1,0,0
f6f3238e-df13-464f-8892-94b04dababf1,0,0,0,0,1,0,0,0,0,0,0
f6f3f317-2847-4940-9cc2-c3169748758b,1,0,0,0,0,0,0,0,0,0,0
f6f51ccf-9f00-477e-8494-36519289e4f1,0,0,0,0,1,0,0,0,0,0,0
f6fae1f4-423d-4aa0-b3ee-fff4083b6deb,0,0,0,0,0,0,0,0,1,0,0
f702233c-cc9c-43ba-94f2-acc448208e3f,0,0,0,0,0,0,0,0,0,0,1
f70daecc-83c0-4635-a9ef-8f34d55bf0cc,0,0,0,0,0,0,0,0,0,1,0
f7263789-f6f7-4036-baeb-d249194644ce,1,0,0,1,0,1,1,0,1,0,0
f72642de-ed77-460f-8305-14bdf535fae2,0,0,0,0,0,1,0,1,1,1,0
f7278422-26f5-42f0-a70a-6fc5853f0c5c,0,0,0,0,1,0,0,0,0,0,0
f73bccba-55b0-48e1-94e2-0b8a77e4ad55,0,0,0,0,0,0,0,0,0,0,1
f73f419d-7c9f-4710-91c0-812e323283b6,0,0,0,0,0,0,0,0,1,0,0
f74a2482-26fa-4a4b-a2bc-5bf929e8d7c1,0,0,0,1,0,0,0,0,0,0,0
f7559591-92c1-4a85-ba64-c1e19a8a2168,0,0,0,0,0,0,0,0,1,0,0
f7612576-f563-4605-b459-f96c986b5665,0,0,0,0,0,0,0,0,0,0,1
f7674ee4-ce2a-497c-ad34-0f9677393726,0,0,0,0,1,0,0,0,0,0,0
f769d12e-1bc7-4349-b354-08d44d50d694,0,0,0,1,0,0,0,0,0,0,0
f76b44a2-ff78-43a9-bdf7-e8a17f46909f,1,0,0,0,0,0,0,0,0,0,0
f7717b57-8a51-4439-b36f-2a909a344417,0,0,0,0,1,0,0,0,0,0,0
f7751123-a95c-46c4-a1c3-c70513bd39fe,0,1,0,0,0,0,0,0,0,0,0
f7774d26-bc5d-4895-9598-eeb4b1e2b40e,0,0,0,0,0,0,0,0,0,0,1
f77a6ff1-a035-4060-a8ea-dfaed2327102,0,0,0,0,0,0,0,0,0,0,1
f7a2cb6e-c354-4abf-8e15-96177ad65f55,0,0,0,1,0,0,0,0,0,0,0
f7a45381-cdb3-48bc-9c5d-25919e1d3247,0,0,0,0,0,0,1,0,0,0,0
f7aae14b-2c6b-4421-8aac-ad2570e3c22d,0,0,0,0,1,1,0,0,0,1,0
f7ac2669-d932-42e2-9c24-00fcf793548a,0,0,0,1,0,0,0,0,0,0,0
f7ad3a02-ef93-4ecb-bf48-f4e3656e0bff,0,0,0,1,0,0,0,0,0,0,0
f7ae7709-e4b8-402c-af1d-769f5b46b7c5,0,0,0,0,1,0,0,0,0,0,0
f7b87ca5-b035-4352-b3f1-b0454789077e,0,0,0,0,0,0,0,0,0,1,0
f7be77ba-4743-42de-be2e-d6691b2f8244,0,0,0,0,0,0,0,0,0,0,1
f7bec59f-0502-4333-a7d0-52a6def13242,0,0,0,0,1,0,0,0,0,0,0
f7c18f30-8708-406a-83c6-5bff19f66d84,0,0,0,0,1,0,0,0,0,0,0
f7ceafba-67ad-4cff-88b8-204878d321ab,1,0,0,0,0,0,0,0,0,0,0
f7d87d3a-ea8f-4ea3-8b73-ddfa4d3802bf,0,0,0,0,0,0,0,0,1,0,0
f7dab851-64c9-4bae-9c06-5c3f66a5c4e7,0,0,0,0,0,0,0,0,1,0,0
f7f07896-8546-4cd9-b443-b3665249ae69,1,0,0,0,0,0,0,0,0,0,0
f7f16750-fb4f-4df8-a11b-adbb59da832e,0,0,0,0,0,0,0,0,0,1,0
f7f9d01d-7f68-432a-8d7b-fc0c73155c87,0,0,0,0,1,0,0,0,0,0,0
f7f9ff17-3b50-43df-8ad1-04b6cd7ef79a,0,0,0,0,0,0,0,1,1,0,0
f7fcf625-bc34-43b6-9282-93541863138e,0,0,0,0,0,0,0,0,0,1,0
f7fe5357-3fdb-4fb2-8e57-83da0d7a494a,0,0,0,0,1,0,0,0,0,0,0
f802eaef-a15a-478c-9994-9933ab0fd952,0,0,0,0,0,0,0,0,0,0,1
f803c073-69b8-47b3-a602-2aa4abcd2763,0,0,0,0,0,0,0,0,0,0,1
f80f7b00-8844-46f4-b04c-62269d365dd0,1,0,0,0,0,0,0,0,0,0,0
f8134b2e-c41d-4416-9e16-374f16e9e56e,0,0,0,0,1,0,0,0,0,0,0
f82083de-9fbd-4e24-8382-6ca091d71bc9,0,0,0,1,0,0,0,0,0,0,0
f82dd69a-46e6-41c1-a65b-85c34cd563f3,0,0,0,0,0,0,0,0,0,0,1
f8306787-30b6-4b49-b6ee-bedba57bcbc2,0,0,0,1,0,0,0,0,0,0,0
f831f26a-f339-4475-a4a1-b28251983ae5,0,0,0,0,0,0,0,0,0,0,1
f838d5ea-e02f-4acc-9627-bd1c2ba31dee,0,0,0,1,0,0,0,0,0,0,0
f83be56b-4a8f-4f5d-a166-e9c1bd9bb418,0,0,0,0,0,0,1,0,0,0,0
f8461583-7589-4305-acf4-2282e0b1087e,0,0,0,0,1,0,1,0,0,0,0
f849fd0e-8e33-42f9-9849-5c2915df3320,0,0,0,0,1,0,0,0,0,0,0
f84a2f61-010c-4b52-a588-58aa313b4154,0,0,0,0,0,0,0,0,0,1,0
f84f1007-67ea-47fb-b270-d56e22adae44,0,0,0,1,0,0,0,0,0,0,0
f8515485-f48b-4403-8df0-eac495806127,0,0,0,1,0,0,0,0,0,0,0
f860f73e-465b-4383-b1c8-f2a48674a6ee,0,0,0,0,0,0,0,0,0,0,1
f86528ed-350d-4c0f-ba03-882fdf3eb0a3,0,0,0,1,0,0,0,0,0,0,0
f86b4b87-e278-46bd-a429-e01ba50d39ae,0,1,0,0,0,0,0,0,0,0,0
f86f7df6-e84c-4420-82c2-f997f977cc39,0,0,0,0,0,0,0,0,0,1,0
f87c984f-06af-40cb-ad6a-9ee2ca74ca5d,0,0,0,1,0,0,0,0,0,0,0
f87ccdce-5f13-4cc9-bfa2-832837c6a375,0,0,0,0,0,0,0,0,1,0,0
f87e8441-7684-4405-aa15-856bbca86cef,1,0,0,0,1,0,0,1,0,0,0
f87f4d76-03f2-4745-ae3e-6f7b0f7bbafd,0,0,0,0,0,0,1,0,0,0,0
f891f28e-7bdd-43b1-b915-de7d95908c5a,0,0,0,0,1,0,0,0,0,0,0
f8926bed-9358-4722-8dd2-1d0a4cabdba4,0,0,0,0,1,0,0,0,0,0,0
f899b041-5e2e-4ab1-9cd1-29bfb5a28270,1,0,0,0,0,0,0,0,0,0,0
f8a37a1f-b484-4e37-a10c-2887de088794,0,0,0,0,0,0,0,0,0,0,1
f8a7c9d4-f7dd-44bc-8c9b-49056cda57a2,0,0,0,0,0,0,0,0,1,0,0
f8a87709-43eb-4d9e-9e4c-1951f6ae0613,1,0,0,1,0,1,0,0,0,1,0
f8adfb36-b765-45e0-b36b-4fe5fdb9c7cf,0,0,0,0,0,0,0,0,0,1,0
f8af0c03-ea2e-4c34-b18b-32a7cbdb46e0,0,0,0,0,0,0,0,0,0,0,1
f8bb73a8-d25a-46ff-8fbf-e47a4ee57c2d,0,0,0,0,0,0,0,0,0,1,0
f8bcf945-f670-477c-87ee-1efa54142cd7,0,0,0,0,0,0,0,0,0,1,0
f8c84349-3e1b-4093-aaca-48e3d2351714,0,0,0,1,0,0,0,0,0,0,0
f8c8ba3d-9392-43f0-b839-f15dc46ac2c6,0,0,0,0,0,0,0,0,0,0,1
f8cbd923-c310-4560-babc-a21da8796503,1,0,0,1,0,0,0,0,0,0,0
f8d27490-4666-4be4-9209-da7ced0e8b09,0,0,0,0,0,0,0,0,0,1,0
f8d9c08d-3cff-4647-8656-13194ec6613b,0,0,0,0,0,0,1,1,0,0,0
f8db403a-0f6b-4bd5-b56d-b99cef5a8287,0,0,0,0,1,0,0,0,0,0,0
f8dbe073-d595-4ae3-8b2c-83e15d37505f,0,0,0,0,1,0,0,0,0,0,0
f8dd1e5f-36d8-4a13-9096-1c0c5c60bade,0,0,0,0,0,0,0,0,0,0,1
f8e17e63-21d3-4ff3-9a20-3b71a3aec906,0,0,0,0,0,0,1,0,0,0,0
f8e3e403-54a9-402a-a5d4-2f59d6ac2852,0,0,0,1,0,0,0,0,0,0,0
f8f3245c-3c02-44af-ac86-c0f2d27739e8,0,0,0,0,0,0,0,0,0,0,1
f906a6a7-6b21-427f-9104-575e3610cf95,0,0,0,0,1,0,0,0,0,0,0
f90f0c62-a0f1-411f-808b-a673a4f09682,0,0,1,1,0,1,1,0,0,1,0
f90fbc3a-49dd-40ff-a1fb-8d27df90c7b5,1,0,0,0,0,0,0,0,0,0,0
f9164099-ef98-4ad4-9c6c-a005b95cb24d,0,0,0,0,1,0,0,0,0,0,0
f92535ef-66b5-493f-a348-df5ba7add651,0,0,0,0,0,0,0,0,1,0,0
f928f4ca-34d7-41ab-8b76-8e816bf050a4,1,0,0,0,0,0,0,0,0,0,0
f93da900-8416-48ee-932c-40937556745e,0,0,0,0,0,1,0,0,0,0,0
f94b0553-a3dd-4b61-9bbf-6b804c913cfb,0,0,0,0,0,0,0,0,0,0,1
f952c6c2-ca60-4558-b5ac-af06842648c0,0,0,0,0,0,0,0,0,1,0,0
f96666e3-42c3-47f7-98e8-4362abd295d3,0,0,0,0,0,1,0,0,0,0,0
f97784e2-38b9-4158-86e7-85c171666fb1,0,0,0,0,0,0,0,0,0,0,1
f979b0c6-144a-47fa-9c9d-3a1a7b64977d,0,0,0,0,0,0,0,0,1,0,0
f97af29e-b274-4cee-8bca-ea55cd457512,0,0,0,0,0,0,0,0,0,0,1
f982225f-78a8-4606-bcec-74b5ee8cfbdf,0,0,0,0,0,0,1,0,0,0,0
f9869c86-759b-464f-bb58-6e1519c8d09b,0,0,0,0,0,0,0,0,0,1,0
f9975130-e8a8-446b-a165-889d2d6e29ac,0,0,0,0,1,0,0,0,0,0,0
f99c17f8-e24a-4d80-a441-7b5bf9ccc951,0,0,0,0,0,0,0,0,0,1,0
f99c8fc5-af94-4574-b6af-e743dabf8f00,0,0,0,0,1,0,0,0,0,0,0
f9a5640c-8827-41ca-a580-13bba16e2fb7,0,0,0,0,0,0,0,0,0,0,1
f9a759c2-18bf-4ee6-a127-da7257136bba,1,0,0,0,0,0,0,0,0,0,0
f9ad30f1-0cfc-492e-b805-5d4ab4beabed,0,0,0,0,0,0,0,0,1,0,0
f9ae55ba-1484-4866-9db4-729462331155,0,0,0,0,0,0,0,0,0,0,1
f9b2f5c3-e507-410c-819c-299ba50a119f,0,0,0,0,0,0,0,0,0,0,1
f9b7ce18-c87e-4308-bd7e-bebc23995426,0,0,0,1,0,0,0,0,0,0,0
f9bc4658-aee3-4fdc-b4b5-124156d1849e,0,0,0,0,1,0,0,0,0,0,0
f9cbe185-e353-4f64-b70a-63d6907a08b5,0,0,0,0,0,0,0,0,0,1,0
f9cc4b1c-cfb7-4ffd-86fb-44269711876b,0,0,0,0,1,0,0,0,0,0,0
f9d1f228-ee5d-4c4f-bc25-f921359a226a,0,0,0,0,1,0,0,0,0,0,0
f9d52cf5-6fc7-4a2d-8969-74542eb7fa33,0,1,0,0,0,0,0,0,0,0,0
f9dcdfee-1a20-4357-bfa3-b01962adcb09,0,0,0,0,0,0,0,0,1,0,0
f9dd7fd8-bda7-4fb6-ab3a-d1760f288810,0,0,0,0,0,0,0,0,0,0,1
f9ec7b9c-e337-401a-b8bf-752880357d5c,0,0,0,0,1,0,0,0,0,0,0
f9f8dd64-5fed-40de-b97f-58373946f54c,0,0,0,0,0,0,0,0,0,0,1
f9faea6e-9a85-455f-b8e4-2934f9b3157d,1,0,0,0,0,0,0,0,0,0,0
f9fe2a69-b83b-4995-8e67-3693c754965a,0,0,0,0,0,0,0,0,0,0,1
fa07e179-4c7e-4bf2-9274-68b4b24079ed,0,0,0,0,0,1,0,0,0,1,0
fa0a6b2d-4508-4170-87b2-dfdb0a9dd81f,0,0,0,0,0,0,0,0,0,1,0
fa16de41-ef47-47a6-9864-fa94421c9cd3,0,0,0,0,0,0,0,0,0,1,0
fa19347f-8d2e-4f1d-b254-ae6372260c5a,0,0,0,0,0,0,0,0,0,1,0
fa2283db-c6d7-4a95-98e7-dd23ca2c05c2,0,1,0,0,0,0,0,0,0,0,0
fa228658-9a84-40ae-9f23-db0a09d78834,0,0,0,0,0,0,0,0,0,1,0
fa243935-7115-4bb5-8059-e792e5297d22,0,0,0,1,0,0,1,1,0,0,0
fa2bba7c-3947-4523-bb0e-33dd1cc9afe9,0,0,0,0,0,0,0,0,1,0,0
fa4fcf9f-97b7-41b8-a716-a4e9e0b14cb8,0,0,0,0,0,1,0,0,0,0,0
fa55563e-c086-4cde-b18c-4378ff2ec489,0,0,0,0,1,0,0,0,0,0,0
fa57d58d-dbb4-41da-8cd6-b3e540ff275f,0,0,0,1,0,1,0,0,0,1,0
fa58ace2-96dd-4bf7-a3f3-d913b1508bad,0,0,0,0,1,0,0,0,0,0,0
fa648bb2-d9fd-4517-8581-64bd8f59981c,0,0,0,0,0,0,0,0,0,1,0
fa75fb37-1e31-4a8f-844d-f052ad882576,0,0,0,0,0,0,0,0,0,0,1
fa767885-cf7f-4f28-9c16-036d514d3736,0,0,0,0,0,0,0,0,1,0,0
fa7e3d61-4eb8-4322-9667-f0074d77ae82,1,0,0,0,0,0,0,0,0,0,0
fa83b228-46e9-4822-aa1a-6c372add36bf,0,0,0,1,0,0,0,0,0,0,0
faa4fc95-8f0d-4552-92b5-345ccbbdf8d5,0,0,0,0,0,0,0,0,1,0,0
fab7e6e5-571a-43de-a0f9-2c80578097ec,0,0,0,0,0,0,1,0,0,0,0
fabc3ec1-7fd8-428b-8f7c-3901dbb5c8ca,1,0,0,0,0,1,0,0,0,0,0
fabdb9ba-730e-4bb5-a548-9cb363f052ba,1,0,0,0,0,0,0,0,0,0,0
fac13225-93f8-4da6-b152-90bc433a7974,0,0,0,0,0,1,0,0,0,0,0
fac84b64-694b-4228-9222-843de73cb875,0,0,0,1,0,0,0,0,0,0,0
fac8d562-b7ba-45b0-bec8-361fd2ff175a,0,0,0,0,0,0,0,0,0,0,1
facf3504-7798-4f4b-b689-0bf20cc667ee,0,0,0,0,0,0,0,0,0,1,0
facfa0d4-6da9-46a1-9510-1c0558ecf896,0,0,0,1,0,0,0,0,0,0,0
facfd662-c425-47fb-bbc9-7794fb0837f8,1,0,0,0,0,0,0,0,0,0,0
fad2da7b-5d44-474e-a99d-78e84936529b,1,0,0,0,0,0,0,0,0,0,0
fadeeabb-bb89-4447-be1b-5107f01c8896,0,0,0,0,1,0,0,0,0,0,0
fae0885f-87e9-4d81-bb85-2c28f4629999,0,0,0,0,1,0,0,0,0,0,0
fae20e9b-055a-4908-b80c-d32ad7df6071,0,0,0,0,0,1,0,0,0,1,0
fae5d552-daa7-4b2a-8448-ff23f6975e5f,0,0,0,0,0,0,0,0,0,0,1
fae72139-5f3f-4d37-8feb-434b7ea73f5c,0,0,0,0,0,0,0,0,0,1,0
faeb023d-bdf1-4b0b-b1af-d08ce46001f0,0,0,0,0,0,0,0,0,0,0,1
faf1d656-07c7-4606-b2ca-b437abcda93f,1,0,0,0,0,1,0,0,0,1,0
faf584fe-d1e1-403e-8bd3-f9fbfaca43a5,0,0,0,0,0,0,0,0,0,1,0
fafab61e-11a9-4cbc-bca7-b2deb2fca540,0,0,0,0,0,0,0,0,0,0,1
fafe9367-8aea-4181-bd4b-8a31b89d31c0,0,0,0,0,1,0,0,0,0,0,0
fb046a37-aa83-4184-a08e-4085e9e069aa,0,0,0,0,1,0,0,0,0,0,0
fb082d01-c7a8-4c87-9ccf-df1aa0f84aa2,0,0,0,0,1,0,0,0,0,0,0
fb0b63dc-55ce-48d7-8457-56d7356cc21d,0,0,0,0,0,0,0,0,0,0,1
fb10385c-c5e8-434e-b316-8f1acdd6fbfe,0,0,0,1,0,0,0,0,0,1,0
fb15d226-71ee-4483-8351-0d6d31dfb92f,0,0,0,0,0,0,0,0,0,1,0
fb1e3c81-9b93-416a-a39c-98f825307066,0,0,0,0,0,0,0,0,0,0,1
fb1ed50f-907f-48f1-8d10-ab8a003c28a9,0,1,0,0,0,0,0,0,0,0,0
fb2036a8-3f67-4fc4-87aa-cdca67ff12d0,0,0,0,0,0,0,1,0,0,0,0
fb2c5186-3ccd-4f60-9297-c89d06ea7857,0,0,0,1,0,0,0,0,0,1,0
fb300760-4be6-474e-b1d7-aba1ef28ba5f,0,0,0,0,0,0,1,0,0,0,0
fb37003a-ea1a-4b1e-854d-4b89019ee4a8,0,0,0,0,0,0,0,0,0,0,1
fb3b6092-11d9-4417-aa49-bfeed4fc6d71,0,0,0,0,1,0,0,0,0,0,0
fb50c318-60d9-449a-a03c-d41a6800cbe2,0,0,0,0,0,0,0,0,0,1,0
fb5ba2d1-fcb1-45df-8f01-469d061f95c5,0,0,0,0,0,0,0,0,0,0,1
fb5d47c3-5576-47bc-81ec-9a6fc31569d6,0,0,0,0,0,0,0,0,0,0,1
fb5dffc9-6cd0-41ec-aad5-5851c188bec0,0,0,0,0,0,0,0,0,0,0,1
fb6d3d56-ca0f-45fb-9ccd-0b9fed8890c6,0,0,0,0,0,0,0,0,0,1,0
fb84c4df-0de3-425d-8d05-df0b6f10a9c2,0,0,0,0,0,0,0,0,0,0,1
fb8caa4c-abaa-4405-84f6-af2124ae610f,0,0,0,0,1,0,0,0,0,0,0
fb921586-455c-49eb-97df-bac13f89b71d,0,0,0,0,1,0,0,0,0,0,0
fb97a937-b4df-499e-bfa8-70ea4cbe2163,0,0,0,0,0,0,0,0,0,0,1
fb9fe21a-d52a-4918-917c-6b1b5f647a7a,0,0,0,0,0,0,0,0,0,0,1
fba32ec6-3a9f-4e35-a364-c8c82664080b,0,0,0,1,0,0,0,0,0,0,0
fba438cc-6a2c-4258-8bab-dde3e02d39a0,0,0,0,0,0,0,0,0,0,1,0
fba6a72b-37e0-4631-8f3f-db5c254a8059,0,0,0,1,0,0,0,0,0,0,0
fba8e653-1c9e-4bcb-be6b-a9ed532e5328,0,0,0,0,0,0,0,0,0,0,1
fbad25f7-cf75-4560-aed4-85a7d98a7104,0,0,0,0,0,0,0,0,0,0,1
fbb930dd-08a8-4328-b43d-285c23f94128,1,0,0,0,0,0,0,0,0,0,0
fbbcf768-27e7-4170-825e-30e2b0e4c78f,0,0,0,0,0,0,0,0,1,0,0
fbc9496d-5fb3-440b-9efa-bbdeda5576e3,1,0,0,0,1,0,0,0,0,0,0
fbcad4cd-c218-4ec9-83f1-f90bb5dccee7,0,0,0,0,0,0,0,0,0,0,1
fbd3f2f6-ee35-4bac-b779-e8a205ca94fc,0,0,0,0,1,0,0,0,0,0,0
fbec350f-de99-4c6f-a8ea-924e1241ff7c,0,0,0,0,1,0,0,0,0,0,0
fbece8eb-371f-4436-b2cd-5e9b45a3246d,0,0,0,0,0,0,0,0,0,0,1
fbf60084-fe59-4b72-a272-3ee59dfbf629,0,0,0,0,1,0,0,0,0,0,0
fbf82b95-12a9-471f-96a9-511e71d2d047,0,0,0,0,0,1,0,0,0,0,0
fc006d45-9e00-4e36-9278-b8b9db566850,0,0,0,1,0,0,0,0,0,0,0
fc017342-4654-4568-8a3b-036ce82a99df,0,0,0,1,0,0,0,0,1,0,0
fc0363fe-0ec6-4be2-8a88-146c6dfbca04,0,1,0,0,0,0,0,0,0,0,0
fc050a98-9776-4c48-9a36-772568d63b27,0,0,0,0,0,0,0,0,0,0,1
fc07e2bf-de2c-429c-81cf-b7c66175fb4d,0,0,0,1,0,0,0,0,0,0,0
fc0f2c2a-857d-4627-a694-49733605e305,0,0,1,0,1,0,0,0,1,0,0
fc12690d-63bb-42b9-a887-4c09418f1c80,1,0,0,0,0,0,0,0,0,0,0
fc192e26-cd3b-464e-bab7-c070f0c58b27,0,0,0,0,0,0,0,0,1,0,0
fc1c9d3a-40df-4f67-94b0-8a3ec84f6542,1,0,0,0,0,0,0,0,0,0,0
fc23260b-26f7-4772-804a-59e2b61df305,0,0,0,1,0,0,0,0,0,0,0
fc2e8983-b7fb-4176-8aa9-cc9df9e0728d,0,0,0,0,1,0,0,0,0,0,0
fc3336df-03ac-4ef6-9dfb-0e28ffecd03f,0,0,0,0,0,0,0,0,0,0,1
fc34c816-5f1c-47c0-a8e5-d6753f2693f6,1,0,0,0,0,0,0,0,0,0,0
fc35e18c-ea8f-46bf-8745-dd675d6d89d3,0,0,0,0,1,0,0,0,0,0,0
fc421405-669e-4c1d-a6e4-f6d4c4386724,0,0,0,0,0,0,1,0,0,0,0
fc45d183-cdca-4229-86ef-669b7c0fd94d,0,0,0,0,0,0,0,0,0,1,0
fc48d4d4-bd12-4399-89b7-1d615290105b,0,0,0,1,0,0,0,0,0,0,0
fc4e6187-1674-4580-a9f1-7fe27d9b1f13,0,0,0,0,0,0,0,0,0,0,1
fc4f2333-423c-4310-9a9f-cbd3c28e3274,0,0,0,0,0,0,0,0,1,0,0
fc506f75-1a1e-4fbe-a3b9-6202f144ab68,0,0,0,1,0,0,0,0,0,0,0
fc51a3bf-ef52-4505-8e76-2654ddfef1b0,0,0,0,0,0,0,0,0,0,1,0
fc52b05d-ddc5-452d-9ca6-f704d52c9d8a,1,0,0,1,0,0,0,0,0,0,0
fc533194-9d3d-4679-9744-d283b41e7100,0,0,0,0,0,0,0,0,1,0,0
fc567f00-6650-411c-9c77-f3ef4d4c9189,0,0,0,0,0,0,0,0,0,1,0
fc5b9e3e-1aa9-43f3-b990-4ff41f0ecc1e,0,0,0,0,0,0,0,0,0,1,0
fc63314c-8e4c-479f-8636-92d16612c882,0,0,1,0,0,0,0,0,0,0,0
fc66de7a-a3f5-4e8d-97a6-1f42f4be618b,0,0,0,0,0,0,0,0,0,0,1
fc69d567-7cfb-4ebe-8b3f-44c4b38f8b78,0,0,0,0,0,0,0,0,0,0,1
fc6b0e87-d468-4ea7-b123-fa11f3e99282,0,0,0,1,0,0,0,0,0,0,0
fc6fdc3e-8d6b-4957-a173-705bfdbf01d8,1,0,0,0,0,0,0,0,1,0,0
fc723354-b5a6-4a2e-b92e-1b2e7cbb62e0,0,1,0,1,0,0,0,0,0,0,0
fc76d7a7-721a-449a-82a8-1465ddec727b,0,0,0,1,0,0,0,0,0,0,0
fc841e28-7266-40c5-a8b6-3d3179bb825f,0,0,0,0,0,0,0,0,0,1,0
fc906700-6f32-4386-b73e-741d6b6da87a,0,0,0,1,0,0,0,0,0,0,0
fca3d9dd-aa30-4ba1-8d77-f97a67bc2d32,0,0,0,0,0,0,0,0,0,0,1
fca7def9-3688-44b0-9391-f2f0e16a8265,1,0,0,0,0,0,0,0,0,0,0
fcb52bf9-fdfe-4336-9009-5ec5e2652d07,0,0,0,0,1,0,0,0,0,0,0
fcbefc1e-9582-441e-a520-097a2a2b12a6,0,0,0,0,0,0,0,0,0,1,0
fcbf4cda-c1c8-48d0-87a1-6b242802f18b,0,0,0,0,0,0,0,0,1,0,0
fcc17d1b-7315-4bb9-9917-cafd951e7f38,0,0,0,0,0,0,1,0,0,0,0
fcd59d57-8a21-42da-a4ff-c6fd11835ec5,0,0,0,0,1,0,0,0,0,0,0
fcdcd8e8-a8d3-4cd5-9c5c-a8660c12eba2,1,0,0,0,0,0,0,0,0,0,0
fce54b51-2e13-4324-9a05-15af27798ee2,1,0,0,0,0,1,0,0,1,0,0
fcf1076a-9927-4d7d-b2a7-110f843298c2,0,0,0,0,0,0,0,0,0,0,1
fcf8030d-eacd-4118-a66d-8af1a1fbc4db,0,0,0,0,0,0,0,0,0,1,0
fcff5736-9740-42ef-bfe1-ba3db4ce7687,1,0,0,1,0,0,0,0,0,0,0
fd093036-f735-43fb-970c-a5590f0b62b5,0,0,0,0,0,0,0,0,0,0,1
fd0bb0df-fb45-413e-a4e6-52880f50e586,1,0,0,0,0,0,0,0,0,0,0
fd0c2722-cff9-4d67-be22-16b3c05f53e9,1,0,0,0,0,0,0,0,0,0,0
fd0e0a67-1f66-4401-95b4-119265e0f95e,0,0,0,0,0,1,0,0,0,1,0
fd1f3909-2987-422d-8dc3-ded3a6afb29a,0,0,0,0,1,0,0,0,0,0,0
fd2ff980-1762-40a3-b4a7-a64f8685f094,0,0,0,1,0,0,1,0,0,0,0
fd3d6cca-cabe-4639-ada9-eb6540f88968,1,0,0,0,0,0,0,0,0,1,0
fd42a8b9-5655-4139-8d6c-d0b0bd61e817,0,1,0,0,0,0,0,0,0,0,0
fd5ca0cc-dad4-4185-89fd-aa6388fd2d00,1,0,0,0,0,0,0,0,0,0,0
fd758d3d-436f-4e1d-9467-c4543392ca5d,0,0,0,0,0,0,0,0,0,1,0
fd77b177-37ff-4abe-9c2d-50314f84db8f,0,0,0,0,0,0,0,0,0,1,0
fd7b81b3-b11f-4952-80e3-bed73d0c27e6,0,0,0,0,0,0,0,0,0,0,1
fd9e8b3b-f8e6-4c44-9ea3-95f4a1e20182,0,0,0,0,1,0,0,0,0,0,0
fd9f785c-af82-4f16-9005-9056f94853dd,0,0,0,0,0,0,0,0,0,0,1
fda3ffa7-448f-422b-8746-014d20787a06,0,0,0,0,0,0,0,0,0,1,0
fda48f34-aac3-499b-956f-19d59f7082e4,1,0,0,0,0,0,0,0,0,0,0
fda5d74d-a52f-4ca4-b9b4-3a02f4d89ac6,0,0,0,0,0,0,0,0,0,0,1
fda9394a-3471-4d05-a413-b8740c358590,0,0,0,0,0,0,1,0,1,0,0
fdb3b909-1fe1-43e5-b9ec-67424f325aea,0,0,0,0,0,1,0,0,0,0,0
fdc38ff8-6d48-4902-b923-df30311ab01b,1,0,0,0,0,0,0,0,0,0,0
fdc6c82e-b661-46d1-bc7c-16135c690071,0,0,0,0,0,0,0,0,0,0,1
fdcad0da-a14f-41c8-9065-664d3cf39ecc,0,0,0,1,0,0,0,0,0,0,0
fdd0f5cf-9289-420e-b376-e76b95fb86bc,1,0,0,0,0,0,0,0,0,0,0
fdd55241-10c0-4d9d-a9fd-a246f39b81c1,0,0,0,0,1,0,0,0,0,0,0
fdec8ab8-44f2-4dee-9566-a0d08e83f84c,0,0,0,0,1,0,0,0,0,0,0
fdf1ee83-5a86-46d1-9292-f6ca0fb13b4f,0,0,0,0,1,0,0,0,0,0,0
fdf1f25f-da1d-4489-84b1-c27b59c8c511,0,0,0,0,1,0,0,0,0,0,0
fdf3b9e6-460d-4cf8-bcf0-2f8b698edefd,0,0,0,0,0,0,0,0,0,1,0
fdf9c7ad-ec65-4fe8-b5b8-7b23c66e9c1b,0,0,0,0,0,0,0,0,0,0,1
fe0440bb-5231-4be8-b02a-95f3e4cdd5cc,0,0,0,0,1,0,0,0,0,0,0
fe095a90-4168-40fe-bc1d-aac638b72d65,0,0,0,0,0,0,0,0,1,0,0
fe0c0be9-cdce-4ea0-b53e-1a6a4b95d0c5,0,0,0,0,1,0,0,0,0,0,0
fe19559b-1c10-448f-9e39-cda80172e166,0,1,0,0,1,0,0,0,0,0,0
fe1d5459-e17a-4db7-aa71-49c1ae7af1f9,0,0,0,1,0,0,0,0,0,0,0
fe206004-d900-4a71-9cfe-498041c960c2,0,0,0,0,0,0,0,0,0,1,0
fe2bf851-d668-413d-826a-c5effb5be9a6,0,0,0,0,0,1,0,0,0,0,0
fe3934a9-aa9d-4679-ab6e-44d18b7687ee,0,0,0,1,0,0,0,0,0,0,0
fe3976c7-d26d-4c21-adba-02b59a151167,1,0,0,0,0,0,0,0,0,0,0
fe3b68ae-bdba-4dcc-98f4-efa7e13f4ca7,0,0,0,0,1,0,0,0,0,0,0
fe44c893-b384-41f6-af8e-ab5f76517b2d,0,0,0,0,0,0,0,0,0,0,1
fe47b70d-128c-41d3-a175-f728c9130e9b,1,0,0,0,0,0,0,0,0,0,0
fe4ea872-5a72-49e9-ad1e-c639a0f73836,0,0,0,0,0,0,0,0,0,1,0
fe570bd3-3c40-4ac8-b916-c408712e60e6,0,0,0,0,0,0,0,0,0,0,1
fe5d0920-07af-4c45-a639-cb7b1c88b61c,0,0,0,1,0,0,0,0,0,0,0
fe5da306-68e0-4e0d-a6ba-a00133470007,0,0,0,0,0,0,0,0,0,0,1
fe5dbe35-a74d-4860-bdf9-b3142bde083e,0,0,0,0,1,0,0,0,0,0,0
fe65612b-0117-4033-84f0-a19c1bd714e1,0,0,0,0,0,0,0,0,0,0,1
fe667520-da14-44c5-86fb-6864d34f3abd,0,0,0,0,1,0,0,0,0,0,0
fe66eac2-d2f7-4d33-8774-5c4689d0e723,0,0,0,0,0,1,0,1,0,0,0
fe7345ba-be41-4cfd-9af0-8a259cfb6bb2,0,0,0,1,0,0,0,0,0,0,0
fe8b4753-f691-4665-b126-bbcec05e2fc5,0,0,0,0,0,0,0,0,0,0,1
fe92a81d-4111-4d55-830b-2eff62718a74,0,0,0,0,0,0,0,0,0,0,1
fe9e0671-baad-42bb-b938-b2cb57ac6457,0,0,0,0,0,0,0,0,0,1,0
fea8dca0-32a1-4a92-983c-7e70a5aebcc8,0,0,0,1,0,0,0,0,0,0,0
feac1427-44b2-48aa-9579-a12779543f25,0,1,0,0,0,0,0,0,0,0,0
feafb7df-6a04-4bbd-8e72-4c3e97355018,0,0,0,0,1,0,0,0,0,0,0
feb30cf1-f923-4af0-baf1-208b5899132f,0,0,0,0,0,0,0,0,0,0,1
febbc8d0-da58-44d7-af70-a8830b3ea1bd,0,0,0,0,0,0,0,0,1,0,0
fec3a0b7-03b8-4320-8411-4a0819246cde,0,0,0,0,0,0,0,0,0,1,0
fec8a832-7d6a-468d-bed7-096382589715,0,1,0,0,0,0,0,0,0,0,0
fed53a3a-7c4b-42ab-8b8c-2768d4e36922,0,0,0,0,0,0,0,0,0,1,0
fedf5698-fc76-4e5a-874a-cc4675c36994,0,0,0,0,0,0,0,0,0,0,1
fedf70ed-ec7d-4d40-9fa5-3152b44ed661,0,0,0,0,0,0,0,0,1,0,0
fee0c431-f811-417d-8823-330765aa7fac,0,0,0,0,0,0,0,0,0,1,0
feefba93-91d4-436e-a5b1-79b5677894ff,1,0,0,0,0,0,0,0,0,0,0
fef57e66-87af-405f-b65a-93fa06255413,0,0,0,1,0,0,0,0,0,0,0
fef9d8ba-692d-45a3-8574-ffe42fea3cc1,0,0,0,0,0,0,0,0,0,0,1
fefb71e8-8d45-4ede-a0ec-69e5dc2df1fb,0,0,0,0,0,0,0,0,0,0,1
fefd918e-989f-4cf9-919c-d96c20a791db,0,0,0,0,0,0,0,0,0,1,0
feffad6f-c728-4f4a-b38c-23f9713fbc2a,0,0,0,0,0,0,0,0,0,1,0
ff002809-feb7-4e7f-9300-0c1f4ecd3588,0,0,0,0,1,0,0,0,0,0,0
ff0d85d5-d529-4a4c-adce-330164d63613,1,0,0,0,0,0,0,0,0,0,0
ff1e37da-77ca-4ae3-8a57-ba66818b9e70,0,0,0,0,0,0,0,0,0,1,0
ff26c979-e362-44d6-9621-f84f4d00bf51,0,0,0,1,0,0,0,0,0,0,0
ff2b0be8-20ed-4d3c-a53e-95cf9b30b6f0,1,0,0,0,0,0,0,0,0,0,0
ff43950d-5e83-4a58-a54e-1a23d3afbed5,0,0,0,0,1,0,0,0,0,0,0
ff5d973a-4f6b-4206-b4be-fa5d7bc9e897,0,0,0,0,0,0,0,0,0,1,0
ff5db22c-0431-4395-956f-eacee767bba0,0,0,0,0,1,0,0,0,0,0,0
ff5debef-5031-4207-bfe0-82f9d7059f0d,0,0,0,0,1,0,0,0,0,0,0
ff6557cd-82b7-45c2-aa81-f2373f593980,0,1,0,0,0,0,0,0,0,1,0
ff6dc455-940d-4c03-80bd-6fcd4cb7b6ed,0,0,0,0,0,0,0,0,0,1,0
ff71ca3e-28d8-480e-b69a-b7e483847a83,0,0,0,0,1,0,0,0,0,0,0
ff751d62-b582-4ca4-9b0d-f07267e05e50,0,0,0,0,0,0,0,0,0,0,1
ff84dfbd-3f7b-4c0b-92bb-cc352c926032,0,0,0,0,0,0,0,0,1,0,0
ff964d28-6ec2-493a-bb4a-e4004ed8a9b3,0,0,0,0,0,0,0,0,0,1,0
ff9e5034-1f3e-4027-8d2d-e722101add49,0,0,0,0,0,0,1,0,0,0,0
ffbffbe2-b86c-41e4-a7a2-4a70f7d5ccfc,0,0,0,0,1,0,0,0,0,0,0
ffc05e5b-f5c7-47b3-b199-08bde7ab961f,0,0,0,0,0,0,0,0,0,0,1
ffd230a7-bd64-45e9-ac90-c06a12f81077,0,0,0,0,1,0,0,0,0,0,0
ffda9c59-81ee-4d01-9328-fe250459e11b,1,0,0,0,0,0,0,0,0,0,0
ffddfed0-2ba7-4a17-b032-b741bbf8ba90,0,0,0,0,0,0,0,0,0,1,0
ffe07546-f3cd-48d3-8e6e-ed6dc3a89008,0,0,0,0,1,0,0,0,0,0,0
ffe4f352-ec88-4c2f-bd35-bcbd9663433a,0,0,0,1,0,0,0,0,0,0,0
ffe7df00-0d27-44e8-95d7-dc2bb6775a73,0,0,0,0,0,0,0,0,0,1,0
ffe9ce49-00b3-4df8-b238-d784e72df8fb,0,0,0,0,0,0,0,0,0,1,0
fffa25b8-ee90-438d-996d-71a5a9f9166f,0,0,0,0,1,0,0,0,0,0,0
